{"type":"FeatureCollection","name":"Ferrera_Erbognone_tratte","crs":{"type":"name","properties":{"name":"urn:ogc:def:crs:OGC:1.3:CRS84"}},"features":[{"type":"Feature","properties":{"name":"SCAVO","folders":"A","description":"Ferrera Erbognone – Path A (Yellow) – Tratta 1 | 46811 m | PROTOCOLLATO","altitude":0.0,"alt_mode":"","time_begin":"","time_end":"","time_when":"","Lunghezza":46810.75,"LOTTO":"FERRERA_ERBOGNONE","CLUSTER":1,"PATH_ID":"A","TRATTA_ID":"A-01","STATO_LEGENDA":"PROTOCOLLATO","STATO_AUTORIZZAZIONE":"PROTOCOLLATO","LUNGHEZZA":46810.75,"COMUNE":"Zelo Buon Persico","PRATICA":"","TIPOLOGIA":"Scavo tradizionale","ENTE":"Comune di Zelo Buon Persico","ENTE_TIPO":"Irrigation Consortia"},"geometry":{"type":"MultiLineString","coordinates":[[[9.029057503714768,45.44310960108645,0.0],[9.029164467939646,45.44311758328407,0.0],[9.02950483111419,45.44307378205973,0.0],[9.030402193058562,45.44297863725955,0.0],[9.03134679484673,45.44296681867849,0.0],[9.032517062651472,45.4430699291299,0.0],[9.034063087766942,45.44326424180429,0.0],[9.035802398405437,45.44351639865552,0.0],[9.0369974121957,45.44370264222056,0.0],[9.038128579320848,45.44384194879205,0.0],[9.03882565447249,45.443994051094,0.0],[9.03940428888883,45.44414148564037,0.0],[9.039777918052518,45.44444591535933,0.0],[9.040067367270412,45.44473108899329,0.0],[9.041130854943498,45.44480571974307,0.0],[9.04559290980028,45.4480286941016,0.0],[9.046378109353157,45.44906266767951,0.0],[9.047047629571143,45.4504827005413,0.0],[9.0472366952202,45.45076445982325,0.0],[9.047336650936204,45.45144857139778,0.0],[9.047012735003667,45.45148507567854,0.0],[9.04665001444306,45.45151320408876,0.0],[9.046511143986667,45.45175208034024,0.0],[8.87176741105954,45.30397163109664,0.0],[8.871907340872019,45.30403717358271,0.0],[8.872211815403325,45.3039604653654,0.0],[8.873619371703361,45.3053345330224,0.0],[8.860701403423072,45.1008982530012,0.0],[8.860661461368668,45.10082687869851,0.0],[8.859730228126569,45.10112881835656,0.0],[8.859722140813451,45.1011284754661,0.0],[8.859643941184759,45.10114762935575,0.0],[8.859694855386952,45.10124872382769,0.0],[8.860796343881747,45.10364421068981,0.0],[8.861279208627854,45.10447291487904,0.0]]]}},{"type":"Feature","properties":{"name":"SCAVO","folders":"A","description":"Ferrera Erbognone – Path A (Yellow) – Tratta 2 | 882 m | OTTENUTO","altitude":0.0,"alt_mode":"","time_begin":"","time_end":"","time_when":"","Lunghezza":882.34,"LOTTO":"FERRERA_ERBOGNONE","CLUSTER":2,"PATH_ID":"A","TRATTA_ID":"A-02","STATO_LEGENDA":"OTTENUTO","STATO_AUTORIZZAZIONE":"OTTENUTO","LUNGHEZZA":882.34,"COMUNE":"Vidigulfo","PRATICA":"AUT/FEA-001","TIPOLOGIA":"Scavo tradizionale","ENTE":"Comune di Vidigulfo","ENTE_TIPO":"Railway","STATO_NULLAOSTA":"OTTENUTO"},"geometry":{"type":"MultiLineString","coordinates":[[[8.861279208627854,45.10447291487904,0.0],[8.86152118430467,45.10537841144157,0.0],[8.861462312090167,45.10625267778536,0.0],[8.8614277646485,45.10653097281613,0.0],[8.860787634707645,45.10743178666264,0.0],[8.860694897549873,45.10763056117661,0.0],[8.860667640794679,45.10930917768957,0.0],[8.860627692512956,45.11093283290599,0.0],[8.861177480456448,45.11221474159251,0.0]]]}},{"type":"Feature","properties":{"name":"SCAVO","folders":"A","description":"Ferrera Erbognone – Path A (Yellow) – Tratta 3 | 330 m | COORDINAMENTO","altitude":0.0,"alt_mode":"","time_begin":"","time_end":"","time_when":"","Lunghezza":329.77,"LOTTO":"FERRERA_ERBOGNONE","CLUSTER":3,"PATH_ID":"A","TRATTA_ID":"A-03","STATO_LEGENDA":"COORDINAMENTO","STATO_AUTORIZZAZIONE":"COORDINAMENTO","LUNGHEZZA":329.77,"COMUNE":"Zelo Buon Persico","PRATICA":"","TIPOLOGIA":"No-Dig","ENTE":"Comune di Zelo Buon Persico","ENTE_TIPO":"Anas Routes"},"geometry":{"type":"MultiLineString","coordinates":[[[8.861177480456448,45.11221474159251,0.0],[8.861299307912052,45.11246726531166,0.0],[8.861742027829777,45.11299954403392,0.0],[8.86196365895325,45.11339312214406,0.0],[8.862257724343209,45.11411260857854,0.0],[8.862311363828464,45.11427946814719,0.0],[8.862230157062193,45.11453701658917,0.0],[8.862102080930573,45.11500282179146,0.0]]]}},{"type":"Feature","properties":{"name":"SCAVO","folders":"A","description":"Ferrera Erbognone – Path A (Yellow) – Tratta 4 | 4341 m | IN ATTESA","altitude":0.0,"alt_mode":"","time_begin":"","time_end":"","time_when":"","Lunghezza":4340.92,"LOTTO":"FERRERA_ERBOGNONE","CLUSTER":4,"PATH_ID":"A","TRATTA_ID":"A-04","STATO_LEGENDA":"IN ATTESA","STATO_AUTORIZZAZIONE":"IN ATTESA","LUNGHEZZA":4340.92,"COMUNE":"Corbetta","PRATICA":"","TIPOLOGIA":"Scavo tradizionale","ENTE":"Comune di Corbetta","ENTE_TIPO":"Irrigation Consortia"},"geometry":{"type":"MultiLineString","coordinates":[[[8.862102080930573,45.11500282179146,0.0],[8.812432202915232,45.13220180812389,0.0]]]}},{"type":"Feature","properties":{"name":"SCAVO","folders":"A","description":"Ferrera Erbognone – Path A (Yellow) – Tratta 5 | 59750 m | INVIATO","altitude":0.0,"alt_mode":"","time_begin":"","time_end":"","time_when":"","Lunghezza":59750.03,"LOTTO":"FERRERA_ERBOGNONE","CLUSTER":5,"PATH_ID":"A","TRATTA_ID":"A-05","STATO_LEGENDA":"INVIATO","STATO_AUTORIZZAZIONE":"INVIATO","LUNGHEZZA":59750.03,"COMUNE":"Zeccone","PRATICA":"","TIPOLOGIA":"Scavo tradizionale","ENTE":"Comune di Zeccone","ENTE_TIPO":"Irrigation Consortia"},"geometry":{"type":"MultiLineString","coordinates":[[[8.812432202915232,45.13220180812389,0.0],[8.812497898469049,45.13230359299946,0.0],[8.812668824193624,45.13254115766493,0.0],[8.812833863798007,45.13276364491242,0.0],[8.825936468099847,45.15082129787878,0.0],[8.826052178463776,45.15093173468343,0.0],[8.826112370074972,45.1509786581346,0.0],[8.826339485002777,45.15117878947097,0.0],[8.826411293850905,45.15124482709476,0.0],[8.827113584046202,45.15181303380534,0.0],[8.829132188229309,45.1535286296161,0.0],[8.829131013476495,45.15352231764263,0.0],[8.830492912915338,45.15264077331218,0.0],[8.830524792920773,45.15263459078717,0.0],[8.831003533135064,45.15308117014195,0.0],[8.831565764195073,45.15369493241334,0.0],[8.832289654651591,45.15460744322443,0.0],[8.832717773672545,45.15525155781134,0.0],[8.836796101291482,45.16189668589223,0.0],[8.836900377096292,45.16188313665546,0.0],[8.837070781835552,45.16201350015678,0.0],[8.837189390255437,45.1621866401058,0.0],[8.837260389087971,45.16228191988129,0.0],[8.84341021148458,45.17152415841668,0.0],[8.844419258227681,45.17306884310079,0.0],[8.859093004210157,45.19525892873462,0.0],[8.860191372540404,45.19694209410449,0.0],[8.865806603037186,45.20491628529186,0.0],[8.871363264256438,45.20899955894871,0.0],[8.871360495745996,45.20899596474584,0.0],[8.871731603134037,45.20944284157777,0.0],[8.872630465662565,45.21024710149942,0.0],[8.87516764959052,45.2094830416262,0.0],[8.875750734703193,45.20927025535871,0.0],[8.875780147710362,45.20932839595493,0.0],[8.875755080644899,45.2093674118898,0.0],[8.876652370122278,45.2101995213621,0.0],[8.909827122030817,45.23354609312162,0.0],[8.912538264325242,45.23481711449698,0.0],[8.912511433085832,45.23484561375376,0.0],[8.912672437033427,45.23495079490457,0.0],[8.886868277799639,45.22723007578528,0.0],[8.886947845467315,45.22744873906667,0.0],[8.886945697339538,45.22755599571082,0.0],[8.886927083082563,45.22775258847761,0.0],[8.886919693075976,45.22783063669847,0.0],[8.88697481048923,45.22788035665347,0.0],[8.887128530647132,45.22799282066943,0.0],[8.887188850830341,45.22803610445033,0.0],[8.887262874362346,45.22811735651405,0.0],[8.887362958344347,45.22839399294217,0.0],[8.881447089604466,45.21617604635875,0.0],[8.881562077023272,45.21632742084941,0.0],[8.881707025189643,45.21649369639518,0.0],[8.882615573276967,45.21754910496599,0.0],[8.88270183969002,45.21766093967695,0.0],[8.882767591662486,45.2177584591476,0.0],[8.882763199498333,45.2177749992433,0.0],[8.81249721466088,45.13230306183578,0.0],[8.812672747083397,45.13254388060819,0.0],[8.816372213550183,45.13763321343996,0.0],[8.816446065257272,45.13773516037692,0.0],[8.821220415879903,45.14431931379389,0.0],[8.821243118264894,45.14434978525685,0.0],[8.823438038739148,45.14739482702171,0.0],[8.823632537174586,45.14766792430883,0.0],[8.826114326464383,45.15098333584291,0.0],[8.826332777812553,45.151177053739,0.0],[8.837073141726455,45.16200671991586,0.0],[8.837191986707111,45.16218773169047,0.0],[8.8382453102484,45.16373315829705,0.0],[8.838311641174512,45.16386619668554,0.0],[8.875175196960129,45.2094530136691,0.0],[8.875709155749652,45.20928978334967,0.0],[8.844425270721743,45.17307086580525,0.0],[8.844503784103178,45.17314901339262,0.0],[8.907196452821768,45.23223855699721,0.0],[8.907521284218289,45.23233899687546,0.0],[8.909618897744364,45.23342143913025,0.0],[8.909827172112696,45.23354411224165,0.0],[8.851355613642005,45.18352223900469,0.0]]]}},{"type":"Feature","properties":{"name":"SCAVO","folders":"A","description":"Ferrera Erbognone – Path A (Yellow) – Tratta 6 | 53631 m | OTTENUTO","altitude":0.0,"alt_mode":"","time_begin":"","time_end":"","time_when":"","Lunghezza":53631.27,"LOTTO":"FERRERA_ERBOGNONE","CLUSTER":6,"PATH_ID":"A","TRATTA_ID":"A-06","STATO_LEGENDA":"OTTENUTO","STATO_AUTORIZZAZIONE":"OTTENUTO","LUNGHEZZA":53631.27,"COMUNE":"Marcallo con Casone","PRATICA":"AUT/FEA-002","TIPOLOGIA":"Scavo tradizionale","ENTE":"Comune di Marcallo con Casone","ENTE_TIPO":"AIPO","STATO_NULLAOSTA":"OTTENUTO"},"geometry":{"type":"MultiLineString","coordinates":[[[8.851355613642005,45.18352223900469,0.0],[8.85149798288464,45.18373165464379,0.0],[8.886978608158248,45.2278859784421,0.0],[8.887122753575552,45.22799508279779,0.0],[8.881562546065577,45.21632877835512,0.0],[8.881705222000583,45.21649909148758,0.0],[8.839221728148555,45.16525852896272,0.0],[8.839274435294882,45.16536530274487,0.0],[8.847891485886697,45.17830799266743,0.0],[8.847988704692522,45.17845120129607,0.0],[8.84799764415839,45.17846111080066,0.0],[8.860183974368809,45.19693087202739,0.0],[8.860428021245097,45.19725020336234,0.0],[8.861564266267708,45.19901516515539,0.0],[8.86165007052033,45.19913467464046,0.0],[8.912552099635988,45.23485760022881,0.0],[8.906716409090057,45.24219091479137,0.0],[8.905159899095597,45.24431180008829,0.0],[8.905117498614166,45.24608639972493,0.0],[8.904572399103136,45.24689729988093,0.0],[8.905070199619527,45.24756239970359,0.0],[8.905110912166512,45.24814828086858,0.0],[8.904930024705946,45.25548817984667,0.0],[8.90480129882067,45.25639159992419,0.0],[8.898964912371603,45.26193948263919,0.0],[8.898160956140796,45.2631431523095,0.0],[8.8983025821204,45.26324750735473,0.0],[8.89814420735158,45.26339906725784,0.0],[8.898070865510459,45.26347935405408,0.0],[8.896717045574164,45.26801339539818,0.0],[8.896787789455695,45.26887409704886,0.0],[8.897128039552493,45.27019797068095,0.0],[8.89770760036436,45.27080139996626,0.0],[8.897515299808102,45.27097799971924,0.0],[8.897548699170386,45.27109159973099,0.0],[8.897401099680994,45.27114340027972,0.0],[8.896674258411558,45.27480642594728,0.0],[8.896443799218694,45.27768090013343,0.0],[8.895990750074809,45.27855496086093,0.0],[8.894804798728304,45.27993300024577,0.0],[8.891611298673023,45.28348259970841,0.0],[8.887503631662144,45.28665079699246,0.0],[8.885608924827832,45.28832885330391,0.0],[8.873138691716745,45.30250449005444,0.0],[8.872288998645686,45.3033992999549,0.0],[8.87176649895057,45.30364479976998,0.0],[8.87173149879046,45.30403949981492,0.0],[9.02939120743968,45.44317196742302,0.0],[9.015869765868194,45.44419115947034,0.0],[9.012076536164713,45.44447683553287,0.0],[9.007514597303523,45.44486927538423,0.0]]]}},{"type":"Feature","properties":{"name":"SCAVO","folders":"A","description":"Ferrera Erbognone – Path A (Yellow) – Tratta 7 | 331 m | OTTENUTO","altitude":0.0,"alt_mode":"","time_begin":"","time_end":"","time_when":"","Lunghezza":330.67,"LOTTO":"FERRERA_ERBOGNONE","CLUSTER":7,"PATH_ID":"A","TRATTA_ID":"A-07","STATO_LEGENDA":"OTTENUTO","STATO_AUTORIZZAZIONE":"OTTENUTO","LUNGHEZZA":330.67,"COMUNE":"Dorno","PRATICA":"AUT/FEA-003","TIPOLOGIA":"Scavo tradizionale","ENTE":"Comune di Dorno","ENTE_TIPO":"AIPO","STATO_NULLAOSTA":"OTTENUTO"},"geometry":{"type":"MultiLineString","coordinates":[[[9.007514597303523,45.44486927538423,0.0],[9.003374313046367,45.4442327129449,0.0]]]}},{"type":"Feature","properties":{"name":"SCAVO","folders":"A","description":"Ferrera Erbognone – Path A (Yellow) – Tratta 8 | 7363 m | COORDINAMENTO","altitude":0.0,"alt_mode":"","time_begin":"","time_end":"","time_when":"","Lunghezza":7363.03,"LOTTO":"FERRERA_ERBOGNONE","CLUSTER":8,"PATH_ID":"A","TRATTA_ID":"A-08","STATO_LEGENDA":"COORDINAMENTO","STATO_AUTORIZZAZIONE":"COORDINAMENTO","LUNGHEZZA":7363.03,"COMUNE":"Gudo Visconti","PRATICA":"","TIPOLOGIA":"Scavo tradizionale","ENTE":"Comune di Gudo Visconti","ENTE_TIPO":"AIPO"},"geometry":{"type":"MultiLineString","coordinates":[[[9.003374313046367,45.4442327129449,0.0],[8.992211851195002,45.44123206952656,0.0],[8.974292702122497,45.43818895450745,0.0],[8.973958405731288,45.43800280910908,0.0],[8.974005451445093,45.43738840397335,0.0],[8.96959961345997,45.43446421057352,0.0],[8.94695485364023,45.4186857537764,0.0],[8.945659580475665,45.41799143846167,0.0],[8.941672267378827,45.41668559556427,0.0],[8.941101724226364,45.41668756356895,0.0],[8.940791658256725,45.41643145138423,0.0],[8.933859198790003,45.41399322351269,0.0],[8.931469184070352,45.41197177852334,0.0],[8.92782675192511,45.40852726117935,0.0]]]}},{"type":"Feature","properties":{"name":"SCAVO","folders":"A","description":"Ferrera Erbognone – Path A (Yellow) – Tratta 9 | 36853 m | OTTENUTO","altitude":0.0,"alt_mode":"","time_begin":"","time_end":"","time_when":"","Lunghezza":36852.94,"LOTTO":"FERRERA_ERBOGNONE","CLUSTER":9,"PATH_ID":"A","TRATTA_ID":"A-09","STATO_LEGENDA":"OTTENUTO","STATO_AUTORIZZAZIONE":"OTTENUTO","LUNGHEZZA":36852.94,"COMUNE":"Marcignago","PRATICA":"AUT/FEA-004","TIPOLOGIA":"Scavo tradizionale","ENTE":"Comune di Marcignago","ENTE_TIPO":"Irrigation Consortia","STATO_NULLAOSTA":"OTTENUTO"},"geometry":{"type":"MultiLineString","coordinates":[[[8.92782675192511,45.40852726117935,0.0],[8.92767329726733,45.4081281395286,0.0],[8.927715073948724,45.4076240822949,0.0],[8.928002784398688,45.40723282337849,0.0],[8.929836982385002,45.40589302039219,0.0],[8.932682082043929,45.4007074814926,0.0],[8.931306206046255,45.39934027982793,0.0],[8.93126619352936,45.39934676369374,0.0],[8.931229236956314,45.39936191763257,0.0],[8.931213803887765,45.39939226970778,0.0],[8.931198249373624,45.39953320261495,0.0],[8.930807381839617,45.39950694376573,0.0],[8.930262671396266,45.3994458987653,0.0],[8.929961107647022,45.39938500051715,0.0],[8.929514974941336,45.39926112930475,0.0],[8.929130428480729,45.39910693320537,0.0],[8.928770535082888,45.3989289067511,0.0],[8.928413777920964,45.39870751287847,0.0],[8.927964899849679,45.39832776302238,0.0],[8.927774354063045,45.39810213320472,0.0],[8.927691401183406,45.39798716116119,0.0],[8.927120355309583,45.3968787654414,0.0],[8.926757317957227,45.39620303970829,0.0],[8.926751925027247,45.39619419697342,0.0],[8.926644197601687,45.39619272363708,0.0],[8.880765967437993,45.31792671823424,0.0],[8.88084699417703,45.31789183225825,0.0],[8.880846260634387,45.31785222522683,0.0],[8.88083619704263,45.3173151447299,0.0],[8.880834808315276,45.31724116956979,0.0],[8.880832443779813,45.31711535418239,0.0],[8.880831079144597,45.31704206315312,0.0],[8.880824883530682,45.31576148675668,0.0],[8.880770566336722,45.31527748630334,0.0],[8.880777944352438,45.31455768574898,0.0],[8.880778122418437,45.31453969207751,0.0],[8.880781278703521,45.31423303466684,0.0],[8.880782852529192,45.31407871579345,0.0],[8.880786788562064,45.31370436841303,0.0],[8.88078698190857,45.31368516856308,0.0],[8.880788973511283,45.3134958615484,0.0],[8.880780489301788,45.31341085217885,0.0],[8.880773995728935,45.31335606269025,0.0],[8.880735324931806,45.31324774409935,0.0],[8.880667686383845,45.31305822932251,0.0],[8.880567553726417,45.31278423809151,0.0],[8.880419872396232,45.31243265864727,0.0],[8.88023202790534,45.31210762711631,0.0],[8.8801384253744,45.31195117402901,0.0],[8.88013819650232,45.31195081373147,0.0],[8.880127334860147,45.31193511283394,0.0],[8.880115822109664,45.31191964528921,0.0],[8.880103658232294,45.31190442009848,0.0],[8.880090855928726,45.31188946427919,0.0],[8.880077440713817,45.31187477785788,0.0],[8.880063399792604,45.31186037882382,0.0],[8.879709911452323,45.31150902317699,0.0],[8.879248453995336,45.31104217192773,0.0],[8.879170407973113,45.31096320981527,0.0],[8.878811190272472,45.31059978334645,0.0],[8.878580035177954,45.31036591458311,0.0],[8.87855880247669,45.31034442358457,0.0],[8.878405985913238,45.31018981435892,0.0],[8.877745675507448,45.30953700940586,0.0],[8.877650571721313,45.3094431125927,0.0],[8.877640987296125,45.30943316473849,0.0],[8.877511072678391,45.30941537367043,0.0],[8.86117531821814,45.11220500531674,0.0],[8.861299037594623,45.11247240776722,0.0],[8.86210324384072,45.11500773719344,0.0],[8.861272021993846,45.11501602457146,0.0],[8.86097201247498,45.11503355448244,0.0],[8.860564448859042,45.11514395136344,0.0],[8.859856662504857,45.11536728726116,0.0],[8.85749937405238,45.11608646849134,0.0],[8.857124585030803,45.11621133629923,0.0],[8.855031886918763,45.11683494814043,0.0],[8.853388924051089,45.11732708987612,0.0],[8.851984702784803,45.11777579856602,0.0],[8.851370712524629,45.11795060365056,0.0],[8.850043083648274,45.11835818907772,0.0],[8.850051726867974,45.11836330155275,0.0],[8.84975156363003,45.11845286433557,0.0],[8.849791480811088,45.11844407436963,0.0],[8.841431544513409,45.12095723435875,0.0],[8.834262948448874,45.12313400089873,0.0]]]}},{"type":"Feature","properties":{"name":"SCAVO","folders":"A","description":"Ferrera Erbognone – Path A (Yellow) – Tratta 10 | 1973 m | IN REDAZIONE","altitude":0.0,"alt_mode":"","time_begin":"","time_end":"","time_when":"","Lunghezza":1972.86,"LOTTO":"FERRERA_ERBOGNONE","CLUSTER":10,"PATH_ID":"A","TRATTA_ID":"A-10","STATO_LEGENDA":"IN REDAZIONE","STATO_AUTORIZZAZIONE":"IN REDAZIONE","LUNGHEZZA":1972.86,"COMUNE":"Paullo","PRATICA":"","TIPOLOGIA":"Scavo tradizionale","ENTE":"Comune di Paullo","ENTE_TIPO":"Anas Routes"},"geometry":{"type":"MultiLineString","coordinates":[[[8.834262948448874,45.12313400089873,0.0],[8.81552680680925,45.12882058394355,0.0],[8.812907416863824,45.12964281185232,0.0],[8.811494619441973,45.13008027833399,0.0],[8.811235445953923,45.1301289107263,0.0],[8.811162495127142,45.13012891604114,0.0]]]}},{"type":"Feature","properties":{"name":"SCAVO","folders":"A","description":"Ferrera Erbognone – Path A (Yellow) – Tratta 11 | 3441 m | IN REDAZIONE","altitude":0.0,"alt_mode":"","time_begin":"","time_end":"","time_when":"","Lunghezza":3440.53,"LOTTO":"FERRERA_ERBOGNONE","CLUSTER":11,"PATH_ID":"A","TRATTA_ID":"A-11","STATO_LEGENDA":"IN REDAZIONE","STATO_AUTORIZZAZIONE":"IN REDAZIONE","LUNGHEZZA":3440.53,"COMUNE":"Binasco","PRATICA":"","TIPOLOGIA":"Scavo tradizionale","ENTE":"Comune di Binasco","ENTE_TIPO":"Irrigation Consortia"},"geometry":{"type":"MultiLineString","coordinates":[[[8.811162495127142,45.13012891604114,0.0],[8.811192548298814,45.13030387161623,0.0],[8.81120669561843,45.13028383150882,0.0],[8.811183232918607,45.13039760496907,0.0],[8.811141305814639,45.13044472056925,0.0],[8.812429426659607,45.13220518087584,0.0],[8.81283977985655,45.13275107773288,0.0],[8.814414573699478,45.13497159511726,0.0],[8.814428193521689,45.1349796591085,0.0],[8.814436862613793,45.13498670877347,0.0],[8.81443633846213,45.13497676199681,0.0],[8.81457378296333,45.13516921717741,0.0],[8.814572075065088,45.13517369222481,0.0],[8.81637271319289,45.13763262898942,0.0],[8.81645004614909,45.13773292537688,0.0],[8.817460929405591,45.13915502438535,0.0],[8.818078997804433,45.1400047986883,0.0],[8.81807501314647,45.14000313503528,0.0],[8.818133859955635,45.14008051723791,0.0],[8.818128571698022,45.14007892425452,0.0],[8.818727888664297,45.14088940899982,0.0],[8.821221818947764,45.14431979159671,0.0],[8.821240985388638,45.1443510149962,0.0],[8.822077556757357,45.1455085912477,0.0],[8.823437305106394,45.14739342480604,0.0],[8.823634106515982,45.14766825922932,0.0],[8.823938360606325,45.14808798258898,0.0],[8.82443434102406,45.14877973444055,0.0],[8.825937205010119,45.15081965212294,0.0],[8.825935316535602,45.15081138539718,0.0],[8.826407992504087,45.15124388418165,0.0],[8.826817457320162,45.15157094772984,0.0],[8.827113429908021,45.15182119585895,0.0],[8.832713330808687,45.15524692260735,0.0],[8.83338918776291,45.1562356976979,0.0],[8.833392495116442,45.15623686055589,0.0]]]}},{"type":"Feature","properties":{"name":"SCAVO","folders":"A","description":"Ferrera Erbognone – Path A (Yellow) – Tratta 12 | 9900 m | OTTENUTO","altitude":0.0,"alt_mode":"","time_begin":"","time_end":"","time_when":"","Lunghezza":9900.44,"LOTTO":"FERRERA_ERBOGNONE","CLUSTER":12,"PATH_ID":"A","TRATTA_ID":"A-12","STATO_LEGENDA":"OTTENUTO","STATO_AUTORIZZAZIONE":"OTTENUTO","LUNGHEZZA":9900.44,"COMUNE":"Paullo","PRATICA":"AUT/FEA-005","TIPOLOGIA":"Scavo tradizionale","ENTE":"Comune di Paullo","ENTE_TIPO":"Irrigation Consortia","STATO_NULLAOSTA":"OTTENUTO"},"geometry":{"type":"MultiLineString","coordinates":[[[8.833392495116442,45.15623686055589,0.0],[8.833646690787093,45.15661868069104,0.0],[8.833634158191552,45.15661480041055,0.0],[8.83474310052841,45.15825244239648,0.0],[8.836556845273265,45.16105314876196,0.0],[8.836545933727738,45.16131905875548,0.0],[8.83654820672119,45.16158409749508,0.0],[8.836793677583168,45.16190732129445,0.0],[8.836801866471276,45.16189757292989,0.0],[8.838313322754168,45.16385665821787,0.0],[8.839228350146664,45.16526850746904,0.0],[8.837258594250432,45.16228110151665,0.0],[8.838245916794794,45.16374147783507,0.0],[8.839277122258114,45.16536029419959,0.0],[8.839756555844485,45.1660939848195,0.0],[8.839890444707441,45.16625624494225,0.0],[8.842153573250368,45.16968055364604,0.0],[8.843349227086968,45.17143307465704,0.0],[8.844509994639026,45.17314506320876,0.0],[8.845443564377,45.17459670009757,0.0],[8.847894685790259,45.17831061138251,0.0],[8.847982122475191,45.17844541062687,0.0],[8.850242418848,45.18187826754309,0.0],[8.85135471504249,45.18353689529243,0.0],[8.851503107948274,45.18371609702896,0.0],[8.852045489485816,45.18455616104724,0.0],[8.852031685758694,45.1845587834687,0.0],[8.852119096460452,45.18470159847711,0.0],[8.85213350821566,45.18469172858931,0.0],[8.85388614495442,45.1873870913761,0.0],[8.854001892327286,45.18755362111111,0.0],[8.856011247824057,45.19055977399093,0.0],[8.856854255098723,45.19184224553641,0.0],[8.857826221529063,45.1933136170527,0.0],[8.857965740291746,45.19354436094041,0.0],[8.858967536185187,45.19507350749481,0.0],[8.860423271295483,45.19724790243494,0.0],[8.861569094138591,45.19901759668138,0.0],[8.861649376014038,45.19912654512419,0.0],[8.864073426585568,45.2027594225326,0.0],[8.86405790145011,45.20274938644219,0.0],[8.864879593055967,45.20394977527707,0.0],[8.865021167025496,45.20450961803315,0.0],[8.865019542696064,45.20449510345339,0.0],[8.86582084988171,45.20494184608689,0.0],[8.877065920404197,45.21053471578984,0.0],[8.877998371705528,45.21139435177701,0.0],[8.879146682918766,45.21192014396945,0.0],[8.87953477332202,45.21302931957085,0.0],[8.879916879984432,45.21403086108131,0.0],[8.880200850734125,45.21447525447795,0.0],[8.880627449588808,45.21501611381326,0.0],[8.881437294507533,45.21618783012201,0.0],[8.882757574105263,45.21777526732656,0.0],[8.883898448417105,45.21911883956733,0.0],[8.884206196956717,45.21958599059617,0.0],[8.884299852831173,45.22073296474731,0.0],[8.884271755301809,45.22241037885266,0.0],[8.884527674620387,45.22376151714312,0.0],[8.884507929725167,45.22376653682551,0.0],[8.885084973173631,45.22411563680295,0.0],[8.88561327013245,45.22474408744528,0.0],[8.886870427643103,45.22723534108733,0.0]]]}},{"type":"Feature","properties":{"name":"SCAVO","folders":"A","description":"Ferrera Erbognone – Path A (Yellow) – Tratta 13 | 1854 m | OTTENUTO","altitude":0.0,"alt_mode":"","time_begin":"","time_end":"","time_when":"","Lunghezza":1854.0,"LOTTO":"FERRERA_ERBOGNONE","CLUSTER":13,"PATH_ID":"A","TRATTA_ID":"A-13","STATO_LEGENDA":"OTTENUTO","STATO_AUTORIZZAZIONE":"OTTENUTO","LUNGHEZZA":1854.0,"COMUNE":"Noviglio","PRATICA":"AUT/FEA-006","TIPOLOGIA":"Scavo tradizionale","ENTE":"Comune di Noviglio","ENTE_TIPO":"Irrigation Consortia","STATO_NULLAOSTA":"OTTENUTO"},"geometry":{"type":"MultiLineString","coordinates":[[[8.886870427643103,45.22723534108733,0.0],[8.887364517302409,45.22839444301845,0.0],[8.887390888897018,45.22841174112441,0.0],[8.888141374266766,45.23002036354511,0.0],[8.888282149661729,45.23022358705673,0.0],[8.888273586355965,45.23021834438719,0.0],[8.894527784139385,45.23050249054439,0.0],[8.907207349228386,45.23223874676089,0.0]]]}},{"type":"Feature","properties":{"name":"SCAVO","folders":"A","description":"Ferrera Erbognone – Path A (Yellow) – Tratta 14 | 3475 m | OTTENUTO","altitude":0.0,"alt_mode":"","time_begin":"","time_end":"","time_when":"","Lunghezza":3475.29,"LOTTO":"FERRERA_ERBOGNONE","CLUSTER":14,"PATH_ID":"A","TRATTA_ID":"A-14","STATO_LEGENDA":"OTTENUTO","STATO_AUTORIZZAZIONE":"OTTENUTO","LUNGHEZZA":3475.29,"COMUNE":"Marcallo con Casone","PRATICA":"AUT/FEA-007","TIPOLOGIA":"Scavo tradizionale","ENTE":"Comune di Marcallo con Casone","ENTE_TIPO":"Railway","STATO_NULLAOSTA":"OTTENUTO"},"geometry":{"type":"MultiLineString","coordinates":[[[8.907207349228386,45.23223874676089,0.0],[8.876654323994462,45.21018970104069,0.0],[8.8770585047338,45.21052952335523,0.0]]]}},{"type":"Feature","properties":{"name":"SCAVO","folders":"A","description":"Ferrera Erbognone – Path A (Yellow) – Tratta 15 | 3606 m | OTTENUTO","altitude":0.0,"alt_mode":"","time_begin":"","time_end":"","time_when":"","Lunghezza":3606.14,"LOTTO":"FERRERA_ERBOGNONE","CLUSTER":15,"PATH_ID":"A","TRATTA_ID":"A-15","STATO_LEGENDA":"OTTENUTO","STATO_AUTORIZZAZIONE":"OTTENUTO","LUNGHEZZA":3606.14,"COMUNE":"Zelo Buon Persico","PRATICA":"AUT/FEA-008","TIPOLOGIA":"Scavo tradizionale","ENTE":"Comune di Zelo Buon Persico","ENTE_TIPO":"Irrigation Consortia","STATO_NULLAOSTA":"OTTENUTO"},"geometry":{"type":"MultiLineString","coordinates":[[[8.8770585047338,45.21052952335523,0.0],[8.907520685178572,45.23235096156445,0.0],[8.909619375092925,45.23342586684704,0.0]]]}},{"type":"Feature","properties":{"name":"SCAVO","folders":"A","description":"Ferrera Erbognone – Path A (Yellow) – Tratta 16 | 12975 m | INVIATO","altitude":0.0,"alt_mode":"","time_begin":"","time_end":"","time_when":"","Lunghezza":12974.68,"LOTTO":"FERRERA_ERBOGNONE","CLUSTER":16,"PATH_ID":"A","TRATTA_ID":"A-16","STATO_LEGENDA":"INVIATO","STATO_AUTORIZZAZIONE":"INVIATO","LUNGHEZZA":12974.68,"COMUNE":"Noviglio","PRATICA":"","TIPOLOGIA":"Scavo tradizionale","ENTE":"Comune di Noviglio","ENTE_TIPO":"Irrigation Consortia"},"geometry":{"type":"MultiLineString","coordinates":[[[8.909619375092925,45.23342586684704,0.0],[8.882619069794222,45.21754501662869,0.0],[8.88270431656958,45.21766094022277,0.0],[8.839751297187634,45.16609277964535,0.0],[8.839886042707516,45.16626770553213,0.0],[8.843337646189966,45.17142157365201,0.0],[8.843406255448581,45.17152097959123,0.0],[8.853881038782173,45.1873843516565,0.0],[8.853997178879673,45.18754542289154,0.0],[8.858962147371352,45.19506556937316,0.0]]]}},{"type":"Feature","properties":{"name":"SCAVO","folders":"A","description":"Ferrera Erbognone – Path A (Yellow) – Tratta 17 | 23118 m | OTTENUTO","altitude":0.0,"alt_mode":"","time_begin":"","time_end":"","time_when":"","Lunghezza":23117.57,"LOTTO":"FERRERA_ERBOGNONE","CLUSTER":17,"PATH_ID":"A","TRATTA_ID":"A-17","STATO_LEGENDA":"OTTENUTO","STATO_AUTORIZZAZIONE":"OTTENUTO","LUNGHEZZA":23117.57,"COMUNE":"Tribiano","PRATICA":"AUT/FEA-009","TIPOLOGIA":"Scavo tradizionale","ENTE":"Comune di Tribiano","ENTE_TIPO":"AIPO","STATO_NULLAOSTA":"OTTENUTO"},"geometry":{"type":"MultiLineString","coordinates":[[[8.858962147371352,45.19506556937316,0.0],[8.859094854290346,45.19525778492003,0.0],[8.909681824885787,45.3649207876431,0.0],[8.909777222890494,45.36488912427885,0.0],[8.909577570132,45.36356252735959,0.0],[8.909549407712504,45.36337460184054,0.0],[8.909495383031688,45.36301400087688,0.0],[8.909483911032572,45.36293746228579,0.0],[8.909366378208793,45.36222346275238,0.0],[8.909344646316107,45.36220730607862,0.0],[8.90933474477253,45.3621470341548,0.0],[8.909350825982848,45.3621275589871,0.0],[8.909277924136159,45.36168393236571,0.0],[8.90926738780543,45.36162947480154,0.0],[8.909209589482112,45.36127537857425,0.0],[8.909202660213284,45.36123298568355,0.0],[8.909023364781548,45.36013469554864,0.0],[8.909004019119191,45.35998456450253,0.0],[8.90868903158724,45.35776893461403,0.0],[8.908685723891466,45.35774567245304,0.0],[8.908680093157198,45.35770612497254,0.0],[8.908677742033865,45.35769142387021,0.0],[8.908656759029553,45.35756016724626,0.0],[8.90865497448558,45.35755835654551,0.0],[8.908627997856698,45.35743067766165,0.0],[8.908586475578947,45.35723386567161,0.0],[8.908420571702065,45.3562464903334,0.0],[8.90840726885624,45.35623026821131,0.0],[8.908401372271967,45.35619744451182,0.0],[8.908400650958765,45.35619346533073,0.0],[8.908312211333959,45.35574339819431,0.0],[8.908312225870036,45.35573439684185,0.0],[8.908304449958793,45.35555302211066,0.0],[8.908287120125122,45.3553268309085,0.0],[8.908171307786606,45.35460209194144,0.0],[8.908066443537074,45.35394580797192,0.0],[8.908059615051574,45.35390532332818,0.0],[8.908052071552863,45.35386489211636,0.0],[8.908043812998704,45.35382454134037,0.0],[8.908034852171879,45.35378426200899,0.0],[8.908025176307145,45.35374405411181,0.0],[8.90801479812892,45.35370394466297,0.0],[8.908014379351604,45.35370238708914,0.0],[8.90793811715847,45.35356483876024,0.0],[8.907892562560436,45.35345661459601,0.0],[8.907839332552717,45.35335014848686,0.0],[8.90777856716722,45.35324571057629,0.0],[8.907710431994454,45.35314355302445,0.0],[8.90763507982499,45.35304394598289,0.0],[8.90755272730682,45.35294714165115,0.0],[8.907513461069627,45.35289792638513,0.0],[8.907472661911283,45.35284933095787,0.0],[8.907430342556859,45.35280138238211,0.0],[8.90738654126407,45.35275410769135,0.0],[8.907341270772132,45.35270752489695,0.0],[8.90729454380536,45.35266166101165,0.0],[8.907293740783896,45.35266088624212,0.0],[8.907187770767546,45.35258015691726,0.0],[8.90711873572928,45.35252196095674,0.0],[8.907116134975919,45.35251976250775,0.0],[8.90701812569771,45.35243490786834,0.0],[8.907017131040083,45.35243422295454,0.0],[8.906973122933366,45.35240447360011,0.0],[8.906928475772357,45.3523752007804,0.0],[8.90688321508967,45.35234640451551,0.0],[8.90683731530806,45.35231811178795,0.0],[8.906790827522242,45.35229030463591,0.0],[8.906743738921168,45.35226301005238,0.0],[8.906743535117942,45.35226273084352,0.0],[8.906594700829679,45.35217982363155,0.0],[8.906442135726584,45.35210677866998,0.0],[8.906288511874429,45.35203345359255,0.0],[8.906126346574277,45.35196857357447,0.0],[8.905957655421822,45.35191300437076,0.0],[8.905018804382584,45.3516493874986,0.0],[8.90480966452644,45.35159060546953,0.0],[8.904200252110796,45.35141930395194,0.0],[8.904096536606446,45.35140603890833,0.0],[8.904050381031237,45.35139440637913,0.0],[8.904043643380145,45.35139269945988,0.0],[8.903960629405535,45.35135235755541,0.0],[8.9018708462365,45.35076972278167,0.0],[8.901264017201425,45.35061325105521,0.0],[8.901244209940504,45.35061005644695,0.0],[8.901207966608567,45.35059577593248,0.0],[8.899037314394784,45.35003600876995,0.0],[8.898961060826755,45.35003056752162,0.0],[8.898910174952674,45.35001687641483,0.0],[8.898907687072851,45.35001605508796,0.0],[8.898844140543527,45.3499863212997,0.0],[8.897338868138448,45.3495979732191,0.0],[8.896215339953226,45.34929101915829,0.0],[8.893280136898946,45.34847587729453,0.0],[8.892675981566851,45.34830809265276,0.0],[8.892667688379916,45.34830578050769,0.0],[8.892659395227698,45.34830345035932,0.0],[8.892651114858612,45.34830111122098,0.0],[8.89264284728969,45.34829875409132,0.0],[8.892634579738472,45.3482963879597,0.0],[8.892626312221982,45.34829400382475,0.0],[8.892575177293635,45.34827863540136,0.0],[8.892523954346604,45.34826257376625,0.0],[8.892473115277854,45.34824604439792,0.0],[8.892422570781456,45.34822902020873,0.0],[8.892372320841382,45.34821151020034,0.0],[8.892322378207021,45.34819352338657,0.0],[8.892272768444313,45.34817504178915,0.0],[8.892223491502996,45.34815609241263,0.0],[8.892174572914767,45.34813667528152,0.0],[8.892126025462966,45.34811678140694,0.0],[8.892077849114218,45.34809642879209,0.0],[8.892030069400072,45.34807561746163,0.0],[8.891982699052415,45.34805436543081,0.0],[8.891935750871522,45.34803265470947,0.0],[8.891889224806636,45.3480105123022,0.0],[8.891843146371942,45.34798794723508,0.0],[8.89179752836759,45.34796494151802,0.0],[8.891752370725468,45.34794153115701,0.0],[8.891707699011022,45.34791769817404,0.0],[8.891661485593628,45.34789236048131,0.0],[8.891617183466009,45.34787557589117,0.0],[8.89156661169634,45.3478463994377,0.0],[8.89151535041967,45.34781066030315,0.0],[8.891379247210734,45.34768996651144,0.0],[8.890872710172737,45.34724270031984,0.0],[8.888358535793259,45.34510517039261,0.0],[8.888019878302845,45.34481818989094,0.0],[8.887971158713004,45.34477772591317,0.0],[8.887921327300806,45.34473795392974,0.0],[8.88787038406678,45.34469887393917,0.0],[8.887818354487267,45.34466051296923,0.0],[8.887765264056174,45.34462288904622,0.0],[8.887711138284972,45.34458601119511,0.0],[8.887655087425854,45.34454797024638,0.0],[8.887492919360902,45.34440290637691,0.0],[8.887311198150359,45.3441863970145,0.0],[8.887283721886192,45.3441706084824,0.0],[8.887268498632178,45.34416173609807,0.0],[8.887253224253405,45.34415289966678,0.0],[8.887237898731994,45.34414410818984,0.0],[8.887222547614819,45.3441353526911,0.0],[8.88720714537284,45.34412663314534,0.0],[8.887191692006066,45.3441179495525,0.0],[8.88687522162737,45.34393818498739,0.0],[8.886847634182317,45.34392706795731,0.0],[8.886780687114564,45.34390011448526,0.0],[8.886554848094338,45.34380916546107,0.0],[8.886477541625347,45.3437796811339,0.0],[8.886398724948256,45.34375223856617,0.0],[8.886318512828446,45.34372689187734,0.0],[8.886237020102545,45.34370365918168,0.0],[8.886154361570542,45.34368257659637,0.0],[8.88607065201371,45.34366368924034,0.0],[8.885857390497117,45.34361596701997,0.0],[8.884005635709485,45.34341361368328,0.0],[8.882715428662072,45.34326384531678,0.0],[8.882509610675868,45.34323579250934,0.0],[8.882306324041082,45.34319973970882,0.0],[8.882106181300294,45.34315579557748,0.0],[8.88190979493404,45.34310409578563,0.0],[8.881717777378341,45.34304479401023,0.0],[8.881530715457576,45.34297807991077,0.0],[8.881456112412867,45.34294551651106,0.0],[8.881383287704505,45.34291102861296,0.0],[8.881312317865552,45.34287464330354,0.0],[8.881243330409973,45.34283642372843,0.0],[8.881176401812665,45.34279642397913,0.0],[8.88111163409493,45.34275468917229,0.0],[8.88107283875729,45.34272652845841,0.0],[8.881060246548213,45.34271753196446,0.0],[8.881047909532581,45.34270858074176,0.0],[8.88103566202094,45.34269955759989,0.0],[8.881023504013296,45.34269046253883,0.0],[8.881011461038,45.34268129558524,0.0],[8.880999507547838,45.34267206571386,0.0],[8.880987656306983,45.34266277293809,0.0],[8.88097590733428,45.34265340825657,0.0],[8.880964273375032,45.34264398068397,0.0],[8.880952728900876,45.34263449019376,0.0],[8.880941286675997,45.34262493679924,0.0],[8.880929972247545,45.34261531152571,0.0],[8.880918747285289,45.342605632336,0.0],[8.880907637317527,45.34259589925677,0.0],[8.880896629617832,45.34258609427199,0.0],[8.880885749657878,45.34257624441246,0.0],[8.88087497196594,45.34256632264742,0.0],[8.88086429650424,45.34255634697969,0.0],[8.880853748782194,45.34254632643723,0.0],[8.880846220407708,45.34253905446613,0.0]]]}},{"type":"Feature","properties":{"name":"SCAVO","folders":"A","description":"Ferrera Erbognone – Path A (Yellow) – Tratta 18 | 553 m | PROTOCOLLATO","altitude":0.0,"alt_mode":"","time_begin":"","time_end":"","time_when":"","Lunghezza":553.09,"LOTTO":"FERRERA_ERBOGNONE","CLUSTER":18,"PATH_ID":"A","TRATTA_ID":"A-18","STATO_LEGENDA":"PROTOCOLLATO","STATO_AUTORIZZAZIONE":"PROTOCOLLATO","LUNGHEZZA":553.09,"COMUNE":"Corbetta","PRATICA":"","TIPOLOGIA":"Scavo tradizionale","ENTE":"Comune di Corbetta","ENTE_TIPO":"Anas Routes"},"geometry":{"type":"MultiLineString","coordinates":[[[8.880846220407708,45.34253905446613,0.0],[8.878815134712914,45.34035478337431,0.0],[8.878699004598774,45.34019625366468,0.0],[8.878698253717117,45.34019523571031,0.0],[8.877234643394786,45.33846004922047,0.0],[8.87716785204857,45.33837796573281,0.0],[8.877160457390191,45.33836835329534,0.0],[8.87715372696603,45.33835848953281,0.0],[8.877147686224387,45.33834841047828,0.0],[8.877142347889244,45.33833813414834,0.0],[8.877137724645598,45.33832769656226,0.0],[8.877133829256294,45.3383170977339,0.0],[8.87713233978532,45.33830942694584,0.0]]]}},{"type":"Feature","properties":{"name":"SCAVO","folders":"A","description":"Ferrera Erbognone – Path A (Yellow) – Tratta 19 | 51481 m | OTTENUTO","altitude":0.0,"alt_mode":"","time_begin":"","time_end":"","time_when":"","Lunghezza":51481.11,"LOTTO":"FERRERA_ERBOGNONE","CLUSTER":19,"PATH_ID":"A","TRATTA_ID":"A-19","STATO_LEGENDA":"OTTENUTO","STATO_AUTORIZZAZIONE":"OTTENUTO","LUNGHEZZA":51481.11,"COMUNE":"Gropello Cairoli","PRATICA":"AUT/FEA-010","TIPOLOGIA":"Scavo tradizionale","ENTE":"Comune di Gropello Cairoli","ENTE_TIPO":"Irrigation Consortia","STATO_NULLAOSTA":"OTTENUTO"},"geometry":{"type":"MultiLineString","coordinates":[[[8.87713233978532,45.33830942694584,0.0],[8.877072101954514,45.33800057837795,0.0],[8.87707168462778,45.33799879565311,0.0],[8.877071367711572,45.33799779615749,0.0],[8.877059160697762,45.33795902302359,0.0],[8.877020666573523,45.33796513853594,0.0],[8.876773103887846,45.33794559973643,0.0],[9.035701879095088,45.47156974043737,0.0],[9.035330188002103,45.47155649825177,0.0],[9.035003938317555,45.47154255685099,0.0],[9.03476808537351,45.47163169556455,0.0],[9.033789125338158,45.47341413651775,0.0],[9.035813957117425,45.47402526160213,0.0],[9.036136837729451,45.47410240834791,0.0],[9.03660735315775,45.47423118326044,0.0],[9.036837328969884,45.47430136082631,0.0],[9.035619044108358,45.47155169192636,0.0],[9.035372711125557,45.4714719910076,0.0],[9.035034285704395,45.47135957154222,0.0],[9.034954425088685,45.47128885572564,0.0],[9.034918727792373,45.47117837714392,0.0],[9.034958862092555,45.4710782987345,0.0],[9.035337581663542,45.47022446508034,0.0],[9.039957507163804,45.46229735041814,0.0],[9.039972055486079,45.46234029003112,0.0],[9.039874440161004,45.46249533373067,0.0],[9.039749579363848,45.46261458007372,0.0],[9.039506700202269,45.46278077238182,0.0],[9.039068144329788,45.46306719720484,0.0],[9.038829456077536,45.46325097495908,0.0],[9.038717055672254,45.4633594594948,0.0],[9.038525622207967,45.46360770512732,0.0],[9.03819697168556,45.46425267895296,0.0],[9.038162302061245,45.46432206272952,0.0],[9.037140259010771,45.46628239986815,0.0],[9.037111121908376,45.466306829564,0.0],[9.037105594513521,45.4663439702655,0.0],[9.036811563879963,45.4668873051305,0.0],[9.03654666192078,45.46738081730034,0.0],[9.036235956642358,45.46791146424533,0.0],[9.036077877432966,45.46824762757748,0.0],[9.035961439334125,45.46858866521276,0.0],[9.035926748547766,45.46861309634487,0.0],[9.035935105709486,45.46865901776372,0.0],[9.035671866953543,45.46960392761282,0.0],[9.03546327873484,45.46998955825712,0.0],[9.04656973918972,45.45178113405657,0.0],[9.046566406174948,45.45178704021048,0.0],[9.046520579055843,45.45176556398906,0.0],[9.046087977667337,45.45241549180878,0.0],[9.045633186744052,45.45307714635797,0.0],[9.045254650661516,45.45364692949847,0.0],[9.045156208973989,45.45380330145407,0.0],[9.044862219291314,45.45421867904894,0.0],[9.04456547046843,45.45464382324344,0.0],[9.044075973396325,45.45537387603449,0.0],[9.043752879601158,45.4558664472241,0.0],[9.043368773865732,45.45646064623662,0.0],[9.043059526375789,45.45691217362445,0.0],[9.042992728892322,45.45688435806134,0.0],[9.042486703664132,45.4576627824372,0.0],[9.0422925754417,45.4579882119423,0.0],[9.04186974879466,45.45882376922643,0.0],[9.041617439368144,45.459336821844,0.0],[9.041493938647516,45.45930789191015,0.0],[9.04126987671598,45.45981902519742,0.0],[9.041088997535883,45.46017897634442,0.0],[9.040919297916068,45.46050732897226,0.0],[9.04083764930715,45.46065965846356,0.0],[9.040626344624334,45.46108618355256,0.0],[9.040429432737316,45.46146757112532,0.0],[9.04003160254405,45.46225572995107,0.0],[9.039972320239235,45.46229862340518,0.0],[9.039957507163804,45.46229735041814,0.0],[9.035769148382723,45.47824713336432,0.0],[9.035804944984271,45.47826229812237,0.0],[9.03546327873484,45.46998955825712,0.0],[9.035337581663542,45.47022446508034,0.0],[8.876773103887846,45.33794559973643,0.0],[8.876864757737298,45.33794480744395,0.0],[8.87686833451097,45.33794338007849,0.0],[8.876871720286461,45.33794174547499,0.0],[8.876874889498517,45.3379399216087,0.0],[8.876877854890733,45.33793791749478,0.0],[8.87688055262804,45.33793574206581,0.0],[8.876882995434544,45.3379334133383,0.0],[8.876885144981895,45.3379309492738,0.0],[8.876887001211621,45.33792837687633,0.0],[8.876888551360615,45.33792569613224,0.0],[8.876889769844214,45.33792293401811,0.0],[8.876890656623408,45.3379201085367,0.0],[8.876891211659272,45.33791723769074,0.0],[8.876891422130207,45.33791434847064,0.0],[8.876891287997264,45.33791145887908,0.0],[8.876892214021282,45.33790819237171,0.0],[8.876895370597234,45.33790041857081,0.0],[8.876854607995396,45.33769301854941,0.0],[8.876898830067239,45.33751724201098,0.0],[8.877056251125225,45.33713901999262,0.0],[8.87707819060409,45.33706825664569,0.0],[8.877131374316285,45.33689687332095,0.0],[8.877422968553443,45.33600948707821,0.0],[8.877541273117625,45.33565094436439,0.0],[8.87769440710413,45.33529743458124,0.0],[8.877697270086632,45.33528363850592,0.0],[8.877698474820185,45.3352812904314,0.0],[8.877699692316169,45.33527894237053,0.0],[8.877700909831415,45.33527658530829,0.0],[8.877702127327183,45.3352742372474,0.0],[8.877703344822852,45.33527188918648,0.0],[8.877704562318431,45.33526954112556,0.0],[8.877707163919395,45.33526452113176,0.0],[8.877704582686718,45.33525414875911,0.0],[8.877927267787095,45.33493730376665,0.0],[8.877969216362095,45.33487270955876,0.0],[8.87801098266987,45.33480974439298,0.0],[8.878269346138367,45.33446393430495,0.0],[8.87841288940665,45.3342946088765,0.0],[8.87871459955623,45.33383009743198,0.0],[8.879023398208647,45.333354673963,0.0],[8.879318704580728,45.33303438349971,0.0],[8.879557052396683,45.33272545498413,0.0],[8.879845037110133,45.33235217315649,0.0],[8.87989237549495,45.33228964520373,0.0],[8.879937851974644,45.33222644016841,0.0],[8.879981440992157,45.33216257602869,0.0],[8.880023116971696,45.33209807976404,0.0],[8.880062879842386,45.33203298738204,0.0],[8.880100691286225,45.33196731684729,0.0],[8.88010074252325,45.33196722688705,0.0],[8.880100793760265,45.33196713692682,0.0],[8.880118294819546,45.33193469624184,0.0],[8.880135630050905,45.33190221037294,0.0],[8.880152786711822,45.33186967030547,0.0],[8.880169752021812,45.33183708502745,0.0],[8.880186538742905,45.33180445455239,0.0],[8.880203146875376,45.33177177888037,0.0],[8.880203390391928,45.33177128405865,0.0],[8.88024035378421,45.33168397321413,0.0],[8.880240546404993,45.33168340632776,0.0],[8.880243089841175,45.33167552376614,0.0],[8.880245467412422,45.33166762302776,0.0],[8.880247666395041,45.33165968609644,0.0],[8.880249686751172,45.33165173097503,0.0],[8.880251554004264,45.33164375769022,0.0],[8.880253229888272,45.33163575720054,0.0],[8.880262462115212,45.33159680880969,0.0],[8.880270762973334,45.33155774242331,0.0],[8.880278145150312,45.3315185940605,0.0],[8.880284595905321,45.33147935470664,0.0],[8.880290115183373,45.33144005136609,0.0],[8.880294702967417,45.33140069304036,0.0],[8.880294716032452,45.33140054903162,0.0],[8.880297778766431,45.33136423158132,0.0],[8.880297778975006,45.33136413256609,0.0],[8.880298953251799,45.33134586094906,0.0],[8.88029988509481,45.33132757107506,0.0],[8.88030057446634,45.33130928094691,0.0],[8.880301021366622,45.3312909905646,0.0],[8.880301225814861,45.33127269092672,0.0],[8.880301187773362,45.33125440003608,0.0],[8.880301188095693,45.33125424701255,0.0],[8.880299448032956,45.33119579007786,0.0],[8.88029943559369,45.33119563704097,0.0],[8.880298648392714,45.33118161203002,0.0],[8.880297720795639,45.33116759587328,0.0],[8.88029665282153,45.33115357956939,0.0],[8.880295431689952,45.33113957210634,0.0],[8.880294082924166,45.33112557351088,0.0],[8.880292581001115,45.33111158375627,0.0],[8.880244020752967,45.3306827419938,0.0],[8.88021156048408,45.33049268831645,0.0],[8.880210022506002,45.33048371230348,0.0],[8.880115278531235,45.33004347122154,0.0],[8.880182006432028,45.32921488084838,0.0],[8.880223756350842,45.32901728975977,0.0],[8.880264126585727,45.32882632223811,0.0],[8.880512671510118,45.32765023354942,0.0],[8.880732747981462,45.32660890147321,0.0],[8.880732773823711,45.32660874847622,0.0],[8.880751384372799,45.32650877123991,0.0],[8.880769497290036,45.32640874847229,0.0],[8.880787074296471,45.32630868013364,0.0],[8.880804153676348,45.32620856626416,0.0],[8.88082069715089,45.32610840682416,0.0],[8.880836742985313,45.32600821085514,0.0],[8.880842899571325,45.32596880909949,0.0],[8.880846948347566,45.32594269122755,0.0],[8.880850946097265,45.32591656430069,0.0],[8.880854918322457,45.32589043734698,0.0],[8.880858852262772,45.32586431035304,0.0],[8.88086276067865,45.32583818333225,0.0],[8.880866618068207,45.32581204725655,0.0],[8.880889474690209,45.32565244005946,0.0],[8.880889501720018,45.32565171997472,0.0],[8.880892978996823,45.32556339274598,0.0],[8.880896532805552,45.32547507459698,0.0],[8.880900163183602,45.32538674752496,0.0],[8.880903870092862,45.32529842953263,0.0],[8.880907653551866,45.32521011161862,0.0],[8.880911513560234,45.32512179378293,0.0],[8.880912900108488,45.32509340477298,0.0],[8.880914299415544,45.3250650157762,0.0],[8.880915698740042,45.32503661777785,0.0],[8.880917110804454,45.32500822879404,0.0],[8.880918535627632,45.32497983982338,0.0],[8.88091996044936,45.32495145085254,0.0],[8.880919960751097,45.32495130683026,0.0],[8.880944832431581,45.32414621932422,0.0],[8.880938960204896,45.32404999708591,0.0],[8.880934049381391,45.32398213930495,0.0],[8.880932083674509,45.32395200052008,0.0],[8.880918670899518,45.32384333046142,0.0],[8.880913451985524,45.3237520146689,0.0],[8.880894127216092,45.32341396437772,0.0],[8.880885060474483,45.32326518852899,0.0],[8.880884926957314,45.3232436570036,0.0],[8.88087939381227,45.32290048125317,0.0],[8.880874300491609,45.3223474649101,0.0],[8.880873850861512,45.32228194312606,0.0],[8.880872807031302,45.32212855788702,0.0],[8.880870797526816,45.32182103135889,0.0],[8.880865507474441,45.32100884585051,0.0],[8.880862218317205,45.32050830948343,0.0],[8.880857274970069,45.31975604660986,0.0],[8.88085583329536,45.3190680664459,0.0],[8.880852156491537,45.31850297129706,0.0],[8.880850149412682,45.31819438240714,0.0],[8.880848980183444,45.31801565791863,0.0],[8.880848148858927,45.3179618285362,0.0],[8.880765967437993,45.31792671823424,0.0],[8.877511072678391,45.30941537367043,0.0],[8.877599989765491,45.30938452204997,0.0],[8.877557523622999,45.30934257484158,0.0],[8.877512702519894,45.30929832072359,0.0],[8.87749195322153,45.30927782920064,0.0],[8.876487811558484,45.30823699158847,0.0],[8.876444689761323,45.30819227980685,0.0],[8.875866942740242,45.3075933996629,0.0],[8.875819389157927,45.30755742322222,0.0],[8.875381926731635,45.30710783787441,0.0],[8.875261791558511,45.30698436898792,0.0],[8.87520517969967,45.3069261758386,0.0],[8.87510403465154,45.30682220664914,0.0],[8.875067354225232,45.30678450450146,0.0]]]}},{"type":"Feature","properties":{"name":"SCAVO","folders":"A","description":"Ferrera Erbognone – Path A (Yellow) – Tratta 20 | 12928 m | COORDINAMENTO","altitude":0.0,"alt_mode":"","time_begin":"","time_end":"","time_when":"","Lunghezza":12928.18,"LOTTO":"FERRERA_ERBOGNONE","CLUSTER":20,"PATH_ID":"A","TRATTA_ID":"A-20","STATO_LEGENDA":"COORDINAMENTO","STATO_AUTORIZZAZIONE":"COORDINAMENTO","LUNGHEZZA":12928.18,"COMUNE":"Zeccone","PRATICA":"","TIPOLOGIA":"Scavo tradizionale","ENTE":"Comune di Zeccone","ENTE_TIPO":"Anas Routes"},"geometry":{"type":"MultiLineString","coordinates":[[[8.875067354225232,45.30678450450146,0.0],[8.873680159915931,45.30535503485859,0.0],[8.873565383417507,45.3053663126919,0.0],[8.926644197601687,45.39619272363708,0.0],[8.926728299709506,45.39614633991063,0.0],[8.926721546539094,45.39613223054106,0.0],[8.926482963167132,45.39565924791516,0.0],[8.92612829271925,45.39495715160768,0.0],[8.925699658193384,45.39412899677936,0.0],[8.925257663344135,45.39321116948381,0.0],[8.925232946387625,45.39315985487123,0.0],[8.925168593397148,45.39302619735823,0.0],[8.925128944622314,45.39294388144433,0.0],[8.924651642778166,45.39192158630136,0.0],[8.924265904147871,45.39109061852674,0.0],[8.92413158714261,45.39084206627589,0.0],[8.9241417407181,45.3908153481345,0.0],[8.923873008303735,45.39031807205741,0.0],[8.923850044985462,45.39027555256751,0.0],[8.92351006217671,45.38964393751684,0.0],[8.923466713311269,45.38960908240949,0.0],[8.923457704133646,45.38959235193774,0.0],[8.922995234934564,45.38874363150786,0.0],[8.922787602191573,45.38850529862067,0.0],[8.92275330800668,45.3884732037576,0.0],[8.922450800575664,45.38817006860409,0.0],[8.922449230736358,45.3881690323873,0.0],[8.922371031127753,45.38811833788131,0.0],[8.922291488927934,45.38806867755893,0.0],[8.922210655196613,45.38802007845609,0.0],[8.922128542694628,45.38797254958008,0.0],[8.922045176932153,45.38792611794952,0.0],[8.921960596230546,45.38788078358789,0.0],[8.921960443049654,45.38788070247142,0.0],[8.921857744654874,45.38782883870252,0.0],[8.92185691495451,45.3878283790679,0.0],[8.921852269443864,45.38782521642869,0.0],[8.921850852433508,45.3878245313594,0.0],[8.921792486405057,45.38779671335834,0.0],[8.921733340068792,45.38776971391219,0.0],[8.921673451733854,45.3877435420473,0.0],[8.921612834160534,45.3877182067726,0.0],[8.921551525645182,45.38769372611586,0.0],[8.921489538960245,45.38767010008472,0.0],[8.921475647558012,45.38766499579218,0.0],[8.921433794064564,45.38765001582962,0.0],[8.921391966191758,45.38763499986409,0.0],[8.92135015115288,45.38761995688807,0.0],[8.92130837450906,45.38760487791792,0.0],[8.921266623498543,45.38758975394355,0.0],[8.921224898096408,45.38757460296758,0.0],[8.921223634078872,45.38757414302883,0.0],[8.920936746321368,45.38750253738672,0.0],[8.920667390171888,45.38740939405533,0.0],[8.920558918814294,45.38738562720705,0.0],[8.919667700773104,45.38713925001112,0.0],[8.919656042471424,45.38713603734332,0.0],[8.91922865727447,45.38701838578357,0.0],[8.918862363162027,45.38690735599563,0.0],[8.918786838051316,45.38687467255529,0.0],[8.918785650597984,45.38687429365577,0.0],[8.918673840896577,45.38683696666114,0.0],[8.918563810602791,45.38679709345333,0.0],[8.918455700204055,45.38675470114171,0.0],[8.918349611812518,45.38670985281382,0.0],[8.918245660352062,45.38666258456281,0.0],[8.918143947945309,45.38661295047547,0.0],[8.917971353217498,45.38651855588162,0.0],[8.917806752750055,45.38641732577842,0.0],[8.917650695371458,45.38630958464315,0.0],[8.917503691522247,45.38619569293171,0.0],[8.917366251603063,45.38607602910329,0.0],[8.917238796556918,45.38595098955492,0.0],[8.917210160406553,45.38581765030532,0.0],[8.916817463299965,45.38532222955874,0.0],[8.916757828963165,45.3852220374572,0.0],[8.91671988063056,45.38515939663054,0.0],[8.916472299779004,45.38474289589575,0.0],[8.91605152663378,45.3841099657392,0.0],[8.915290743237103,45.38296713653733,0.0]]]}},{"type":"Feature","properties":{"name":"SCAVO","folders":"A","description":"Ferrera Erbognone – Path A (Yellow) – Tratta 21 | 2077 m | IN ATTESA","altitude":0.0,"alt_mode":"","time_begin":"","time_end":"","time_when":"","Lunghezza":2076.61,"LOTTO":"FERRERA_ERBOGNONE","CLUSTER":21,"PATH_ID":"A","TRATTA_ID":"A-21","STATO_LEGENDA":"IN ATTESA","STATO_AUTORIZZAZIONE":"IN ATTESA","LUNGHEZZA":2076.61,"COMUNE":"Noviglio","PRATICA":"","TIPOLOGIA":"Scavo tradizionale","ENTE":"Comune di Noviglio","ENTE_TIPO":""},"geometry":{"type":"MultiLineString","coordinates":[[[8.915290743237103,45.38296713653733,0.0],[8.914701665672526,45.38177789355391,0.0],[8.914704887397043,45.38169949443665,0.0],[8.914636066621876,45.38153818431956,0.0],[8.914601890328665,45.38145909114837,0.0],[8.914596546140427,45.38144551315693,0.0],[8.914592567538305,45.38142419504813,0.0],[8.914591538164117,45.38142071976756,0.0],[8.91412874851894,45.38034989028723,0.0],[8.913368976743604,45.37853599932254,0.0],[8.913347291955459,45.37848417122924,0.0],[8.91333136940412,45.37844781178562,0.0],[8.912927978190744,45.37758571776382,0.0],[8.912899182285203,45.37752417172104,0.0],[8.912744701311249,45.37719401105306,0.0],[8.912727095534803,45.37715639904618,0.0],[8.912710877380382,45.3771217405331,0.0],[8.912229195039082,45.37634627580898,0.0],[8.912205207916077,45.37631437465784,0.0],[8.912144030359984,45.37621589805664,0.0],[8.912083076518622,45.37612154420318,0.0],[8.912078680809017,45.3761147448141,0.0],[8.911946466237339,45.3759100786942,0.0],[8.911935394233922,45.37589294962434,0.0],[8.911934820920285,45.37589204004775,0.0],[8.911700831352551,45.37554716237421,0.0],[8.911686794592853,45.37549842730767,0.0],[8.91165132567171,45.37543423837747,0.0],[8.911591956928175,45.37534822971075,0.0],[8.911529984926997,45.37524458538373,0.0],[8.91144395803213,45.37507137807145,0.0],[8.911307582716047,45.37490065197836,0.0],[8.911271540801135,45.3746807033945,0.0],[8.911237413730941,45.37456761111969,0.0],[8.91120675167077,45.37454999868046,0.0],[8.911202968204151,45.37453568361756,0.0],[8.911199261381649,45.37452135961276,0.0],[8.911195643974537,45.37450702667596,0.0],[8.911192103225503,45.37449267579597,0.0],[8.911188651877653,45.37447832498536,0.0],[8.911185289959095,45.37446395624145,0.0],[8.911185277258202,45.37446391122491,0.0],[8.911172605298079,45.3744085791688,0.0],[8.911160597583699,45.37435317561675,0.0],[8.911149241341858,45.374297700559,0.0],[8.911138549327875,45.37424216300696,0.0],[8.911128508754476,45.37418657195226,0.0],[8.91111913241922,45.3741309094023,0.0],[8.91111913244742,45.37413089139966,0.0],[8.911112454578607,45.37408916501512,0.0],[8.911106134370856,45.37404740290288,0.0],[8.911100171795185,45.37400562306569,0.0],[8.91109454132247,45.37396381648237,0.0],[8.911089281251511,45.37392199218412,0.0],[8.911084366053206,45.37388014114977,0.0],[8.911084340807001,45.37387995210207,0.0],[8.910959287200448,45.37301586143955,0.0],[8.910941536868625,45.37289291634315,0.0],[8.910932943589165,45.37283494103217,0.0],[8.910932046443792,45.37282882842471,0.0],[8.910853432030487,45.37229803923476,0.0],[8.910834767474048,45.37217202393641,0.0],[8.910796137214202,45.37191108998219,0.0],[8.910575038873782,45.37032135249885,0.0],[8.910554809827769,45.3701759559983,0.0],[8.910554230605264,45.37017074376811,0.0],[8.910352065458504,45.36890783197168,0.0],[8.91034280868047,45.36884218691037,0.0],[8.910311450777845,45.36862057621715,0.0],[8.910311145833623,45.36861960383259,0.0],[8.910310841287727,45.36861837941071,0.0],[8.910310677240563,45.36861713709645,0.0],[8.910310653663648,45.36861589489249,0.0],[8.91031078332701,45.36861465280887,0.0],[8.910311053446389,45.36861341983689,0.0],[8.910311463993335,45.3686122139792,0.0],[8.910312014982043,45.36861102623448,0.0],[8.910312706369853,45.3686098836067,0.0],[8.910313525400934,45.36860877708452,0.0],[8.910314472046853,45.36860772467061,0.0],[8.910315533523361,45.36860673535626,0.0],[8.910316722600456,45.36860580915149,0.0],[8.910324610763645,45.3686000814888,0.0],[8.910313086174131,45.36852308394635,0.0],[8.910291536813581,45.36850285900657,0.0],[8.910287415236278,45.36848471806138,0.0],[8.910307443376247,45.36846554292497,0.0],[8.910297391526818,45.36841824196974,0.0],[8.910247128958462,45.36803865179881,0.0],[8.910152943418982,45.36736579920775,0.0],[8.90995944068954,45.36609568282738,0.0],[8.909819289036019,45.36517567945262,0.0],[8.909783746025818,45.3649385378393,0.0],[8.909681824885787,45.3649207876431,0.0]]]}},{"type":"Feature","properties":{"name":"SCAVO","folders":"B","description":"Ferrera Erbognone – Path B (Purple) – Tratta 1 | 3437 m | OTTENUTO","altitude":0.0,"alt_mode":"","time_begin":"","time_end":"","time_when":"","Lunghezza":3436.71,"LOTTO":"FERRERA_ERBOGNONE","CLUSTER":1,"PATH_ID":"B","TRATTA_ID":"B-01","STATO_LEGENDA":"OTTENUTO","STATO_AUTORIZZAZIONE":"OTTENUTO","LUNGHEZZA":3436.71,"COMUNE":"Tribiano","PRATICA":"AUT/FEB-001","TIPOLOGIA":"Open Trench","ENTE":"Comune di Tribiano","ENTE_TIPO":"AIPO","STATO_NULLAOSTA":"OTTENUTO"},"geometry":{"type":"MultiLineString","coordinates":[[[8.862042473390188,45.10048044494022,0.0],[8.86198663180879,45.10035796886283,0.0],[8.861717415138592,45.10042846034889,0.0],[8.859596260594842,45.10105190269503,0.0],[8.85912887928129,45.09992645048587,0.0],[8.858843385233309,45.09890369049275,0.0],[8.858371414198793,45.09770983857893,0.0],[8.858515261247007,45.09669105342526,0.0],[8.857417321419092,45.09422803488215,0.0],[8.857174495335192,45.09349607229627,0.0],[8.856897602742118,45.0927439091083,0.0],[8.859998330013582,45.09098830415151,0.0],[8.86366050016699,45.08952740900791,0.0],[8.866126796457163,45.0886624678299,0.0],[8.866826980456743,45.08866274274568,0.0],[8.86653049642246,45.08828772424646,0.0],[8.865765951093675,45.0880476557535,0.0],[8.863050716191417,45.08647255804819,0.0],[8.861161042021934,45.08529981066,0.0],[8.858385621132623,45.08284250107976,0.0],[8.856293009568832,45.08105350004558,0.0],[8.854307927901308,45.08119728314731,0.0]]]}},{"type":"Feature","properties":{"name":"SCAVO","folders":"B","description":"Ferrera Erbognone – Path B (Purple) – Tratta 2 | 107 m | OTTENUTO","altitude":0.0,"alt_mode":"","time_begin":"","time_end":"","time_when":"","Lunghezza":107.38,"LOTTO":"FERRERA_ERBOGNONE","CLUSTER":2,"PATH_ID":"B","TRATTA_ID":"B-02","STATO_LEGENDA":"OTTENUTO","STATO_AUTORIZZAZIONE":"OTTENUTO","LUNGHEZZA":107.38,"COMUNE":"Casorate Primo","PRATICA":"AUT/FEB-002","TIPOLOGIA":"Scavo tradizionale","ENTE":"Comune di Casorate Primo","ENTE_TIPO":null,"STATO_NULLAOSTA":"OTTENUTO"},"geometry":{"type":"MultiLineString","coordinates":[[[8.854307927901308,45.08119728314731,0.0],[8.853085773411816,45.08076381771191,0.0]]]}},{"type":"Feature","properties":{"name":"SCAVO","folders":"B","description":"Ferrera Erbognone – Path B (Purple) – Tratta 3 | 6789 m | OTTENUTO","altitude":0.0,"alt_mode":"","time_begin":"","time_end":"","time_when":"","Lunghezza":6788.53,"LOTTO":"FERRERA_ERBOGNONE","CLUSTER":3,"PATH_ID":"B","TRATTA_ID":"B-03","STATO_LEGENDA":"OTTENUTO","STATO_AUTORIZZAZIONE":"OTTENUTO","LUNGHEZZA":6788.53,"COMUNE":"Dorno","PRATICA":"AUT/FEB-003","TIPOLOGIA":"Scavo tradizionale","ENTE":"Comune di Dorno","ENTE_TIPO":"Railway","STATO_NULLAOSTA":"OTTENUTO"},"geometry":{"type":"MultiLineString","coordinates":[[[8.853085773411816,45.08076381771191,0.0],[8.851087132628983,45.08013340398753,0.0],[8.848070679049345,45.07917164184806,0.0],[8.84638921344745,45.07864067298982,0.0],[8.844708334670923,45.07877882444519,0.0],[8.84380423498125,45.0790014895668,0.0],[8.839708780094968,45.07856542075093,0.0],[8.836923181193283,45.07762469821225,0.0],[8.835550066136346,45.07684518090139,0.0],[8.835263161505633,45.077096406435,0.0],[8.826062874324034,45.08702504392103,0.0],[8.825723105426137,45.08726706800748,0.0],[8.824245573378347,45.08916348556939,0.0],[8.823602786886934,45.0903600688516,0.0],[8.82296520051835,45.09239886296407,0.0],[8.82257652287694,45.09289009539066,0.0],[8.819021510360175,45.09692171849743,0.0],[8.818653413388471,45.09675542701166,0.0],[8.818282620751356,45.09724517861722,0.0],[8.808427061300153,45.10890941277241,0.0],[8.803883706956608,45.11316177939192,0.0],[8.803132049068257,45.11443425548981,0.0],[8.802706473047213,45.11549075564685,0.0],[8.801842485150985,45.11682882905344,0.0],[8.801593965656462,45.11735738928181,0.0]]]}},{"type":"Feature","properties":{"name":"SCAVO","folders":"B","description":"Ferrera Erbognone – Path B (Purple) – Tratta 4 | 659 m | IN FIRMA RDS","altitude":0.0,"alt_mode":"","time_begin":"","time_end":"","time_when":"","Lunghezza":659.05,"LOTTO":"FERRERA_ERBOGNONE","CLUSTER":4,"PATH_ID":"B","TRATTA_ID":"B-04","STATO_LEGENDA":"IN FIRMA RDS","STATO_AUTORIZZAZIONE":"IN FIRMA RDS","LUNGHEZZA":659.05,"COMUNE":"Zeccone","PRATICA":"","TIPOLOGIA":"Open Trench","ENTE":"Comune di Zeccone","ENTE_TIPO":"ANAS"},"geometry":{"type":"MultiLineString","coordinates":[[[8.801593965656462,45.11735738928181,0.0],[8.797768993927633,45.1191690183243,0.0],[8.796097095754387,45.11981236518542,0.0],[8.796052788771044,45.11986214278817,0.0],[8.79508956677432,45.12049203129645,0.0],[8.795422664526322,45.1207473830691,0.0]]]}},{"type":"Feature","properties":{"name":"SCAVO","folders":"B","description":"Ferrera Erbognone – Path B (Purple) – Tratta 5 | 356 m | PROTOCOLLATO","altitude":0.0,"alt_mode":"","time_begin":"","time_end":"","time_when":"","Lunghezza":356.08,"LOTTO":"FERRERA_ERBOGNONE","CLUSTER":5,"PATH_ID":"B","TRATTA_ID":"B-05","STATO_LEGENDA":"PROTOCOLLATO","STATO_AUTORIZZAZIONE":"PROTOCOLLATO","LUNGHEZZA":356.08,"COMUNE":"Vittuone","PRATICA":"","TIPOLOGIA":"Scavo tradizionale","ENTE":"Comune di Vittuone","ENTE_TIPO":"AIPO"},"geometry":{"type":"MultiLineString","coordinates":[[[8.795422664526322,45.1207473830691,0.0],[8.798902049774519,45.12280352260329,0.0]]]}},{"type":"Feature","properties":{"name":"SCAVO","folders":"B","description":"Ferrera Erbognone – Path B (Purple) – Tratta 6 | 8328 m | COORDINAMENTO","altitude":0.0,"alt_mode":"","time_begin":"","time_end":"","time_when":"","Lunghezza":8327.83,"LOTTO":"FERRERA_ERBOGNONE","CLUSTER":6,"PATH_ID":"B","TRATTA_ID":"B-06","STATO_LEGENDA":"COORDINAMENTO","STATO_AUTORIZZAZIONE":"COORDINAMENTO","LUNGHEZZA":8327.83,"COMUNE":"Cusago","PRATICA":"","TIPOLOGIA":"Scavo tradizionale","ENTE":"Comune di Cusago","ENTE_TIPO":"Irrigation Consortia"},"geometry":{"type":"MultiLineString","coordinates":[[[8.798902049774519,45.12280352260329,0.0],[8.80013282964404,45.12543507346479,0.0],[8.800128583245527,45.12651749439963,0.0],[8.800095004886554,45.12689813286502,0.0],[8.799670126824102,45.12872675623413,0.0],[8.789454382215078,45.17083667576954,0.0],[8.79062267847787,45.17369378718007,0.0],[8.791002700487311,45.17387026280771,0.0],[8.791096608709509,45.17424794310941,0.0],[8.79115370699633,45.17455032148677,0.0],[8.791310332263665,45.17544415930803,0.0],[8.791254711225069,45.17562231477072,0.0],[8.79039847046949,45.17635005571477,0.0],[8.790406725574831,45.17747162916265,0.0],[8.790259666452112,45.17773261211354,0.0],[8.788124578595678,45.17954286687174,0.0],[8.773256517145924,45.1920492553595,0.0]]]}},{"type":"Feature","properties":{"name":"SCAVO","folders":"B","description":"Ferrera Erbognone – Path B (Purple) – Tratta 7 | 3863 m | INVIATO","altitude":0.0,"alt_mode":"","time_begin":"","time_end":"","time_when":"","Lunghezza":3863.35,"LOTTO":"FERRERA_ERBOGNONE","CLUSTER":7,"PATH_ID":"B","TRATTA_ID":"B-07","STATO_LEGENDA":"INVIATO","STATO_AUTORIZZAZIONE":"INVIATO","LUNGHEZZA":3863.35,"COMUNE":"Dorno","PRATICA":"","TIPOLOGIA":"Open Trench","ENTE":"Comune di Dorno","ENTE_TIPO":"Irrigation Consortia"},"geometry":{"type":"MultiLineString","coordinates":[[[8.773256517145924,45.1920492553595,0.0],[8.769961451251966,45.19480597940485,0.0],[8.766675431661774,45.2018891304671,0.0],[8.76382884762451,45.20449573863662,0.0],[8.753581027392528,45.21519630324596,0.0],[8.752916827008914,45.21708517276463,0.0],[8.75108657116795,45.22247744476562,0.0]]]}},{"type":"Feature","properties":{"name":"SCAVO","folders":"B","description":"Ferrera Erbognone – Path B (Purple) – Tratta 8 | 2363 m | PROTOCOLLATO","altitude":0.0,"alt_mode":"","time_begin":"","time_end":"","time_when":"","Lunghezza":2362.92,"LOTTO":"FERRERA_ERBOGNONE","CLUSTER":8,"PATH_ID":"B","TRATTA_ID":"B-08","STATO_LEGENDA":"PROTOCOLLATO","STATO_AUTORIZZAZIONE":"PROTOCOLLATO","LUNGHEZZA":2362.92,"COMUNE":"Binasco","PRATICA":"","TIPOLOGIA":"No-Dig","ENTE":"Comune di Binasco","ENTE_TIPO":"Railway"},"geometry":{"type":"MultiLineString","coordinates":[[[8.75108657116795,45.22247744476562,0.0],[8.750817339935201,45.22910978283764,0.0],[8.749623652370168,45.23355906912222,0.0],[8.746948861495179,45.23851059547212,0.0],[8.746661964012608,45.23968270284409,0.0],[8.746902997686947,45.24087119103924,0.0],[8.74654455303089,45.24197008040419,0.0],[8.746644536969558,45.24232861910325,0.0],[8.74647754540904,45.24252556588047,0.0],[8.746185969798702,45.24263875903909,0.0],[8.746001551795894,45.24306216398417,0.0]]]}},{"type":"Feature","properties":{"name":"SCAVO","folders":"B","description":"Ferrera Erbognone – Path B (Purple) – Tratta 9 | 2628 m | IN ATTESA","altitude":0.0,"alt_mode":"","time_begin":"","time_end":"","time_when":"","Lunghezza":2628.05,"LOTTO":"FERRERA_ERBOGNONE","CLUSTER":9,"PATH_ID":"B","TRATTA_ID":"B-09","STATO_LEGENDA":"IN ATTESA","STATO_AUTORIZZAZIONE":"IN ATTESA","LUNGHEZZA":2628.05,"COMUNE":"San Genesio ed Uniti","PRATICA":"","TIPOLOGIA":"Scavo tradizionale","ENTE":"Comune di San Genesio ed Uniti","ENTE_TIPO":"Railway"},"geometry":{"type":"MultiLineString","coordinates":[[[8.746001551795894,45.24306216398417,0.0],[8.743171851128611,45.24956750089029,0.0],[8.743013407619578,45.25066908667155,0.0],[8.742774289663522,45.2509373798793,0.0],[8.7425805573889,45.25336116102463,0.0],[8.742671805914494,45.25338108287008,0.0],[8.74268630480946,45.25362322363095,0.0],[8.74279750352036,45.25369724825266,0.0],[8.743015346253191,45.25383094745764,0.0],[8.742812991652896,45.25610719125919,0.0],[8.74266543102258,45.25871737969426,0.0],[8.744923872731707,45.26601188890341,0.0]]]}},{"type":"Feature","properties":{"name":"SCAVO","folders":"B","description":"Ferrera Erbognone – Path B (Purple) – Tratta 10 | 5820 m | IN ATTESA","altitude":0.0,"alt_mode":"","time_begin":"","time_end":"","time_when":"","Lunghezza":5820.06,"LOTTO":"FERRERA_ERBOGNONE","CLUSTER":10,"PATH_ID":"B","TRATTA_ID":"B-10","STATO_LEGENDA":"IN ATTESA","STATO_AUTORIZZAZIONE":"IN ATTESA","LUNGHEZZA":5820.06,"COMUNE":"Noviglio","PRATICA":"","TIPOLOGIA":"Scavo tradizionale","ENTE":"Comune di Noviglio","ENTE_TIPO":"Irrigation Consortia"},"geometry":{"type":"MultiLineString","coordinates":[[[8.744923872731707,45.26601188890341,0.0],[8.745764634133566,45.26893739253635,0.0],[8.746872621380318,45.27275085553477,0.0],[8.747230111507198,45.27424226773494,0.0],[8.747275133271295,45.27463214959877,0.0],[8.747376328635724,45.27456663240398,0.0],[8.747663911704443,45.27540908149532,0.0],[8.747781838673752,45.27608239217152,0.0],[8.747134228952083,45.27620618505475,0.0],[8.746686705637757,45.28380988038612,0.0],[8.746216064121796,45.2890824979983,0.0],[8.746095391995086,45.2916932856657,0.0],[8.745534510110689,45.29893166830038,0.0],[8.748719180021931,45.30560207744493,0.0],[8.748866580648315,45.30985942057542,0.0],[8.749186893850759,45.31725286566806,0.0]]]}},{"type":"Feature","properties":{"name":"SCAVO","folders":"B","description":"Ferrera Erbognone – Path B (Purple) – Tratta 11 | 4520 m | OTTENUTO","altitude":0.0,"alt_mode":"","time_begin":"","time_end":"","time_when":"","Lunghezza":4520.2,"LOTTO":"FERRERA_ERBOGNONE","CLUSTER":11,"PATH_ID":"B","TRATTA_ID":"B-11","STATO_LEGENDA":"OTTENUTO","STATO_AUTORIZZAZIONE":"OTTENUTO","LUNGHEZZA":4520.2,"COMUNE":"Corbetta","PRATICA":"AUT/FEB-004","TIPOLOGIA":"Scavo tradizionale","ENTE":"Comune di Corbetta","ENTE_TIPO":"Irrigation Consortia","STATO_NULLAOSTA":"OTTENUTO"},"geometry":{"type":"MultiLineString","coordinates":[[[8.749186893850759,45.31725286566806,0.0],[8.761553206134383,45.32699939567523,0.0],[8.761738883912315,45.32724530893687,0.0],[8.761983447176696,45.33044448984433,0.0],[8.764396267747117,45.33269546405785,0.0],[8.765782412326296,45.33653959203489,0.0],[8.767826766396784,45.33726981898161,0.0],[8.769175883564106,45.33953175390224,0.0],[8.770673562473757,45.34238205193625,0.0],[8.771309982366581,45.3430425080726,0.0],[8.7754720889805,45.34631857001589,0.0],[8.77680372085237,45.34903801067207,0.0],[8.777552693451591,45.35112731182498,0.0]]]}},{"type":"Feature","properties":{"name":"SCAVO","folders":"B","description":"Ferrera Erbognone – Path B (Purple) – Tratta 12 | 1442 m | IN ATTESA","altitude":0.0,"alt_mode":"","time_begin":"","time_end":"","time_when":"","Lunghezza":1442.07,"LOTTO":"FERRERA_ERBOGNONE","CLUSTER":12,"PATH_ID":"B","TRATTA_ID":"B-12","STATO_LEGENDA":"IN ATTESA","STATO_AUTORIZZAZIONE":"IN ATTESA","LUNGHEZZA":1442.07,"COMUNE":"Borgarello","PRATICA":"","TIPOLOGIA":"Scavo tradizionale","ENTE":"Comune di Borgarello","ENTE_TIPO":"Irrigation Consortia"},"geometry":{"type":"MultiLineString","coordinates":[[[8.777552693451591,45.35112731182498,0.0],[8.79307227417138,45.35814537606768,0.0]]]}},{"type":"Feature","properties":{"name":"SCAVO","folders":"B","description":"Ferrera Erbognone – Path B (Purple) – Tratta 13 | 690 m | COORDINAMENTO","altitude":0.0,"alt_mode":"","time_begin":"","time_end":"","time_when":"","Lunghezza":689.86,"LOTTO":"FERRERA_ERBOGNONE","CLUSTER":13,"PATH_ID":"B","TRATTA_ID":"B-13","STATO_LEGENDA":"COORDINAMENTO","STATO_AUTORIZZAZIONE":"COORDINAMENTO","LUNGHEZZA":689.86,"COMUNE":"Bareggio","PRATICA":"","TIPOLOGIA":"Scavo tradizionale","ENTE":"Comune di Bareggio","ENTE_TIPO":"Irrigation Consortia"},"geometry":{"type":"MultiLineString","coordinates":[[[8.79307227417138,45.35814537606768,0.0],[8.801148181085445,45.36065332882181,0.0]]]}},{"type":"Feature","properties":{"name":"SCAVO","folders":"B","description":"Ferrera Erbognone – Path B (Purple) – Tratta 14 | 10414 m | INVIATO","altitude":0.0,"alt_mode":"","time_begin":"","time_end":"","time_when":"","Lunghezza":10414.14,"LOTTO":"FERRERA_ERBOGNONE","CLUSTER":14,"PATH_ID":"B","TRATTA_ID":"B-14","STATO_LEGENDA":"INVIATO","STATO_AUTORIZZAZIONE":"INVIATO","LUNGHEZZA":10414.14,"COMUNE":"Vidigulfo","PRATICA":"","TIPOLOGIA":"Scavo tradizionale","ENTE":"Comune di Vidigulfo","ENTE_TIPO":"Railway"},"geometry":{"type":"MultiLineString","coordinates":[[[8.801148181085445,45.36065332882181,0.0],[8.801153395623306,45.36099435973931,0.0],[8.798461774956717,45.36551565721286,0.0],[8.798025534575197,45.36629943508999,0.0],[8.800030150636884,45.3712408783918,0.0],[8.802144104520227,45.3763958652723,0.0],[8.798441346094673,45.38502496437241,0.0],[8.797239163285113,45.38667267257959,0.0],[8.794481015939738,45.38981850932129,0.0],[8.792494742096356,45.39253728550104,0.0],[8.791329420528113,45.39494097678018,0.0],[8.790953097935985,45.39617243145771,0.0],[8.791333576416667,45.39665417469424,0.0],[8.790927056977875,45.39710503426715,0.0],[8.791659085006689,45.407039360862,0.0],[8.791983132723509,45.40741248250324,0.0],[8.79141254891195,45.40783033074185,0.0],[8.789877641220222,45.416097935693,0.0],[8.790017444077133,45.41651273214545,0.0],[8.789498777617613,45.41679605471219,0.0],[8.785488736571253,45.42145935224218,0.0],[8.783504244783414,45.42256342182927,0.0],[8.779760701938319,45.42346305046478,0.0],[8.78478217291395,45.43540306358525,0.0],[8.789975408799096,45.44676699417228,0.0]]]}},{"type":"Feature","properties":{"name":"SCAVO","folders":"B","description":"Ferrera Erbognone – Path B (Purple) – Tratta 15 | 1028 m | OTTENUTO","altitude":0.0,"alt_mode":"","time_begin":"","time_end":"","time_when":"","Lunghezza":1027.9,"LOTTO":"FERRERA_ERBOGNONE","CLUSTER":15,"PATH_ID":"B","TRATTA_ID":"B-15","STATO_LEGENDA":"OTTENUTO","STATO_AUTORIZZAZIONE":"OTTENUTO","LUNGHEZZA":1027.9,"COMUNE":"Vittuone","PRATICA":"AUT/FEB-005","TIPOLOGIA":"Scavo tradizionale","ENTE":"Comune di Vittuone","ENTE_TIPO":"AIPO","STATO_NULLAOSTA":"OTTENUTO"},"geometry":{"type":"MultiLineString","coordinates":[[[8.789975408799096,45.44676699417228,0.0],[8.802166513752717,45.45027497510116,0.0]]]}},{"type":"Feature","properties":{"name":"SCAVO","folders":"B","description":"Ferrera Erbognone – Path B (Purple) – Tratta 16 | 450 m | OTTENUTO","altitude":0.0,"alt_mode":"","time_begin":"","time_end":"","time_when":"","Lunghezza":449.68,"LOTTO":"FERRERA_ERBOGNONE","CLUSTER":16,"PATH_ID":"B","TRATTA_ID":"B-16","STATO_LEGENDA":"OTTENUTO","STATO_AUTORIZZAZIONE":"OTTENUTO","LUNGHEZZA":449.68,"COMUNE":"Gudo Visconti","PRATICA":"AUT/FEB-006","TIPOLOGIA":"Scavo tradizionale","ENTE":"Comune di Gudo Visconti","ENTE_TIPO":"ANAS","STATO_NULLAOSTA":"OTTENUTO"},"geometry":{"type":"MultiLineString","coordinates":[[[8.802166513752717,45.45027497510116,0.0],[8.807611814245767,45.45160246722841,0.0]]]}},{"type":"Feature","properties":{"name":"SCAVO","folders":"B","description":"Ferrera Erbognone – Path B (Purple) – Tratta 17 | 3312 m | IN FIRMA RDS","altitude":0.0,"alt_mode":"","time_begin":"","time_end":"","time_when":"","Lunghezza":3311.92,"LOTTO":"FERRERA_ERBOGNONE","CLUSTER":17,"PATH_ID":"B","TRATTA_ID":"B-17","STATO_LEGENDA":"IN FIRMA RDS","STATO_AUTORIZZAZIONE":"IN FIRMA RDS","LUNGHEZZA":3311.92,"COMUNE":"Casorate Primo","PRATICA":"","TIPOLOGIA":"Scavo tradizionale","ENTE":"Comune di Casorate Primo","ENTE_TIPO":"Irrigation Consortia"},"geometry":{"type":"MultiLineString","coordinates":[[[8.807611814245767,45.45160246722841,0.0],[8.815636739219226,45.45294506815484,0.0],[8.824695305614739,45.45494094432528,0.0],[8.84814753724735,45.46041422784362,0.0]]]}},{"type":"Feature","properties":{"name":"SCAVO","folders":"B","description":"Ferrera Erbognone – Path B (Purple) – Tratta 18 | 1015 m | OTTENUTO","altitude":0.0,"alt_mode":"","time_begin":"","time_end":"","time_when":"","Lunghezza":1014.75,"LOTTO":"FERRERA_ERBOGNONE","CLUSTER":18,"PATH_ID":"B","TRATTA_ID":"B-18","STATO_LEGENDA":"OTTENUTO","STATO_AUTORIZZAZIONE":"OTTENUTO","LUNGHEZZA":1014.75,"COMUNE":"Sedriano","PRATICA":"AUT/FEB-007","TIPOLOGIA":"Scavo tradizionale","ENTE":"Comune di Sedriano","ENTE_TIPO":"Irrigation Consortia","STATO_NULLAOSTA":"OTTENUTO"},"geometry":{"type":"MultiLineString","coordinates":[[[8.84814753724735,45.46041422784362,0.0],[8.859042469181615,45.46228300452034,0.0],[8.860594099366672,45.46291624244759,0.0]]]}},{"type":"Feature","properties":{"name":"SCAVO","folders":"B","description":"Ferrera Erbognone – Path B (Purple) – Tratta 19 | 1193 m | INVIATO","altitude":0.0,"alt_mode":"","time_begin":"","time_end":"","time_when":"","Lunghezza":1192.93,"LOTTO":"FERRERA_ERBOGNONE","CLUSTER":19,"PATH_ID":"B","TRATTA_ID":"B-19","STATO_LEGENDA":"INVIATO","STATO_AUTORIZZAZIONE":"INVIATO","LUNGHEZZA":1192.93,"COMUNE":"Landriano","PRATICA":"","TIPOLOGIA":"Scavo tradizionale","ENTE":"Comune di Landriano","ENTE_TIPO":"Irrigation Consortia"},"geometry":{"type":"MultiLineString","coordinates":[[[8.860594099366672,45.46291624244759,0.0],[8.861881314948176,45.46374560937735,0.0],[8.863677837207554,45.46618441446036,0.0],[8.864415893646578,45.46635020802276,0.0],[8.864565311268834,45.46649399118156,0.0],[8.864544612423234,45.46676483559828,0.0],[8.864387497360035,45.46732028602815,0.0],[8.867789361519405,45.4719388959003,0.0]]]}},{"type":"Feature","properties":{"name":"SCAVO","folders":"B","description":"Ferrera Erbognone – Path B (Purple) – Tratta 20 | 270 m | OTTENUTO","altitude":0.0,"alt_mode":"","time_begin":"","time_end":"","time_when":"","Lunghezza":269.63,"LOTTO":"FERRERA_ERBOGNONE","CLUSTER":20,"PATH_ID":"B","TRATTA_ID":"B-20","STATO_LEGENDA":"OTTENUTO","STATO_AUTORIZZAZIONE":"OTTENUTO","LUNGHEZZA":269.63,"COMUNE":"Mulazzano","PRATICA":"AUT/FEB-008","TIPOLOGIA":"Scavo tradizionale","ENTE":"Comune di Mulazzano","ENTE_TIPO":"Irrigation Consortia","STATO_NULLAOSTA":"OTTENUTO"},"geometry":{"type":"MultiLineString","coordinates":[[[8.867789361519405,45.4719388959003,0.0],[8.870333715713159,45.47358096702329,0.0]]]}},{"type":"Feature","properties":{"name":"SCAVO","folders":"B","description":"Ferrera Erbognone – Path B (Purple) – Tratta 21 | 626 m | COORDINAMENTO","altitude":0.0,"alt_mode":"","time_begin":"","time_end":"","time_when":"","Lunghezza":626.13,"LOTTO":"FERRERA_ERBOGNONE","CLUSTER":21,"PATH_ID":"B","TRATTA_ID":"B-21","STATO_LEGENDA":"COORDINAMENTO","STATO_AUTORIZZAZIONE":"COORDINAMENTO","LUNGHEZZA":626.13,"COMUNE":"Zeccone","PRATICA":"","TIPOLOGIA":"Scavo tradizionale","ENTE":"Comune di Zeccone","ENTE_TIPO":"Irrigation Consortia"},"geometry":{"type":"MultiLineString","coordinates":[[[8.870333715713159,45.47358096702329,0.0],[8.877090933037262,45.47662336521068,0.0]]]}},{"type":"Feature","properties":{"name":"SCAVO","folders":"B","description":"Ferrera Erbognone – Path B (Purple) – Tratta 22 | 104 m | INVIATO","altitude":0.0,"alt_mode":"","time_begin":"","time_end":"","time_when":"","Lunghezza":103.6,"LOTTO":"FERRERA_ERBOGNONE","CLUSTER":22,"PATH_ID":"B","TRATTA_ID":"B-22","STATO_LEGENDA":"INVIATO","STATO_AUTORIZZAZIONE":"INVIATO","LUNGHEZZA":103.6,"COMUNE":"Cusago","PRATICA":"","TIPOLOGIA":"Scavo tradizionale","ENTE":"Comune di Cusago","ENTE_TIPO":"Irrigation Consortia"},"geometry":{"type":"MultiLineString","coordinates":[[[8.877090933037262,45.47662336521068,0.0],[8.877157048260438,45.47702059326188,0.0],[8.87735052163444,45.47715412891169,0.0],[8.877837482629907,45.47715531152951,0.0]]]}},{"type":"Feature","properties":{"name":"SCAVO","folders":"B","description":"Ferrera Erbognone – Path B (Purple) – Tratta 23 | 458 m | INVIATO","altitude":0.0,"alt_mode":"","time_begin":"","time_end":"","time_when":"","Lunghezza":458.37,"LOTTO":"FERRERA_ERBOGNONE","CLUSTER":23,"PATH_ID":"B","TRATTA_ID":"B-23","STATO_LEGENDA":"INVIATO","STATO_AUTORIZZAZIONE":"INVIATO","LUNGHEZZA":458.37,"COMUNE":"Ferrera Erbognone","PRATICA":"","TIPOLOGIA":"Scavo tradizionale","ENTE":"Comune di Ferrera Erbognone","ENTE_TIPO":"Irrigation Consortia"},"geometry":{"type":"MultiLineString","coordinates":[[[8.877837482629907,45.47715531152951,0.0],[8.880125845994487,45.47765026857811,0.0],[8.88357324035946,45.47800392233721,0.0]]]}},{"type":"Feature","properties":{"name":"SCAVO","folders":"B","description":"Ferrera Erbognone – Path B (Purple) – Tratta 24 | 698 m | COORDINAMENTO","altitude":0.0,"alt_mode":"","time_begin":"","time_end":"","time_when":"","Lunghezza":697.97,"LOTTO":"FERRERA_ERBOGNONE","CLUSTER":24,"PATH_ID":"B","TRATTA_ID":"B-24","STATO_LEGENDA":"COORDINAMENTO","STATO_AUTORIZZAZIONE":"COORDINAMENTO","LUNGHEZZA":697.97,"COMUNE":"Settimo Milanese","PRATICA":"","TIPOLOGIA":"Scavo tradizionale","ENTE":"Comune di Settimo Milanese","ENTE_TIPO":"Irrigation Consortia"},"geometry":{"type":"MultiLineString","coordinates":[[[8.88357324035946,45.47800392233721,0.0],[8.88824353878701,45.47766328336185,0.0],[8.8923626855636,45.47691137756056,0.0]]]}},{"type":"Feature","properties":{"name":"SCAVO","folders":"B","description":"Ferrera Erbognone – Path B (Purple) – Tratta 25 | 1253 m | IN ATTESA","altitude":0.0,"alt_mode":"","time_begin":"","time_end":"","time_when":"","Lunghezza":1252.78,"LOTTO":"FERRERA_ERBOGNONE","CLUSTER":25,"PATH_ID":"B","TRATTA_ID":"B-25","STATO_LEGENDA":"IN ATTESA","STATO_AUTORIZZAZIONE":"IN ATTESA","LUNGHEZZA":1252.78,"COMUNE":"Paullo","PRATICA":"","TIPOLOGIA":"Scavo tradizionale","ENTE":"Comune di Paullo","ENTE_TIPO":"Irrigation Consortia"},"geometry":{"type":"MultiLineString","coordinates":[[[8.8923626855636,45.47691137756056,0.0],[8.90333779052746,45.47145297499124,0.0],[8.904947250354493,45.47114169044684,0.0],[8.905513623910128,45.47118472924313,0.0],[8.905873776597081,45.47111898914734,0.0]]]}},{"type":"Feature","properties":{"name":"SCAVO","folders":"B","description":"Ferrera Erbognone – Path B (Purple) – Tratta 26 | 91 m | PROTOCOLLATO","altitude":0.0,"alt_mode":"","time_begin":"","time_end":"","time_when":"","Lunghezza":90.54,"LOTTO":"FERRERA_ERBOGNONE","CLUSTER":26,"PATH_ID":"B","TRATTA_ID":"B-26","STATO_LEGENDA":"PROTOCOLLATO","STATO_AUTORIZZAZIONE":"PROTOCOLLATO","LUNGHEZZA":90.54,"COMUNE":"Bascapè","PRATICA":"","TIPOLOGIA":"Scavo tradizionale","ENTE":"Comune di Bascapè","ENTE_TIPO":"Irrigation Consortia"},"geometry":{"type":"MultiLineString","coordinates":[[[8.905873776597081,45.47111898914734,0.0],[8.907016084858823,45.47126475394444,0.0]]]}},{"type":"Feature","properties":{"name":"SCAVO","folders":"B","description":"Ferrera Erbognone – Path B (Purple) – Tratta 27 | 3570 m | INVIATO","altitude":0.0,"alt_mode":"","time_begin":"","time_end":"","time_when":"","Lunghezza":3569.87,"LOTTO":"FERRERA_ERBOGNONE","CLUSTER":27,"PATH_ID":"B","TRATTA_ID":"B-27","STATO_LEGENDA":"INVIATO","STATO_AUTORIZZAZIONE":"INVIATO","LUNGHEZZA":3569.87,"COMUNE":"Ferrera Erbognone","PRATICA":"","TIPOLOGIA":"Scavo tradizionale","ENTE":"Comune di Ferrera Erbognone","ENTE_TIPO":"Irrigation Consortia"},"geometry":{"type":"MultiLineString","coordinates":[[[8.907016084858823,45.47126475394444,0.0],[8.94501556481994,45.48130965862327,0.0],[8.945619989043152,45.48140455106435,0.0],[8.948635426046467,45.48174253264111,0.0],[8.94895631757084,45.4819249635748,0.0],[8.949308352143412,45.481955396698,0.0],[8.949899053233834,45.48164929252082,0.0]]]}},{"type":"Feature","properties":{"name":"SCAVO","folders":"B","description":"Ferrera Erbognone – Path B (Purple) – Tratta 28 | 546 m | PROTOCOLLATO INTEGRAZIONE","altitude":0.0,"alt_mode":"","time_begin":"","time_end":"","time_when":"","Lunghezza":545.61,"LOTTO":"FERRERA_ERBOGNONE","CLUSTER":28,"PATH_ID":"B","TRATTA_ID":"B-28","STATO_LEGENDA":"PROTOCOLLATO INTEGRAZIONE","STATO_AUTORIZZAZIONE":"PROTOCOLLATO INTEGRAZIONE","LUNGHEZZA":545.61,"COMUNE":"Sedriano","PRATICA":"","TIPOLOGIA":"Scavo tradizionale","ENTE":"Comune di Sedriano","ENTE_TIPO":"Irrigation Consortia"},"geometry":{"type":"MultiLineString","coordinates":[[[8.949899053233834,45.48164929252082,0.0],[8.956345376512928,45.48194797624077,0.0],[8.956753525053214,45.48219364532495,0.0]]]}},{"type":"Feature","properties":{"name":"SCAVO","folders":"B","description":"Ferrera Erbognone – Path B (Purple) – Tratta 29 | 66 m | IN REDAZIONE","altitude":0.0,"alt_mode":"","time_begin":"","time_end":"","time_when":"","Lunghezza":66.12,"LOTTO":"FERRERA_ERBOGNONE","CLUSTER":29,"PATH_ID":"B","TRATTA_ID":"B-29","STATO_LEGENDA":"IN REDAZIONE","STATO_AUTORIZZAZIONE":"IN REDAZIONE","LUNGHEZZA":66.12,"COMUNE":"Landriano","PRATICA":"","TIPOLOGIA":"Scavo tradizionale","ENTE":"Comune di Landriano","ENTE_TIPO":"Irrigation Consortia"},"geometry":{"type":"MultiLineString","coordinates":[[[8.956753525053214,45.48219364532495,0.0],[8.956985134964842,45.4822071302729,0.0],[8.957525961232474,45.48200082087336,0.0]]]}},{"type":"Feature","properties":{"name":"SCAVO","folders":"B","description":"Ferrera Erbognone – Path B (Purple) – Tratta 30 | 1627 m | IN ATTESA","altitude":0.0,"alt_mode":"","time_begin":"","time_end":"","time_when":"","Lunghezza":1627.4,"LOTTO":"FERRERA_ERBOGNONE","CLUSTER":30,"PATH_ID":"B","TRATTA_ID":"B-30","STATO_LEGENDA":"IN ATTESA","STATO_AUTORIZZAZIONE":"IN ATTESA","LUNGHEZZA":1627.4,"COMUNE":"Tribiano","PRATICA":"","TIPOLOGIA":"Scavo tradizionale","ENTE":"Comune di Tribiano","ENTE_TIPO":"Irrigation Consortia"},"geometry":{"type":"MultiLineString","coordinates":[[[8.957525961232474,45.48200082087336,0.0],[8.978368576025403,45.48280633008998,0.0]]]}},{"type":"Feature","properties":{"name":"SCAVO","folders":"B","description":"Ferrera Erbognone – Path B (Purple) – Tratta 31 | 163 m | PROTOCOLLATO","altitude":0.0,"alt_mode":"","time_begin":"","time_end":"","time_when":"","Lunghezza":162.71,"LOTTO":"FERRERA_ERBOGNONE","CLUSTER":31,"PATH_ID":"B","TRATTA_ID":"B-31","STATO_LEGENDA":"PROTOCOLLATO","STATO_AUTORIZZAZIONE":"PROTOCOLLATO","LUNGHEZZA":162.71,"COMUNE":"Borgarello","PRATICA":"","TIPOLOGIA":"Scavo tradizionale","ENTE":"Comune di Borgarello","ENTE_TIPO":"Irrigation Consortia"},"geometry":{"type":"MultiLineString","coordinates":[[[8.978368576025403,45.48280633008998,0.0],[8.978884935139192,45.4829859231365,0.0],[8.97899014690599,45.48304451004645,0.0],[8.979040905777556,45.48336661984884,0.0],[8.979337496930214,45.48343090701026,0.0],[8.97991387619475,45.48330527463459,0.0]]]}},{"type":"Feature","properties":{"name":"SCAVO","folders":"B","description":"Ferrera Erbognone – Path B (Purple) – Tratta 32 | 656 m | OTTENUTO","altitude":0.0,"alt_mode":"","time_begin":"","time_end":"","time_when":"","Lunghezza":655.65,"LOTTO":"FERRERA_ERBOGNONE","CLUSTER":32,"PATH_ID":"B","TRATTA_ID":"B-32","STATO_LEGENDA":"OTTENUTO","STATO_AUTORIZZAZIONE":"OTTENUTO","LUNGHEZZA":655.65,"COMUNE":"Vittuone","PRATICA":"AUT/FEB-009","TIPOLOGIA":"Scavo tradizionale","ENTE":"Comune di Vittuone","ENTE_TIPO":"Irrigation Consortia","STATO_NULLAOSTA":"OTTENUTO"},"geometry":{"type":"MultiLineString","coordinates":[[[8.97991387619475,45.48330527463459,0.0],[8.980270542002017,45.4832783419573,0.0],[8.98088726724801,45.48302605759406,0.0],[8.981416082554514,45.48293666805114,0.0],[8.982108376719829,45.48296924819002,0.0],[8.983977281584835,45.48325628882504,0.0],[8.987928677859037,45.48422543149962,0.0]]]}},{"type":"Feature","properties":{"name":"SCAVO","folders":"B","description":"Ferrera Erbognone – Path B (Purple) – Tratta 33 | 194 m | PROTOCOLLATO INTEGRAZIONE","altitude":0.0,"alt_mode":"","time_begin":"","time_end":"","time_when":"","Lunghezza":193.69,"LOTTO":"FERRERA_ERBOGNONE","CLUSTER":33,"PATH_ID":"B","TRATTA_ID":"B-33","STATO_LEGENDA":"PROTOCOLLATO INTEGRAZIONE","STATO_AUTORIZZAZIONE":"PROTOCOLLATO INTEGRAZIONE","LUNGHEZZA":193.69,"COMUNE":"Ferrera Erbognone","PRATICA":"","TIPOLOGIA":"Scavo tradizionale","ENTE":"Comune di Ferrera Erbognone","ENTE_TIPO":"ANAS"},"geometry":{"type":"MultiLineString","coordinates":[[[8.987928677859037,45.48422543149962,0.0],[8.99029254038318,45.48476169224776,0.0]]]}},{"type":"Feature","properties":{"name":"SCAVO","folders":"B","description":"Ferrera Erbognone – Path B (Purple) – Tratta 34 | 362 m | PROTOCOLLATO","altitude":0.0,"alt_mode":"","time_begin":"","time_end":"","time_when":"","Lunghezza":361.82,"LOTTO":"FERRERA_ERBOGNONE","CLUSTER":34,"PATH_ID":"B","TRATTA_ID":"B-34","STATO_LEGENDA":"PROTOCOLLATO","STATO_AUTORIZZAZIONE":"PROTOCOLLATO","LUNGHEZZA":361.82,"COMUNE":"Ferrera Erbognone","PRATICA":"","TIPOLOGIA":"Scavo tradizionale","ENTE":"Comune di Ferrera Erbognone","ENTE_TIPO":"Irrigation Consortia"},"geometry":{"type":"MultiLineString","coordinates":[[[8.99029254038318,45.48476169224776,0.0],[8.990487338265185,45.48490206148513,0.0],[8.990785839586247,45.48489265377749,0.0],[8.991062401901095,45.48499179019102,0.0],[8.994628731799272,45.48581016684669,0.0]]]}},{"type":"Feature","properties":{"name":"SCAVO","folders":"B","description":"Ferrera Erbognone – Path B (Purple) – Tratta 35 | 49 m | OTTENUTO","altitude":0.0,"alt_mode":"","time_begin":"","time_end":"","time_when":"","Lunghezza":49.23,"LOTTO":"FERRERA_ERBOGNONE","CLUSTER":35,"PATH_ID":"B","TRATTA_ID":"B-35","STATO_LEGENDA":"OTTENUTO","STATO_AUTORIZZAZIONE":"OTTENUTO","LUNGHEZZA":49.23,"COMUNE":"Tribiano","PRATICA":"AUT/FEB-010","TIPOLOGIA":"Scavo tradizionale","ENTE":"Comune di Tribiano","ENTE_TIPO":"Irrigation Consortia","STATO_NULLAOSTA":"OTTENUTO"},"geometry":{"type":"MultiLineString","coordinates":[[[8.994628731799272,45.48581016684669,0.0],[8.995257858063297,45.48584813972454,0.0]]]}},{"type":"Feature","properties":{"name":"SCAVO","folders":"B","description":"Ferrera Erbognone – Path B (Purple) – Tratta 36 | 775 m | IN REDAZIONE","altitude":0.0,"alt_mode":"","time_begin":"","time_end":"","time_when":"","Lunghezza":774.95,"LOTTO":"FERRERA_ERBOGNONE","CLUSTER":36,"PATH_ID":"B","TRATTA_ID":"B-36","STATO_LEGENDA":"IN REDAZIONE","STATO_AUTORIZZAZIONE":"IN REDAZIONE","LUNGHEZZA":774.95,"COMUNE":"Gropello Cairoli","PRATICA":"","TIPOLOGIA":"Scavo tradizionale","ENTE":"Comune di Gropello Cairoli","ENTE_TIPO":"Irrigation Consortia"},"geometry":{"type":"MultiLineString","coordinates":[[[8.995257858063297,45.48584813972454,0.0],[9.005155975817443,45.48520429203621,0.0]]]}},{"type":"Feature","properties":{"name":"SCAVO","folders":"B","description":"Ferrera Erbognone – Path B (Purple) – Tratta 37 | 468 m | OTTENUTO","altitude":0.0,"alt_mode":"","time_begin":"","time_end":"","time_when":"","Lunghezza":468.03,"LOTTO":"FERRERA_ERBOGNONE","CLUSTER":37,"PATH_ID":"B","TRATTA_ID":"B-37","STATO_LEGENDA":"OTTENUTO","STATO_AUTORIZZAZIONE":"OTTENUTO","LUNGHEZZA":468.03,"COMUNE":"Zeccone","PRATICA":"AUT/FEB-011","TIPOLOGIA":"Scavo tradizionale","ENTE":"Comune di Zeccone","ENTE_TIPO":"Irrigation Consortia","STATO_NULLAOSTA":"OTTENUTO"},"geometry":{"type":"MultiLineString","coordinates":[[[9.005155975817443,45.48520429203621,0.0],[9.010950472164726,45.48630560406119,0.0]]]}},{"type":"Feature","properties":{"name":"SCAVO","folders":"B","description":"Ferrera Erbognone – Path B (Purple) – Tratta 38 | 572 m | OTTENUTO","altitude":0.0,"alt_mode":"","time_begin":"","time_end":"","time_when":"","Lunghezza":571.66,"LOTTO":"FERRERA_ERBOGNONE","CLUSTER":38,"PATH_ID":"B","TRATTA_ID":"B-38","STATO_LEGENDA":"OTTENUTO","STATO_AUTORIZZAZIONE":"OTTENUTO","LUNGHEZZA":571.66,"COMUNE":"Tribiano","PRATICA":"AUT/FEB-012","TIPOLOGIA":"Scavo tradizionale","ENTE":"Comune di Tribiano","ENTE_TIPO":"Irrigation Consortia","STATO_NULLAOSTA":"OTTENUTO"},"geometry":{"type":"MultiLineString","coordinates":[[[9.010950472164726,45.48630560406119,0.0],[9.012707296835906,45.48676127679965,0.0],[9.013993621310522,45.48697640287626,0.0],[9.017901143253937,45.48793002122982,0.0]]]}},{"type":"Feature","properties":{"name":"SCAVO","folders":"B","description":"Ferrera Erbognone – Path B (Purple) – Tratta 39 | 1535 m | OTTENUTO","altitude":0.0,"alt_mode":"","time_begin":"","time_end":"","time_when":"","Lunghezza":1535.49,"LOTTO":"FERRERA_ERBOGNONE","CLUSTER":39,"PATH_ID":"B","TRATTA_ID":"B-39","STATO_LEGENDA":"OTTENUTO","STATO_AUTORIZZAZIONE":"OTTENUTO","LUNGHEZZA":1535.49,"COMUNE":"Paullo","PRATICA":"AUT/FEB-013","TIPOLOGIA":"Scavo tradizionale","ENTE":"Comune di Paullo","ENTE_TIPO":"Irrigation Consortia","STATO_NULLAOSTA":"OTTENUTO"},"geometry":{"type":"MultiLineString","coordinates":[[[9.017901143253937,45.48793002122982,0.0],[9.021011680361344,45.48869062841867,0.0],[9.021850663149586,45.48876289086037,0.0],[9.022005704381819,45.48894593064873,0.0],[9.022279246809028,45.48891969038977,0.0],[9.022412669753841,45.48881451973339,0.0],[9.022944115210183,45.48881556953496,0.0],[9.023002408614966,45.48874083056788,0.0],[9.026076590830536,45.4890377817049,0.0],[9.030405323821052,45.48926152027424,0.0],[9.031414801879297,45.48691224337743,0.0],[9.032368529822936,45.48478478268128,0.0]]]}},{"type":"Feature","properties":{"name":"SCAVO","folders":"B","description":"Ferrera Erbognone – Path B (Purple) – Tratta 40 | 1502 m | OTTENUTO","altitude":0.0,"alt_mode":"","time_begin":"","time_end":"","time_when":"","Lunghezza":1502.41,"LOTTO":"FERRERA_ERBOGNONE","CLUSTER":40,"PATH_ID":"B","TRATTA_ID":"B-40","STATO_LEGENDA":"OTTENUTO","STATO_AUTORIZZAZIONE":"OTTENUTO","LUNGHEZZA":1502.41,"COMUNE":"Corsico","PRATICA":"AUT/FEB-014","TIPOLOGIA":"No-Dig","ENTE":"Comune di Corsico","ENTE_TIPO":"","STATO_NULLAOSTA":"OTTENUTO"},"geometry":{"type":"MultiLineString","coordinates":[[[9.032368529822936,45.48478478268128,0.0],[9.033444702188397,45.48306316175449,0.0],[9.03438338670961,45.48100929904643,0.0],[9.035739831979397,45.47835942524309,0.0],[9.03571750585369,45.47819442388969,0.0],[9.034737755820846,45.47786509015438,0.0],[9.03310680059699,45.47739179795289,0.0],[9.033486616130016,45.47718980145937,0.0],[9.035814101089098,45.47792863571163,0.0],[9.036977464249585,45.47829791184267,0.0],[9.037485047571119,45.47835682217642,0.0],[9.037870317569702,45.4778360127832,0.0],[9.038032915029998,45.47732274284467,0.0]]]}},{"type":"Feature","properties":{"name":"SCAVO","folders":"C","description":"Ferrera Erbognone – Path C (Green) – Tratta 1 | 382 m | PROTOCOLLATO INTEGRAZIONE","altitude":0.0,"alt_mode":"","time_begin":"","time_end":"","time_when":"","Lunghezza":381.77,"LOTTO":"FERRERA_ERBOGNONE","CLUSTER":1,"PATH_ID":"C","TRATTA_ID":"C-01","STATO_LEGENDA":"PROTOCOLLATO INTEGRAZIONE","STATO_AUTORIZZAZIONE":"PROTOCOLLATO INTEGRAZIONE","LUNGHEZZA":381.77,"COMUNE":"Marcignago","PRATICA":"","TIPOLOGIA":"Scavo tradizionale","ENTE":"Comune di Marcignago","ENTE_TIPO":"Irrigation Consortia"},"geometry":{"type":"MultiLineString","coordinates":[[[8.867444154867341,45.11419300966553,0.0],[8.867315285063572,45.11551259340194,0.0],[8.867217309697892,45.11569020070252,0.0],[8.867049335769646,45.11575886633038,0.0],[8.86683156418574,45.11581419668624,0.0],[8.865459719392577,45.11579273489726,0.0],[8.86454428744461,45.11587674601218,0.0]]]}},{"type":"Feature","properties":{"name":"SCAVO","folders":"C","description":"Ferrera Erbognone – Path C (Green) – Tratta 2 | 60 m | INVIATO","altitude":0.0,"alt_mode":"","time_begin":"","time_end":"","time_when":"","Lunghezza":60.37,"LOTTO":"FERRERA_ERBOGNONE","CLUSTER":2,"PATH_ID":"C","TRATTA_ID":"C-02","STATO_LEGENDA":"INVIATO","STATO_AUTORIZZAZIONE":"INVIATO","LUNGHEZZA":60.37,"COMUNE":"Gudo Visconti","PRATICA":"","TIPOLOGIA":"Scavo tradizionale","ENTE":"Comune di Gudo Visconti","ENTE_TIPO":"Anas"},"geometry":{"type":"MultiLineString","coordinates":[[[8.86454428744461,45.11587674601218,0.0],[8.863779433874253,45.11593559616234,0.0]]]}},{"type":"Feature","properties":{"name":"SCAVO","folders":"C","description":"Ferrera Erbognone – Path C (Green) – Tratta 3 | 1315 m | PROTOCOLLATO INTEGRAZIONE","altitude":0.0,"alt_mode":"","time_begin":"","time_end":"","time_when":"","Lunghezza":1314.76,"LOTTO":"FERRERA_ERBOGNONE","CLUSTER":3,"PATH_ID":"C","TRATTA_ID":"C-03","STATO_LEGENDA":"PROTOCOLLATO INTEGRAZIONE","STATO_AUTORIZZAZIONE":"PROTOCOLLATO INTEGRAZIONE","LUNGHEZZA":1314.76,"COMUNE":"Paullo","PRATICA":"","TIPOLOGIA":"Scavo tradizionale","ENTE":"Comune di Paullo","ENTE_TIPO":"Irrigation Consortia"},"geometry":{"type":"MultiLineString","coordinates":[[[8.863779433874253,45.11593559616234,0.0],[8.862205933051134,45.11580001279824,0.0],[8.862064358021936,45.11744509484004,0.0],[8.86205847028156,45.1174639269048,0.0],[8.861782067613127,45.12000200629777,0.0],[8.861969522572481,45.12047085558479,0.0],[8.861564717351339,45.12163205755718,0.0],[8.859789707580052,45.12602896376817,0.0],[8.859662326536359,45.1262488719092,0.0]]]}},{"type":"Feature","properties":{"name":"SCAVO","folders":"C","description":"Ferrera Erbognone – Path C (Green) – Tratta 4 | 1516 m | COORDINAMENTO","altitude":0.0,"alt_mode":"","time_begin":"","time_end":"","time_when":"","Lunghezza":1515.6,"LOTTO":"FERRERA_ERBOGNONE","CLUSTER":4,"PATH_ID":"C","TRATTA_ID":"C-04","STATO_LEGENDA":"COORDINAMENTO","STATO_AUTORIZZAZIONE":"COORDINAMENTO","LUNGHEZZA":1515.6,"COMUNE":"Dorno","PRATICA":"","TIPOLOGIA":"Scavo tradizionale","ENTE":"Comune di Dorno","ENTE_TIPO":"Irrigation Consortia"},"geometry":{"type":"MultiLineString","coordinates":[[[8.859662326536359,45.1262488719092,0.0],[8.860678036465544,45.13114650102685,0.0],[8.860945035137116,45.13230455175669,0.0],[8.86067251335993,45.13300885858258,0.0],[8.86037277763643,45.13386597156287,0.0],[8.860359636609083,45.13401222312979,0.0],[8.860685272650596,45.13481308857475,0.0],[8.860792379386774,45.13507205703279,0.0],[8.861340487271814,45.13657608675737,0.0],[8.86139166776256,45.13706473344242,0.0],[8.861385958316424,45.13719438252753,0.0],[8.861264406437861,45.13722909603553,0.0],[8.861069377855458,45.13728740115364,0.0],[8.861115445836248,45.13951728666596,0.0]]]}},{"type":"Feature","properties":{"name":"SCAVO","folders":"C","description":"Ferrera Erbognone – Path C (Green) – Tratta 5 | 8207 m | OTTENUTO","altitude":0.0,"alt_mode":"","time_begin":"","time_end":"","time_when":"","Lunghezza":8206.8,"LOTTO":"FERRERA_ERBOGNONE","CLUSTER":5,"PATH_ID":"C","TRATTA_ID":"C-05","STATO_LEGENDA":"OTTENUTO","STATO_AUTORIZZAZIONE":"OTTENUTO","LUNGHEZZA":8206.8,"COMUNE":"Bareggio","PRATICA":"AUT/FEC-001","TIPOLOGIA":"No-Dig","ENTE":"Comune di Bareggio","ENTE_TIPO":"Irrigation Consortia","STATO_NULLAOSTA":"OTTENUTO"},"geometry":{"type":"MultiLineString","coordinates":[[[8.861115445836248,45.13951728666596,0.0],[8.861181225371986,45.13968885990994,0.0],[8.861237135013862,45.1398245111619,0.0],[8.862165218090412,45.14114544837364,0.0],[8.86228188375776,45.14150546492845,0.0],[8.86232717615709,45.14174672575851,0.0],[8.862438286598058,45.14195653527769,0.0],[8.863127659247942,45.14480042703222,0.0],[8.863531549748426,45.14660573057283,0.0],[8.863835036242502,45.14724914641499,0.0],[8.863831780661378,45.14725195275967,0.0],[8.86385492580368,45.14741210770356,0.0],[8.863843079269106,45.14806436986054,0.0],[8.863882352045758,45.14821042424749,0.0],[8.864359129777192,45.14871054483795,0.0],[8.8644746521262,45.14876032439957,0.0],[8.865338372526562,45.14935793051234,0.0],[8.87660331121662,45.15131674977669,0.0],[8.886408113635348,45.15301578647665,0.0],[8.889762570939514,45.15360509470705,0.0],[8.891143772639827,45.15381064044185,0.0],[8.894763916527568,45.15395621182174,0.0],[8.894908410444799,45.15393642115498,0.0],[8.894929391108025,45.15397022775135,0.0],[8.895052820969857,45.15404759465355,0.0],[8.89488648987422,45.15758196232962,0.0],[8.894967927965013,45.15885253595346,0.0],[8.895119566355277,45.15976867795802,0.0],[8.895086701920683,45.16042374283728,0.0],[8.894945374810607,45.16134899293113,0.0],[8.894664340401944,45.16286177032207,0.0],[8.894556825043008,45.16333453973407,0.0],[8.894223216993522,45.16389885199121,0.0],[8.89391393812103,45.16425941047174,0.0],[8.89370076878233,45.16447594480403,0.0],[8.891822005899021,45.16679187726569,0.0],[8.891707721928375,45.16717949450457,0.0],[8.891435419401247,45.16770600141078,0.0],[8.888554590830154,45.17092945141113,0.0],[8.888618992867457,45.17106505573615,0.0],[8.889859812196502,45.17118350140531,0.0],[8.890903994082018,45.17125761510052,0.0],[8.891995745298768,45.17158797649771,0.0],[8.89284595506368,45.1719970231115,0.0],[8.893123311898638,45.17233050305094,0.0],[8.89354034291234,45.17275254387447,0.0],[8.894117563699588,45.17413894707835,0.0],[8.894833713619994,45.17481798227517,0.0],[8.896419355199292,45.17596964281497,0.0],[8.89870772021801,45.17770974436733,0.0],[8.899122846357132,45.17809229406333,0.0],[8.900439343052891,45.17886535150277,0.0],[8.903912228698292,45.1799112080402,0.0],[8.91084674172931,45.18418549187409,0.0],[8.913484669248753,45.18557721718128,0.0]]]}},{"type":"Feature","properties":{"name":"SCAVO","folders":"C","description":"Ferrera Erbognone – Path C (Green) – Tratta 6 | 2377 m | INVIATO","altitude":0.0,"alt_mode":"","time_begin":"","time_end":"","time_when":"","Lunghezza":2376.54,"LOTTO":"FERRERA_ERBOGNONE","CLUSTER":6,"PATH_ID":"C","TRATTA_ID":"C-06","STATO_LEGENDA":"INVIATO","STATO_AUTORIZZAZIONE":"INVIATO","LUNGHEZZA":2376.54,"COMUNE":"Cusago","PRATICA":"","TIPOLOGIA":"Scavo tradizionale","ENTE":"Comune di Cusago","ENTE_TIPO":"Railway"},"geometry":{"type":"MultiLineString","coordinates":[[[8.913484669248753,45.18557721718128,0.0],[8.915193438341616,45.18663162632792,0.0],[8.917075324029618,45.19227258046483,0.0],[8.92220916088281,45.19135235880028,0.0],[8.923389559968207,45.19352998873355,0.0],[8.923732095962276,45.19356903248752,0.0],[8.924089811689475,45.19355985477935,0.0],[8.925120577659214,45.19532330209664,0.0],[8.925687305683622,45.19648412612009,0.0],[8.926394221585879,45.19636282577812,0.0],[8.926937585906416,45.19629794194682,0.0],[8.927379002787283,45.19633787718388,0.0],[8.930139407145376,45.19715559822181,0.0],[8.931396437198744,45.19751680462296,0.0]]]}},{"type":"Feature","properties":{"name":"SCAVO","folders":"C","description":"Ferrera Erbognone – Path C (Green) – Tratta 7 | 550 m | OTTENUTO","altitude":0.0,"alt_mode":"","time_begin":"","time_end":"","time_when":"","Lunghezza":549.76,"LOTTO":"FERRERA_ERBOGNONE","CLUSTER":7,"PATH_ID":"C","TRATTA_ID":"C-07","STATO_LEGENDA":"OTTENUTO","STATO_AUTORIZZAZIONE":"OTTENUTO","LUNGHEZZA":549.76,"COMUNE":"Zeccone","PRATICA":"AUT/FEC-002","TIPOLOGIA":"Scavo tradizionale","ENTE":"Comune di Zeccone","ENTE_TIPO":"Irrigation Consortia","STATO_NULLAOSTA":"OTTENUTO"},"geometry":{"type":"MultiLineString","coordinates":[[[8.931396437198744,45.19751680462296,0.0],[8.93414996932757,45.19832947898824,0.0],[8.937849723298658,45.19945717600137,0.0]]]}},{"type":"Feature","properties":{"name":"SCAVO","folders":"C","description":"Ferrera Erbognone – Path C (Green) – Tratta 8 | 997 m | OTTENUTO","altitude":0.0,"alt_mode":"","time_begin":"","time_end":"","time_when":"","Lunghezza":997.22,"LOTTO":"FERRERA_ERBOGNONE","CLUSTER":8,"PATH_ID":"C","TRATTA_ID":"C-08","STATO_LEGENDA":"OTTENUTO","STATO_AUTORIZZAZIONE":"OTTENUTO","LUNGHEZZA":997.22,"COMUNE":"Vittuone","PRATICA":"AUT/FEC-003","TIPOLOGIA":"Scavo tradizionale","ENTE":"Comune di Vittuone","ENTE_TIPO":"Irrigation Consortia","STATO_NULLAOSTA":"OTTENUTO"},"geometry":{"type":"MultiLineString","coordinates":[[[8.937849723298658,45.19945717600137,0.0],[8.94270680315815,45.20093428383363,0.0],[8.947072613125574,45.2022536321258,0.0],[8.94720530493939,45.20239248837448,0.0],[8.947281990823452,45.20249409236897,0.0],[8.947553879735716,45.20250630853614,0.0],[8.947736637382093,45.20241683235279,0.0],[8.94833469828959,45.20256749400854,0.0],[8.949399190416397,45.20288532951598,0.0]]]}},{"type":"Feature","properties":{"name":"SCAVO","folders":"C","description":"Ferrera Erbognone – Path C (Green) – Tratta 9 | 2118 m | OTTENUTO","altitude":0.0,"alt_mode":"","time_begin":"","time_end":"","time_when":"","Lunghezza":2118.24,"LOTTO":"FERRERA_ERBOGNONE","CLUSTER":9,"PATH_ID":"C","TRATTA_ID":"C-09","STATO_LEGENDA":"OTTENUTO","STATO_AUTORIZZAZIONE":"OTTENUTO","LUNGHEZZA":2118.24,"COMUNE":"Ferrera Erbognone","PRATICA":"AUT/FEC-004","TIPOLOGIA":"Scavo tradizionale","ENTE":"Comune di Ferrera Erbognone","ENTE_TIPO":"Irrigation Consortia","STATO_NULLAOSTA":"OTTENUTO"},"geometry":{"type":"MultiLineString","coordinates":[[[8.949399190416397,45.20288532951598,0.0],[8.95432272943874,45.20436291309561,0.0],[8.960599204217509,45.20810619146891,0.0],[8.962850148251515,45.20814714117255,0.0],[8.965146772757166,45.20883693985663,0.0],[8.966455302376326,45.20901454352531,0.0],[8.967459575163357,45.20940985772775,0.0],[8.96829054659686,45.20964585858528,0.0],[8.96915658077635,45.20978493284181,0.0],[8.969681865729644,45.20974409284628,0.0],[8.97120015637693,45.21022124593556,0.0],[8.973350240346196,45.21070532240802,0.0]]]}},{"type":"Feature","properties":{"name":"SCAVO","folders":"C","description":"Ferrera Erbognone – Path C (Green) – Tratta 10 | 27188 m | OTTENUTO","altitude":0.0,"alt_mode":"","time_begin":"","time_end":"","time_when":"","Lunghezza":27188.06,"LOTTO":"FERRERA_ERBOGNONE","CLUSTER":10,"PATH_ID":"C","TRATTA_ID":"C-10","STATO_LEGENDA":"OTTENUTO","STATO_AUTORIZZAZIONE":"OTTENUTO","LUNGHEZZA":27188.06,"COMUNE":"Gropello Cairoli","PRATICA":"AUT/FEC-005","TIPOLOGIA":"Open Trench","ENTE":"Comune di Gropello Cairoli","ENTE_TIPO":"Irrigation Consortia","STATO_NULLAOSTA":"OTTENUTO"},"geometry":{"type":"MultiLineString","coordinates":[[[8.973350240346196,45.21070532240802,0.0],[8.9755246369851,45.21088147654088,0.0],[8.979475204819066,45.2110605204486,0.0],[8.979952517258518,45.21110117295374,0.0],[8.98038687956542,45.21184348530758,0.0],[8.981078490380717,45.21265850462503,0.0],[8.982861699400924,45.21366968269183,0.0],[8.983703417187193,45.21439184950451,0.0],[8.984848453638769,45.21680756664318,0.0],[8.984945684954209,45.21718581869973,0.0],[8.985643069755437,45.21872212514023,0.0],[9.265023212623996,45.33924091104011,0.0],[9.265149871592982,45.33930813445615,0.0],[9.26534112444197,45.33937424708077,0.0],[9.265438626033392,45.33941519714483,0.0],[9.265514632960464,45.33945169414849,0.0]]]}},{"type":"Feature","properties":{"name":"SCAVO","folders":"C","description":"Ferrera Erbognone – Path C (Green) – Tratta 11 | 5197 m | OTTENUTO","altitude":0.0,"alt_mode":"","time_begin":"","time_end":"","time_when":"","Lunghezza":5197.1,"LOTTO":"FERRERA_ERBOGNONE","CLUSTER":11,"PATH_ID":"C","TRATTA_ID":"C-11","STATO_LEGENDA":"OTTENUTO","STATO_AUTORIZZAZIONE":"OTTENUTO","LUNGHEZZA":5197.1,"COMUNE":"Binasco","PRATICA":"AUT/FEC-006","TIPOLOGIA":"Scavo tradizionale","ENTE":"Comune di Binasco","ENTE_TIPO":"highway","STATO_NULLAOSTA":"OTTENUTO"},"geometry":{"type":"MultiLineString","coordinates":[[[9.265514632960464,45.33945169414849,0.0],[9.265568673564134,45.33947973477693,0.0],[9.265591340776977,45.33952245127716,0.0],[9.266140467777705,45.33973089249864,0.0],[9.26654510220355,45.33987044769308,0.0],[9.266641581294408,45.33985783541153,0.0],[9.266723807099284,45.33988515372603,0.0],[9.266947373454578,45.33994978464374,0.0],[9.26710808594341,45.33999000308647,0.0],[9.267209888489711,45.34000536306938,0.0],[9.267301534609285,45.34002148005096,0.0],[9.267358148471851,45.34004758991717,0.0],[9.267503314119553,45.34013021275758,0.0],[9.268495256631445,45.34068603604528,0.0],[9.269549819485313,45.34082318254555,0.0],[9.269713497514642,45.34082117561003,0.0],[9.269830621085005,45.34005629647621,0.0],[9.270852724593595,45.33849650525087,0.0],[9.27140581094685,45.33760732671541,0.0],[9.272975988038418,45.33815152925377,0.0],[9.274911892675835,45.33917674441594,0.0],[9.275610219769426,45.33884248950513,0.0],[9.278031873979106,45.33804045621874,0.0],[9.27828751222458,45.33790618909536,0.0],[9.278363942228125,45.3380450372719,0.0],[9.281366258395742,45.34033219808754,0.0],[9.281656671179324,45.34037918805241,0.0],[9.281777107428477,45.34042795969415,0.0],[9.281874038237437,45.34031390030096,0.0],[9.281825966167531,45.34032433986744,0.0],[9.281860849161925,45.3404452628266,0.0],[9.284183749283878,45.34170071199776,0.0],[9.285857715380036,45.34286891373412,0.0],[9.287275740238812,45.34371310388266,0.0],[9.287561507551326,45.34389526655653,0.0],[9.287632073292155,45.34400085384201,0.0],[9.28766171379407,45.34408371501122,0.0],[9.287555282876589,45.34419403559401,0.0],[9.287426911161932,45.34444949049178,0.0],[9.287538567851804,45.34450891795911,0.0],[9.28766653124115,45.34456474528904,0.0],[9.291792542338912,45.34663364167033,0.0],[9.291960769777972,45.34670051333678,0.0],[9.292082389665692,45.34667462630437,0.0],[9.295211740824476,45.34740932158625,0.0],[9.295782814906918,45.3477208512076,0.0],[9.296265994509188,45.3480444196078,0.0],[9.29690834738384,45.34823430632972,0.0],[9.297611925728525,45.34739707696789,0.0],[9.300269635285074,45.34738385494686,0.0],[9.302886523846642,45.34833821241401,0.0],[9.303162779662763,45.34862160589952,0.0],[9.303255534133308,45.34865584897774,0.0],[9.303516607989721,45.34876930729823,0.0],[9.303587550177406,45.34878696819334,0.0],[9.304170132832203,45.34904032443452,0.0],[9.304295726645414,45.34913781814835,0.0],[9.30422914870731,45.34929409616552,0.0],[9.303901189995344,45.34961717209422,0.0],[9.299660858866298,45.35356711379735,0.0],[9.29987485025367,45.35389425794693,0.0],[9.305737918816998,45.35611408969894,0.0]]]}},{"type":"Feature","properties":{"name":"SCAVO","folders":"C","description":"Ferrera Erbognone – Path C (Green) – Tratta 12 | 186 m | OTTENUTO","altitude":0.0,"alt_mode":"","time_begin":"","time_end":"","time_when":"","Lunghezza":185.82,"LOTTO":"FERRERA_ERBOGNONE","CLUSTER":12,"PATH_ID":"C","TRATTA_ID":"C-12","STATO_LEGENDA":"OTTENUTO","STATO_AUTORIZZAZIONE":"OTTENUTO","LUNGHEZZA":185.82,"COMUNE":"Marcignago","PRATICA":"AUT/FEC-007","TIPOLOGIA":"Scavo tradizionale","ENTE":"Comune di Marcignago","ENTE_TIPO":"Railway","STATO_NULLAOSTA":"OTTENUTO"},"geometry":{"type":"MultiLineString","coordinates":[[[9.305737918816998,45.35611408969894,0.0],[9.307786443459456,45.35696287633984,0.0]]]}},{"type":"Feature","properties":{"name":"SCAVO","folders":"C","description":"Ferrera Erbognone – Path C (Green) – Tratta 13 | 1164 m | COORDINAMENTO","altitude":0.0,"alt_mode":"","time_begin":"","time_end":"","time_when":"","Lunghezza":1164.16,"LOTTO":"FERRERA_ERBOGNONE","CLUSTER":13,"PATH_ID":"C","TRATTA_ID":"C-13","STATO_LEGENDA":"COORDINAMENTO","STATO_AUTORIZZAZIONE":"COORDINAMENTO","LUNGHEZZA":1164.16,"COMUNE":"Vittuone","PRATICA":"","TIPOLOGIA":"Scavo tradizionale","ENTE":"Comune di Vittuone","ENTE_TIPO":"Railway"},"geometry":{"type":"MultiLineString","coordinates":[[[9.307786443459456,45.35696287633984,0.0],[9.310209514040558,45.35894362250168,0.0],[9.31175354834377,45.36037456866245,0.0],[9.312006951604406,45.36065673455345,0.0],[9.311978303772818,45.36074937131337,0.0],[9.31265831389399,45.36085610471324,0.0],[9.312627185935021,45.36106749013586,0.0],[9.313145104725155,45.36087024575728,0.0],[9.312978052843867,45.36106270421698,0.0],[9.312823652176597,45.36111334123805,0.0],[9.31247701389106,45.36114008305771,0.0],[9.312255191649086,45.36115120547192,0.0],[9.312033528005006,45.36127893815734,0.0],[9.311816450548596,45.36145547288367,0.0],[9.311903917865985,45.36184485696846,0.0],[9.31299996586121,45.3618066793349,0.0],[9.314268469904295,45.36235120358884,0.0],[9.315725793190841,45.36282079620833,0.0]]]}},{"type":"Feature","properties":{"name":"SCAVO","folders":"C","description":"Ferrera Erbognone – Path C (Green) – Tratta 14 | 1178 m | OTTENUTO","altitude":0.0,"alt_mode":"","time_begin":"","time_end":"","time_when":"","Lunghezza":1178.27,"LOTTO":"FERRERA_ERBOGNONE","CLUSTER":14,"PATH_ID":"C","TRATTA_ID":"C-14","STATO_LEGENDA":"OTTENUTO","STATO_AUTORIZZAZIONE":"OTTENUTO","LUNGHEZZA":1178.27,"COMUNE":"Corbetta","PRATICA":"AUT/FEC-008","TIPOLOGIA":"Scavo tradizionale","ENTE":"Comune di Corbetta","ENTE_TIPO":"AIPO","STATO_NULLAOSTA":"OTTENUTO"},"geometry":{"type":"MultiLineString","coordinates":[[[9.315725793190841,45.36282079620833,0.0],[9.317050663868727,45.36327243522484,0.0],[9.317992545853093,45.36367195008902,0.0],[9.318223712331932,45.36387327280436,0.0],[9.318340035620654,45.36410720918706,0.0],[9.318467936095045,45.36420204953651,0.0],[9.318753019133702,45.3641758221699,0.0],[9.31889592772622,45.36422057912707,0.0],[9.319243472710433,45.36456456651489,0.0],[9.319582516609888,45.36466654370404,0.0],[9.320092590386444,45.36459492889493,0.0],[9.320498865812684,45.36448572824884,0.0],[9.320657813403454,45.36444991539212,0.0],[9.32072673011955,45.36441932890055,0.0],[9.321432585588962,45.36455757316176,0.0],[9.324039732875939,45.36355851208432,0.0],[9.328784141929876,45.36192613635522,0.0]]]}},{"type":"Feature","properties":{"name":"SCAVO","folders":"C","description":"Ferrera Erbognone – Path C (Green) – Tratta 15 | 8519 m | INVIATO","altitude":0.0,"alt_mode":"","time_begin":"","time_end":"","time_when":"","Lunghezza":8519.26,"LOTTO":"FERRERA_ERBOGNONE","CLUSTER":15,"PATH_ID":"C","TRATTA_ID":"C-15","STATO_LEGENDA":"INVIATO","STATO_AUTORIZZAZIONE":"INVIATO","LUNGHEZZA":8519.26,"COMUNE":"Mulazzano","PRATICA":"","TIPOLOGIA":"Scavo tradizionale","ENTE":"Comune di Mulazzano","ENTE_TIPO":"Irrigation Consortia"},"geometry":{"type":"MultiLineString","coordinates":[[[9.328784141929876,45.36192613635522,0.0],[9.329509000993658,45.36138189421966,0.0],[9.32982017940196,45.36299678041164,0.0],[9.334745924998947,45.36416624887817,0.0],[9.3362452409489,45.36447254230758,0.0],[9.336962860280497,45.36480729045337,0.0],[9.335631402859386,45.37343155556841,0.0],[9.343858407793304,45.3843905593048,0.0],[9.351142785346815,45.39448899216745,0.0],[9.351838650010272,45.39644926788231,0.0],[9.353362648178013,45.39845396775431,0.0],[9.355074399630006,45.40192709265586,0.0],[9.35729593961582,45.40558126727397,0.0],[9.357611015616879,45.4069165889915,0.0],[9.357902119176293,45.40880855226882,0.0],[9.35881826152721,45.41047847818551,0.0],[9.372453642999933,45.42595853285277,0.0],[9.372453642999933,45.42595853285277,0.0],[9.372902659074914,45.42642658366378,0.0],[9.372961273779264,45.42653426539645,0.0],[9.373022714317141,45.42678448080369,0.0],[9.373092794200257,45.42696368099364,0.0],[9.373295344583203,45.42709650652113,0.0]]]}},{"type":"Feature","properties":{"name":"SCAVO","folders":"C","description":"Ferrera Erbognone – Path C (Green) – Tratta 16 | 39745 m | INVIATO","altitude":0.0,"alt_mode":"","time_begin":"","time_end":"","time_when":"","Lunghezza":39744.63,"LOTTO":"FERRERA_ERBOGNONE","CLUSTER":16,"PATH_ID":"C","TRATTA_ID":"C-16","STATO_LEGENDA":"INVIATO","STATO_AUTORIZZAZIONE":"INVIATO","LUNGHEZZA":39744.63,"COMUNE":"Landriano","PRATICA":"","TIPOLOGIA":"Scavo tradizionale","ENTE":"Comune di Landriano","ENTE_TIPO":"Irrigation Consortia"},"geometry":{"type":"MultiLineString","coordinates":[[[9.373295344583203,45.42709650652113,0.0],[9.373558465538867,45.42719377983601,0.0],[9.373445421682012,45.4274132250748,0.0],[9.37368115404608,45.4277670420662,0.0],[9.374225338285731,45.42799945671582,0.0],[9.374805151657366,45.42831071163544,0.0],[9.374825011161088,45.42863408781509,0.0],[9.374577135077109,45.42893199596282,0.0],[9.374633802275042,45.4293088966591,0.0],[9.374921860488845,45.42942153982646,0.0],[9.375146708695318,45.42949631903581,0.0],[9.375266454154607,45.42945217906099,0.0],[9.375283940134992,45.42948209012942,0.0],[9.375700993899754,45.4292786346348,0.0],[9.377668116733917,45.42896264772945,0.0],[9.379079579789071,45.42878876802021,0.0],[9.380200939616586,45.42867823866365,0.0],[9.380739928854027,45.42861520103861,0.0],[9.38267414909662,45.42847517376003,0.0],[9.382846594412527,45.42853350396027,0.0],[9.382949688214481,45.42910055146055,0.0],[9.384568113072431,45.42936467649525,0.0],[9.166408700203332,45.32518589510168,0.0],[9.16638975219743,45.32518980420352,0.0],[9.166371284638574,45.32519022879156,0.0],[9.166352910936773,45.32518877231554,0.0],[9.165516840485873,45.3250785625672,0.0],[9.16352398875342,45.3248137568767,0.0],[9.163440521571902,45.32480478858197,0.0],[9.16335622573414,45.32480141375845,0.0],[9.163272869328273,45.32478639240431,0.0],[9.16318783411035,45.32477710559386,0.0],[9.163101934355746,45.3247736186218,0.0],[9.162541725487308,45.324785383251,0.0],[9.162517698478492,45.32478560591057,0.0],[9.162479375088013,45.32478484230874,0.0],[9.162454068972034,45.32478356428673,0.0],[9.162449234608939,45.32478239875957,0.0],[9.162442027269924,45.32478066057897,0.0],[9.1624323040804,45.32477865258117,0.0],[9.162407903413866,45.32477126928027,0.0],[9.162391536876525,45.3247639055072,0.0],[9.16237934651457,45.32475323924371,0.0],[9.162358255970043,45.32472690606706,0.0],[9.162275989892851,45.3247194716948,0.0],[9.162202222206187,45.32473548909562,0.0],[9.162163540982787,45.32473651877839,0.0],[9.16215476947154,45.32473489487924,0.0],[9.162080509838482,45.32472624465891,0.0],[9.162005623163155,45.32472094006562,0.0],[9.162004054312835,45.32472089204072,0.0],[9.161931835417493,45.32471614035798,0.0],[9.161859332876935,45.32471450854644,0.0],[9.161525630535285,45.324736172327,0.0],[9.161386866603703,45.32472944077656,0.0],[9.161249297444757,45.32471490783156,0.0],[9.161113824919696,45.32469267703343,0.0],[9.160732878116203,45.32456904323983,0.0],[9.160479535624642,45.3244801592542,0.0],[9.160395717754637,45.32446391677874,0.0],[9.16033332273666,45.32446274275062,0.0],[9.160291449204756,45.32446783763035,0.0],[9.160253151839651,45.32447984314329,0.0],[9.160197156199906,45.32451189126353,0.0],[9.159178024654691,45.32550059398906,0.0],[9.15914549414323,45.32552396192519,0.0],[9.159106559597316,45.3255417906054,0.0],[9.159063064121712,45.32555324278282,0.0],[9.159017078835651,45.32555777525502,0.0],[9.158922575774996,45.32554877223573,0.0],[9.15889245093687,45.3255324775478,0.0],[9.158588240786763,45.32540934113398,0.0],[9.158521802468599,45.32538249097101,0.0],[9.158245194379603,45.32527069239934,0.0],[9.158200137508597,45.32525361118472,0.0],[9.158151227811398,45.32524306643396,0.0],[9.158100322323662,45.32523947385485,0.0],[9.1580494196252,45.32524297332828,0.0],[9.158000455255344,45.32525343282557,0.0],[9.157955340442879,45.32527044036099,0.0],[9.157915819962682,45.32529333649743,0.0],[9.1578834065431,45.32532124875743,0.0],[9.157859342140604,45.32535309966907,0.0],[9.157680842183183,45.3255805456457,0.0],[9.15764698574168,45.32561456770239,0.0],[9.15760596749953,45.32564441029577,0.0],[9.157458569166451,45.32569810592315,0.0],[9.15740209602866,45.3256737922212,0.0],[9.157321981094917,45.32564174353485,0.0],[9.157190318359405,45.32558907220279,0.0],[9.156984415207658,45.32550669692529,0.0],[9.15693783570278,45.32549196531311,0.0],[9.156329378564605,45.32520504771069,0.0],[9.15628725997159,45.32518465966188,0.0],[9.154047201549716,45.32414254496494,0.0],[9.153982354398826,45.32411383942464,0.0],[9.153699069512971,45.32398008262068,0.0],[9.153562345555805,45.32392480270413,0.0],[9.15342219309491,45.32387396085185,0.0],[9.153278913343211,45.32382766369062,0.0],[9.153256688845783,45.32382327945338,0.0],[9.153222276116754,45.3238112828993,0.0],[9.152981349120738,45.32377674257372,0.0],[9.152838115202176,45.32373616826854,0.0],[9.152698855217672,45.32368920468884,0.0],[9.152564146152374,45.32363606449682,0.0],[9.152434514854061,45.32357694108307,0.0],[9.152407470858755,45.32356065846631,0.0],[9.15231473118879,45.32352345209025,0.0],[9.152217792956755,45.32349202534407,0.0],[9.152117372524003,45.32346661236817,0.0],[9.15172494657525,45.32345958547903,0.0],[9.151622674614995,45.32342626787597,0.0],[9.151516982726385,45.32339874028368,0.0],[9.151408552598646,45.32337716389122,0.0],[9.151298053610082,45.32336169057127,0.0],[9.151186171053611,45.32335240951603,0.0],[9.15107359202562,45.3233493739196,0.0],[9.1509610309433,45.32335260161496,0.0],[9.150924482749094,45.32335594260496,0.0],[9.150843683276833,45.32336263049035,0.0],[9.150762314678985,45.32336232925028,0.0],[9.150681614973454,45.32335506078148,0.0],[9.150602767080532,45.32334092671171,0.0],[9.150526935740716,45.3233201363552,0.0],[9.150455242448139,45.32329299707534,0.0],[9.15038876590038,45.32325990528363,0.0],[9.150246673622036,45.32318518481778,0.0],[9.150045314447825,45.32307983211587,0.0],[9.149948045091628,45.3230275516907,0.0],[9.14987395691975,45.32299265645996,0.0],[9.149866445168488,45.32299037820544,0.0],[9.149727821161482,45.32315252847717,0.0],[9.149678128086741,45.32320933009301,0.0],[9.14961714769241,45.32327112146822,0.0],[9.149548208870316,45.32332858679151,0.0],[9.14947189916958,45.32338121806025,0.0],[9.149388918712333,45.32342855514087,0.0],[9.149299979032197,45.32347016522005,0.0],[9.149084028749797,45.32356669023574,0.0],[9.149031686344038,45.32358591073455,0.0],[9.148977076524977,45.32360169527277,0.0],[9.148928688006865,45.3236131475074,0.0],[9.148916581816923,45.32361587291193,0.0],[9.14885586922479,45.32361810490962,0.0],[9.148764015494633,45.32360477107359,0.0],[9.148714395576429,45.32359520479444,0.0],[9.148665999288044,45.32358289354019,0.0],[9.14763493437084,45.3232560646959,0.0],[9.147599777225501,45.32324823815885,0.0],[9.147563354045085,45.32324425488934,0.0],[9.14752649093128,45.32324419861439,0.0],[9.147475041751424,45.32324156093262,0.0],[9.147423724486243,45.32324519849176,0.0],[9.147374052253017,45.32325499591915,0.0],[9.147289049433086,45.32328483476071,0.0],[9.147244348452068,45.32330221787409,0.0],[9.147232289315873,45.32330756660692,0.0],[9.147205020231032,45.3233250430173,0.0],[9.14715927202065,45.32335945858733,0.0],[9.147115047833164,45.32339608399531,0.0],[9.14706462428611,45.32342846321372,0.0],[9.147008780782787,45.32345608404347,0.0],[8.997029341920406,45.22844811701107,0.0],[8.997014992473384,45.22843897112133,0.0],[8.996985256888994,45.22842704125597,0.0],[8.99690611726782,45.2283892186096,0.0],[8.996774338762545,45.22834260300277,0.0],[8.996663801164317,45.22832197695518,0.0],[8.996455017305312,45.22830351391173,0.0],[8.996204770495094,45.22830133332373,0.0],[8.996170940321454,45.22830103753365,0.0],[8.994526241391105,45.22810019871849,0.0],[8.993389119915758,45.22802096732805,0.0],[8.99334433042232,45.22801085670356,0.0],[8.993233380531759,45.22799348766141,0.0],[8.993143909240931,45.22798766058698,0.0],[8.992936624684154,45.22795484813516,0.0],[8.99267871763808,45.22790381347679,0.0],[8.992420420952449,45.22782876114182,0.0],[8.992265763153156,45.2277496453279,0.0],[8.991915620874698,45.22757052938001,0.0]]]}},{"type":"Feature","properties":{"name":"SCAVO","folders":"C","description":"Ferrera Erbognone – Path C (Green) – Tratta 17 | 479 m | COORDINAMENTO","altitude":0.0,"alt_mode":"","time_begin":"","time_end":"","time_when":"","Lunghezza":478.82,"LOTTO":"FERRERA_ERBOGNONE","CLUSTER":17,"PATH_ID":"C","TRATTA_ID":"C-17","STATO_LEGENDA":"COORDINAMENTO","STATO_AUTORIZZAZIONE":"COORDINAMENTO","LUNGHEZZA":478.82,"COMUNE":"Gudo Visconti","PRATICA":"","TIPOLOGIA":"Scavo tradizionale","ENTE":"Comune di Gudo Visconti","ENTE_TIPO":"Irrigation Consortia"},"geometry":{"type":"MultiLineString","coordinates":[[[8.991915620874698,45.22757052938001,0.0],[8.989363987965165,45.22651622426043,0.0],[8.989216061113696,45.22645365263113,0.0],[8.986871995805185,45.22541419878237,0.0],[8.986823324764483,45.22537457832952,0.0],[8.98674313641995,45.22529481709421,0.0]]]}},{"type":"Feature","properties":{"name":"SCAVO","folders":"C","description":"Ferrera Erbognone – Path C (Green) – Tratta 18 | 25449 m | INVIATO","altitude":0.0,"alt_mode":"","time_begin":"","time_end":"","time_when":"","Lunghezza":25448.71,"LOTTO":"FERRERA_ERBOGNONE","CLUSTER":18,"PATH_ID":"C","TRATTA_ID":"C-18","STATO_LEGENDA":"INVIATO","STATO_AUTORIZZAZIONE":"INVIATO","LUNGHEZZA":25448.71,"COMUNE":"Settimo Milanese","PRATICA":"","TIPOLOGIA":"Scavo tradizionale","ENTE":"Comune di Settimo Milanese","ENTE_TIPO":"AIPO"},"geometry":{"type":"MultiLineString","coordinates":[[[8.98674313641995,45.22529481709421,0.0],[8.986687134601555,45.2252455228219,0.0],[8.986548428610348,45.22509990952945,0.0],[8.986427527737346,45.22498342310318,0.0],[8.985657404852605,45.22437336892334,0.0],[8.985681219050658,45.22429482363631,0.0],[8.985639692751858,45.22417396747161,0.0],[8.985523583162315,45.22412096180269,0.0],[8.985394868077245,45.22413362411469,0.0],[8.985207241456617,45.22395678865699,0.0],[8.985151650847486,45.22390242195645,0.0],[8.985101305672401,45.2238455624415,0.0],[8.985056422277543,45.22378645914783,0.0],[8.985011650903171,45.22371945564449,0.0],[8.984974679698855,45.22365011696087,0.0],[8.984945752245679,45.22357890011939,0.0],[8.984925061185555,45.22350626079515,0.0],[8.984912721326223,45.22343267963967,0.0],[8.984908834739825,45.22335863696631,0.0],[8.984913413884716,45.22328461973012,0.0],[8.984926433970248,45.22321109587703,0.0],[8.98494780510969,45.2231385586658,0.0],[8.984977400645391,45.22306747334702,0.0],[8.98498955825568,45.22304182322183,0.0],[8.985144824168765,45.22272624899809,0.0],[8.985172501664234,45.22265694229804,0.0],[8.985488083786667,45.22203217154185,0.0],[8.985791496922214,45.22143145473166,0.0],[8.985843124975178,45.221329257454,0.0],[8.985848537884682,45.22129345325267,0.0],[8.985868741183264,45.22122584137087,0.0],[8.985877983339817,45.22107929590706,0.0],[8.985871886755561,45.22089150479692,0.0],[8.985706092674139,45.21872389556907,0.0],[8.985804354896676,45.21866663633784,0.0],[8.985918615960907,45.21862848063131,0.0],[9.246021878228447,45.33117402550331,0.0],[9.246005971494554,45.33116666682523,0.0],[9.245231641367344,45.33088909908679,0.0],[9.245193782547622,45.33085363546126,0.0],[9.245162850324661,45.33081496874048,0.0],[9.245139412131895,45.3307737794724,0.0],[9.245123843112724,45.33073076158541,0.0],[9.245116438348951,45.33068667916553,0.0],[9.245117314269278,45.33064229198476,0.0],[9.245389353587528,45.33026056467051,0.0],[9.245412625914994,45.33022695501943,0.0],[9.24533424084456,45.33019996629998,0.0],[9.244637823660685,45.32993890052544,0.0],[9.244444280612234,45.32986978705434,0.0],[9.24409363935946,45.32970165611763,0.0],[9.243979884628324,45.329660889994,0.0],[9.243787751211991,45.32958487965389,0.0],[9.243770271850593,45.32957914078651,0.0],[9.243752840130595,45.32957373648988,0.0],[9.242937283525661,45.32928526290406,0.0],[9.242296053897176,45.32905810127448,0.0],[9.241840086288464,45.32896871948445,0.0],[9.241792000497655,45.32895660850348,0.0],[9.241539725349178,45.32888981943326,0.0],[9.241340604176875,45.32886756948542,0.0],[9.240976756863834,45.3288377235669,0.0],[9.240951464921201,45.328835291837,0.0],[9.240887659349735,45.32883225344516,0.0],[9.240837087804247,45.32882739924997,0.0],[9.240763310474422,45.32882476853756,0.0],[9.240712726188509,45.32881991397916,0.0],[9.240442040554845,45.32881260339285,0.0],[9.240446831669239,45.32874687270375,0.0],[9.240454400879786,45.32864290158733,0.0],[9.240456220770296,45.32862175070184,0.0],[9.24028906368484,45.32862764850084,0.0],[9.240211806155129,45.32863407087059,0.0],[9.240135603289602,45.3286450784763,0.0],[9.240060995376234,45.3286605942713,0.0],[9.239630642691461,45.3287689751755,0.0],[9.23960111046416,45.32877440669529,0.0],[9.23957067299696,45.32877612162541,0.0],[9.239553818836953,45.32877566891963,0.0],[9.239538883924807,45.3287701621617,0.0],[9.239528742677887,45.32876065312237,0.0],[9.239395573126185,45.32855278242984,0.0],[9.239305442254235,45.32839409172276,0.0],[9.239248140211549,45.32823600582127,0.0]]]}},{"type":"Feature","properties":{"name":"SCAVO","folders":"C","description":"Ferrera Erbognone – Path C (Green) – Tratta 19 | 51305 m | COORDINAMENTO","altitude":0.0,"alt_mode":"","time_begin":"","time_end":"","time_when":"","Lunghezza":51304.84,"LOTTO":"FERRERA_ERBOGNONE","CLUSTER":19,"PATH_ID":"C","TRATTA_ID":"C-19","STATO_LEGENDA":"COORDINAMENTO","STATO_AUTORIZZAZIONE":"COORDINAMENTO","LUNGHEZZA":51304.84,"COMUNE":"Landriano","PRATICA":"","TIPOLOGIA":"Open Trench","ENTE":"Comune di Landriano","ENTE_TIPO":"Irrigation Consortia"},"geometry":{"type":"MultiLineString","coordinates":[[[9.239248140211549,45.32823600582127,0.0],[9.239171670454612,45.32788173690129,0.0],[9.239163199785569,45.32786283326923,0.0],[9.239149729881523,45.32785557763474,0.0],[9.23913923022638,45.32784924092532,0.0],[9.239130909064716,45.32784145200474,0.0],[9.239100483641671,45.32781060879213,0.0],[9.239064225180828,45.32778307584208,0.0],[9.239022834751683,45.32775941079512,0.0],[9.238977158593219,45.32774007567812,0.0],[9.238928084720872,45.32772546143795,0.0],[9.238608930331667,45.32767491754722,0.0],[9.238554313778309,45.32766815316957,0.0],[9.238501436582306,45.32765635741439,0.0],[9.23845124744211,45.32763972445665,0.0],[9.238404613240442,45.32761855463015,0.0],[9.237917444170831,45.32738359740119,0.0],[9.237734379918638,45.3272772024895,0.0],[9.237692172939141,45.32728084887389,0.0],[9.237638598345889,45.32725398674319,0.0],[9.237621866704737,45.32722502453912,0.0],[9.237559220200078,45.32718821945758,0.0],[9.23754563482442,45.3271786178648,0.0],[9.237538156319959,45.32716611822014,0.0],[9.237537845070532,45.32715255748938,0.0],[9.237544758742109,45.32713990156097,0.0],[9.237608385309647,45.32706831380626,0.0],[9.23762986127714,45.32704596258797,0.0],[9.23815495990861,45.32655818469527,0.0],[9.238448788191455,45.32612454543283,0.0],[9.238453583570681,45.32608845351704,0.0],[9.238241769702489,45.32598540988855,0.0],[9.236994967548453,45.32536325312867,0.0],[9.235414120967906,45.32457436316553,0.0],[9.235393388134716,45.32456386726211,0.0],[9.233399205814763,45.32355615904673,0.0],[9.23338425975733,45.32354069356699,0.0],[9.233310740697837,45.32347311884348,0.0],[9.233269112042159,45.32344658928878,0.0],[9.233221138328187,45.32342575432263,0.0],[9.233211603747305,45.32341982795019,0.0],[9.233205328552337,45.323412025111,0.0],[9.233194794142099,45.32339148497861,0.0],[9.233187611616541,45.32338290318128,0.0],[9.233176491815962,45.32337674012402,0.0],[9.233087193240443,45.32334779323234,0.0],[9.23072150074849,45.32270481608978,0.0],[9.230047808697718,45.32248888192538,0.0],[9.22996541803798,45.32246529082982,0.0],[9.229880237417351,45.32244730916457,0.0],[9.22979301167917,45.32243511720878,0.0],[9.229742504568172,45.3224214825031,0.0],[9.229690976124639,45.32240993166075,0.0],[9.229641824891397,45.3224035930435,0.0],[9.229474797252607,45.3223938342564,0.0],[9.22886689161829,45.32230005414013,0.0],[9.228829452241273,45.32229427889918,0.0],[9.228350741314486,45.32222043026882,0.0],[9.228325815388017,45.3222165898253,0.0],[9.227695140337643,45.32213270375632,0.0],[9.22761959908208,45.3221085654379,0.0],[9.227572557139332,45.3220967080952,0.0],[9.227536209035017,45.32208951710777,0.0],[9.227499356850435,45.32208375569386,0.0],[9.226230526999151,45.32196362185434,0.0],[9.22620232276625,45.32195838559989,0.0],[9.226175994333698,45.32194952727193,0.0],[9.226152471777024,45.32193735784301,0.0],[9.226100608820547,45.32191384807406,0.0],[9.226080842349166,45.32190611343686,0.0],[9.226072514034362,45.32190532527135,0.0],[9.226021920737825,45.32190054506725,0.0],[9.225990246271246,45.3218965310726,0.0],[9.225980496093198,45.32189713214829,0.0],[9.22596944711143,45.32189607959467,0.0],[9.225918881549106,45.32189125496172,0.0],[9.225796951243055,45.32187958612766,0.0],[9.224734436663523,45.32150483985445,0.0],[9.222690677909009,45.32078822252444,0.0],[9.222494764716846,45.32073871299555,0.0],[9.222451822719613,45.32072507893443,0.0],[9.221415747478948,45.32049983216338,0.0],[9.221351945657618,45.32048883482208,0.0],[9.221286376348852,45.32049542980679,0.0],[9.22122261844475,45.32050807949056,0.0],[9.221161781023532,45.32052656757171,0.0],[9.221104953375033,45.32055056012024,0.0],[9.221053126251075,45.32057964871689,0.0],[9.221007193187178,45.32061332345071,0.0],[9.220967976019805,45.32065097353944,0.0],[9.220936170330463,45.32069195809233,0.0],[9.220912309812467,45.32073555117288,0.0],[9.22089684061782,45.32078098866602,0.0],[9.220697339847229,45.32127447231692,0.0],[9.22067816692799,45.32130997007541,0.0],[9.220650764499212,45.32134266311162,0.0],[9.22061590646683,45.32137161505381,0.0],[9.220602848339135,45.32138134480463,0.0],[9.22058277953564,45.32139338196659,0.0],[9.22057135907902,45.32139940283658,0.0],[9.220528797295476,45.32141610982756,0.0],[9.22048297048436,45.32142775395726,0.0],[9.220435069169929,45.32143402178188,0.0],[9.220386378899432,45.32143474635689,0.0],[9.220318721936762,45.32143046719672,0.0],[9.219765847689356,45.32140265394779,0.0],[9.219714929349328,45.32140009786215,0.0],[9.21823824783983,45.3213280689471,0.0],[9.218200090678073,45.32132603048855,0.0],[9.217172750512765,45.32127432922135,0.0],[9.217138828256155,45.32126928472087,0.0],[9.2171080862059,45.3212579917233,0.0],[9.217094453200579,45.3212426822772,0.0],[9.217085368531926,45.32122578958566,0.0],[9.21702518055088,45.32106360284531,0.0],[9.217017215421892,45.32104810718694,0.0],[9.21700538128934,45.32103388692222,0.0],[9.216909675756806,45.32093989772314,0.0],[9.216887544498613,45.32092101974682,0.0],[9.216861980115565,45.32090442805523,0.0],[9.216833464745,45.32089044980415,0.0],[9.216711734675197,45.32083906269607,0.0],[9.216667712418205,45.3208243007138,0.0],[9.216620513488117,45.32081571518296,0.0],[9.21637034400947,45.32078783305155,0.0],[9.216349501166517,45.32078593692092,0.0],[9.216270422320907,45.32078850482068,0.0],[9.216193908897587,45.32079007189099,0.0],[9.215774114080478,45.32081287644668,0.0],[9.215721859907081,45.3208172608451,0.0],[9.215670300851418,45.3208246629888,0.0],[9.215459889335815,45.32086127047742,0.0],[9.21543219528857,45.32086858793306,0.0],[9.215407624638353,45.32088019894509,0.0],[9.215387510493928,45.32089548721824,0.0],[9.215372914993496,45.32091363159446,0.0],[9.215364639415593,45.32093366036765,0.0],[9.215342680248847,45.32103556666843,0.0],[9.215325551946044,45.32113794228123,0.0],[9.215313298985327,45.32124066213323,0.0],[9.215303010334575,45.32125042280602,0.0],[9.215249058634743,45.32128316963734,0.0],[9.215156909192368,45.32130350380403,0.0],[9.21443814480222,45.32132706409188,0.0],[9.214374221940531,45.3213255759745,0.0],[9.211713793120134,45.32131704793759,0.0],[9.211648648985939,45.32132040364482,0.0],[9.211584668553327,45.3213297172767,0.0],[9.211524938381592,45.32137006199312,0.0],[9.211468790062032,45.32141290025058,0.0],[9.211416423365819,45.32145806571805,0.0],[9.210406452033304,45.32250563723949,0.0],[9.210314057443005,45.32261020946832,0.0],[9.210233680324508,45.32272029300497,0.0],[9.2101659122272,45.32283502822506,0.0],[9.210111269048339,45.32295353562937,0.0],[9.210070178714515,45.32307490653059,0.0],[9.210042980736768,45.32319821205294,0.0],[9.209734919098919,45.32429943942956,0.0],[9.209734919098919,45.32429943942956,0.0],[9.209702693993842,45.32440829375508,0.0],[9.209695553038975,45.32442181655487,0.0],[9.209682712866433,45.324433037268,0.0],[9.20966550641905,45.32444082600633,0.0],[9.209645685413978,45.32444436950955,0.0],[9.20962528567642,45.32444331203666,0.0],[9.209580574922489,45.32443578469972,0.0],[9.209543021009392,45.324430531998,0.0],[9.209474165797731,45.32442094541223,0.0],[9.209411169044479,45.32441379995014,0.0],[9.209377431914428,45.32441016345309,0.0],[9.209347295627488,45.32441461715276,0.0],[9.20929344267451,45.32443534230746,0.0],[9.209096023842886,45.32447416616467,0.0],[9.208894723796762,45.32450124296909,0.0],[9.208690944005387,45.32451639070256,0.0],[9.206433411608787,45.32454988971269,0.0],[9.206395902708687,45.32456372330549,0.0],[9.206384872667869,45.32456669743067,0.0],[9.2063731678463,45.32456780769218,0.0],[9.20550484139095,45.32457876526487,0.0],[9.205371956758087,45.32458044066374,0.0],[9.205360842168204,45.32457942055153,0.0],[9.205350616599752,45.32457616934779,0.0],[9.20533139720884,45.32456748028542,0.0],[9.205321171644316,45.32456422907912,0.0],[9.205310057058744,45.32456320896203,0.0],[9.20502306899875,45.3245668325112,0.0],[9.205005444543346,45.32457012261187,0.0],[9.204982867784908,45.32457877939336,0.0],[9.204965269284667,45.32458206111205,0.0],[9.204363658048136,45.32458964710338,0.0],[9.204346465872108,45.32458700915211,0.0],[9.204326360326538,45.32458023567259,0.0],[9.204309180028204,45.32457761602953,0.0],[9.203531073481217,45.32457544011598,0.0],[9.202643357551594,45.32465610891084,0.0],[9.202533149649923,45.32468366798187,0.0],[9.202423909309255,45.32471310702054,0.0],[9.20232292299124,45.32473939603549,0.0],[9.202220625174634,45.32476300344673,0.0],[9.202210583980554,45.32476820020044,0.0],[9.202201871675744,45.32477753874732,0.0],[9.202191444160439,45.32478279812027,0.0],[9.202096622094976,45.32479856850502,0.0],[9.201985071763977,45.32481239674625,0.0],[9.201872636077601,45.32482189570316,0.0],[9.20174258726747,45.32482744823661,0.0],[9.201527910262408,45.32483528705089,0.0],[9.201417239907443,45.32480170009325,0.0],[9.201186621831107,45.32471723067244,0.0],[9.201134558487357,45.32468550422034,0.0],[9.201093564641562,45.32466737713866,0.0],[9.201055941876811,45.32464590836998,0.0],[9.201022223304937,45.32462142639271,0.0],[9.200992903314354,45.32459426774711,0.0],[9.200968786707753,45.32455432331577,0.0],[9.200785306384057,45.32419125798324,0.0],[9.200669404829862,45.32396190360295,0.0],[9.200243073871029,45.32311824776797,0.0],[9.200204514729016,45.32304194814969,0.0],[9.200178119713177,45.3229896830743,0.0],[9.200035173519643,45.32270683044391,0.0],[9.200018029507389,45.32267291430224,0.0],[9.199897699789116,45.32243478143836,0.0],[9.199098227163484,45.32219298643987,0.0],[9.19901166415868,45.32216568400319,0.0],[9.198526590027273,45.32203596229073,0.0],[9.198234945491906,45.32194441974924,0.0],[9.19742525941046,45.32171133765139,0.0],[9.197340559042154,45.32163259730179,0.0],[9.197262343878712,45.32155057378129,0.0],[9.19719088126041,45.32146554401199,0.0],[9.197126400247924,45.32137778397536,0.0],[9.197069104381002,45.32128756902551,0.0],[9.197019182660377,45.32119521020419,0.0],[9.197182224776908,45.32054106354502,0.0],[9.197345408316524,45.32009184936985,0.0],[9.19759379496514,45.31913630131272,0.0],[9.197541496628286,45.31899711492252,0.0],[9.197433424212669,45.31892124306446,0.0],[9.197324089769404,45.31888390009498,0.0],[9.196800547585188,45.31891443205845,0.0],[9.196329901177453,45.31885794889799,0.0],[9.195865007892836,45.31884096715359,0.0],[9.194991707118122,45.31895310114164,0.0],[9.193975153375032,45.31900807022688,0.0],[9.193900142196659,45.31901882390493,0.0],[9.1934819332053,45.31908122668776,0.0],[9.193462962746288,45.31908386011505,0.0],[9.265006152271285,45.33922159626385,0.0],[9.26498347367441,45.33921333903184,0.0],[9.264059159729602,45.33892816913998,0.0],[9.264012011583302,45.33891435984307,0.0],[9.26332839092482,45.33871466869108,0.0],[9.263202131775964,45.33867738876147,0.0],[9.263079009492943,45.33863520961204,0.0],[9.26295942729981,45.3385882490597,0.0],[9.262843735629524,45.33853665970251,0.0],[9.262692283074164,45.33846142267674,0.0],[9.262676580872796,45.3384537107838,0.0],[9.262655623629165,45.33844342174581,0.0],[9.262599204426655,45.33841573720642,0.0],[9.26251623589595,45.33838429789835,0.0],[9.262429942324605,45.33835768999829,0.0],[9.262340877440716,45.33833608898644,0.0],[9.262242203712647,45.3383097246679,0.0],[9.262122343180675,45.33827889600843,0.0],[9.262012170061679,45.33825491400248,0.0],[9.26190447623035,45.33822589090671,0.0],[9.26179968999676,45.33819195415223,0.0],[9.26169828941552,45.33815325939949,0.0],[9.261600701486575,45.33810996108522,0.0],[9.260658667803945,45.33761283136929,0.0],[9.260600480047588,45.33758661730665,0.0],[9.26054759777995,45.33755531294764,0.0],[9.260500902818002,45.3375194441053,0.0],[9.260418078014073,45.33744906836972,0.0],[9.260369225765649,45.33741289537017,0.0],[9.260314377336801,45.33738130039771,0.0],[9.26025436522023,45.33735477202164,0.0],[9.260190127476909,45.33733372925516,0.0],[9.258816429433187,45.33668077668867,0.0],[9.25881034616807,45.33667762977896,0.0],[9.258728880162437,45.33663422057831,0.0],[9.258723808286634,45.33663050320226,0.0],[9.258650532458843,45.33659344546189,0.0],[9.258573484231588,45.33656042429244,0.0],[9.258493088818621,45.33653163012858,0.0],[9.257797503830833,45.33634281951335,0.0],[9.256211817755934,45.3359123523618,0.0],[9.25617606446032,45.33590264360811,0.0],[9.256039091346134,45.33586546761622,0.0],[9.255991445748917,45.33585252615244,0.0],[9.255206370406345,45.33563131476014,0.0],[9.254093856258464,45.3353205770066,0.0],[9.253444438464486,45.33498516229566,0.0],[9.253353591436253,45.33493587332245,0.0],[9.253284786750342,45.33487570629457,0.0],[9.253212391113593,45.33481766961158,0.0],[9.253136552880612,45.33476186596285,0.0],[9.253109178841445,45.33474298603268,0.0],[9.253090987391648,45.33472656193614,0.0],[9.252655131370632,45.33449487649618,0.0],[9.252634672684149,45.3344796323146,0.0],[9.252622464826638,45.3344604865468,0.0],[9.252587219644429,45.3343653245492,0.0],[9.252579388512073,45.33435131250961,0.0],[9.25256707894545,45.33433902198099,0.0],[9.25255098656588,45.33432912754136,0.0],[9.252452015404463,45.33428168786669,0.0],[9.251559889861154,45.33380378801436,0.0],[9.251335157786396,45.3336825430547,0.0],[9.251219300083259,45.33363849843813,0.0],[9.251105375408935,45.33359200409649,0.0],[9.251095971556246,45.33359095756023,0.0],[9.251075200741768,45.33359431417183,0.0],[9.251065722499341,45.33359322078419,0.0],[9.250912641081197,45.33352450714536,0.0],[9.250651554076606,45.3333625456264,0.0],[9.250647237422935,45.33335538569428,0.0],[9.250647950630873,45.33334382319318,0.0],[9.250643633543124,45.33333667226186,0.0],[9.249698366587285,45.3327502956903,0.0],[9.249690948283574,45.33274808935415,0.0],[9.24967109757927,45.3327469621696,0.0],[9.24966401467605,45.33274495315411,0.0],[9.249590019969054,45.33270212294873,0.0],[9.24955056154521,45.33267929229861,0.0],[9.249416285123546,45.33260067569212,0.0],[9.249376827277047,45.33257783598394,0.0],[9.249274333414311,45.33251989142643,0.0],[9.249270076609289,45.3325151930031,0.0],[9.249267513829276,45.33250822848316,0.0],[9.249261785212628,45.3325027916952,0.0],[9.249217256272402,45.33248441652572,0.0],[9.248459961689267,45.33204576055862,0.0],[9.248385398743666,45.33200652043751,0.0],[9.248306018355239,45.33197230964373,0.0],[9.248222482891798,45.33194343250317,0.0],[9.248135522010783,45.33192012287423,0.0],[9.248045879434514,45.331902587922,0.0],[9.247824546494611,45.33184489445787,0.0],[9.247576965702713,45.33176809413412,0.0],[9.246924738124235,45.33154757814987,0.0],[9.24672875649892,45.33148195124559,0.0],[9.24603743276614,45.33118206054927,0.0],[9.246021878228447,45.33117402550331,0.0],[8.867450471845961,45.11420733815284,0.0],[8.867722765822908,45.11414404722018,0.0],[8.867729103135563,45.11405401232469,0.0],[8.867680247514073,45.1135831450995,0.0],[8.867751986649367,45.11321577693258,0.0],[8.867583676193354,45.11307914737321,0.0],[8.867276962426129,45.11308196336234,0.0],[8.864571150190399,45.11321617547674,0.0]]]}},{"type":"Feature","properties":{"name":"SCAVO","folders":"C","description":"Ferrera Erbognone – Path C (Green) – Tratta 20 | 260 m | OTTENUTO","altitude":0.0,"alt_mode":"","time_begin":"","time_end":"","time_when":"","Lunghezza":259.8,"LOTTO":"FERRERA_ERBOGNONE","CLUSTER":20,"PATH_ID":"C","TRATTA_ID":"C-20","STATO_LEGENDA":"OTTENUTO","STATO_AUTORIZZAZIONE":"OTTENUTO","LUNGHEZZA":259.8,"COMUNE":"Mulazzano","PRATICA":"AUT/FEC-009","TIPOLOGIA":"Scavo tradizionale","ENTE":"Comune di Mulazzano","ENTE_TIPO":"Railway","STATO_NULLAOSTA":"OTTENUTO"},"geometry":{"type":"MultiLineString","coordinates":[[[8.864571150190399,45.11321617547674,0.0],[8.864378808757458,45.11257991041202,0.0],[8.863928121526223,45.11231326794751,0.0],[8.864152322445713,45.11213996268976,0.0],[8.86452829166563,45.1116898687904,0.0],[8.864547349881375,45.11117638624395,0.0]]]}},{"type":"Feature","properties":{"name":"SCAVO","folders":"C","description":"Ferrera Erbognone – Path C (Green) – Tratta 21 | 1157 m | IN ATTESA","altitude":0.0,"alt_mode":"","time_begin":"","time_end":"","time_when":"","Lunghezza":1157.38,"LOTTO":"FERRERA_ERBOGNONE","CLUSTER":21,"PATH_ID":"C","TRATTA_ID":"C-21","STATO_LEGENDA":"IN ATTESA","STATO_AUTORIZZAZIONE":"IN ATTESA","LUNGHEZZA":1157.38,"COMUNE":"Borgarello","PRATICA":"","TIPOLOGIA":"Scavo tradizionale","ENTE":"Comune di Borgarello","ENTE_TIPO":"Irrigation Consortia"},"geometry":{"type":"MultiLineString","coordinates":[[[8.864547349881375,45.11117638624395,0.0],[8.864570800206877,45.1102361640574,0.0],[8.863954401606636,45.11036065556091,0.0],[8.860796228310495,45.11102990452127,0.0],[8.860785629129001,45.10964180046487,0.0],[8.86080299008973,45.10762767116617,0.0],[8.861507399013702,45.10661343051868,0.0],[8.861644146992422,45.10579813259221,0.0],[8.86163780713892,45.10542218466452,0.0],[8.861397209144673,45.10447758610249,0.0]]]}},{"type":"Feature","properties":{"name":"SCAVO","folders":"C","description":"Ferrera Erbognone – Path C (Green) – Tratta 22 | 47606 m | OTTENUTO","altitude":0.0,"alt_mode":"","time_begin":"","time_end":"","time_when":"","Lunghezza":47605.83,"LOTTO":"FERRERA_ERBOGNONE","CLUSTER":22,"PATH_ID":"C","TRATTA_ID":"C-22","STATO_LEGENDA":"OTTENUTO","STATO_AUTORIZZAZIONE":"OTTENUTO","LUNGHEZZA":47605.83,"COMUNE":"Vidigulfo","PRATICA":"AUT/FEC-010","TIPOLOGIA":"Scavo tradizionale","ENTE":"Comune di Vidigulfo","ENTE_TIPO":"Railway","STATO_NULLAOSTA":"OTTENUTO"},"geometry":{"type":"MultiLineString","coordinates":[[[8.861397209144673,45.10447758610249,0.0],[8.860909815443353,45.1036068840981,0.0],[8.862039234068638,45.10325595776162,0.0],[8.86200891017606,45.10318442601121,0.0],[9.26524624879636,45.3390896821217,0.0],[9.265217639215143,45.33909446652545,0.0],[9.265006407302737,45.3392064902286,0.0],[9.265006152271285,45.33922159626385,0.0],[9.193462962746288,45.31908386011505,0.0],[9.193444432576607,45.31908663052696,0.0],[9.193294383857513,45.3191081454981,0.0],[9.193219372438769,45.3191188987221,0.0],[9.191498977317003,45.31939911267438,0.0],[9.190779635488257,45.31960587444799,0.0],[9.189904561057869,45.31985617941033,0.0]]]}},{"type":"Feature","properties":{"name":"SCAVO","folders":"C","description":"Ferrera Erbognone – Path C (Green) – Tratta 23 | 15592 m | INVIATO","altitude":0.0,"alt_mode":"","time_begin":"","time_end":"","time_when":"","Lunghezza":15591.84,"LOTTO":"FERRERA_ERBOGNONE","CLUSTER":23,"PATH_ID":"C","TRATTA_ID":"C-23","STATO_LEGENDA":"INVIATO","STATO_AUTORIZZAZIONE":"INVIATO","LUNGHEZZA":15591.84,"COMUNE":"Cusago","PRATICA":"","TIPOLOGIA":"Scavo tradizionale","ENTE":"Comune di Cusago","ENTE_TIPO":"Anas"},"geometry":{"type":"MultiLineString","coordinates":[[[9.189904561057869,45.31985617941033,0.0],[9.188622975106702,45.3202835037765,0.0],[9.18858956703829,45.3206652683244,0.0],[9.188264103932465,45.32071929951839,0.0],[9.187948389045271,45.32054088887062,0.0],[9.187723838440041,45.32063502145466,0.0],[9.187336818383814,45.32060305470885,0.0],[9.18722309132747,45.32063410782339,0.0],[9.186494686856467,45.32086288558308,0.0],[9.186428238406844,45.32088083497251,0.0],[9.186436964904608,45.32089141871551,0.0],[9.186356984688997,45.32093095447109,0.0],[9.186394875194111,45.32092718833445,0.0],[9.186340883435946,45.32094266219871,0.0],[9.185474499321046,45.32349636004881,0.0],[9.18545752489488,45.32354142218448,0.0],[9.185435747689832,45.32358544670464,0.0],[9.185426169170892,45.32362226553292,0.0],[9.185413383241208,45.32365859073245,0.0],[9.185372382288149,45.32374382807443,0.0],[9.185340906246457,45.32378430617827,0.0],[9.184909258541104,45.32437696680379,0.0],[9.184891767629733,45.32440099241619,0.0],[9.184472433217145,45.32497673420589,0.0],[9.18445380492393,45.32499586551144,0.0],[9.184443919161678,45.32500175841578,0.0],[9.18442170822333,45.32501069950431,0.0],[9.184398751841627,45.32501792804672,0.0],[9.184374222228692,45.32502184661782,0.0],[9.184350178274457,45.32502395685439,0.0],[9.184325511035453,45.3250239520426,0.0],[9.184315240870998,45.32502394196935,0.0],[9.184289492357394,45.32501611557615,0.0],[9.184272171248507,45.32501171418373,0.0],[9.18425543688534,45.32500629996071,0.0],[9.184239389554305,45.32499991142739,0.0],[9.184154464720983,45.32496977249191,0.0],[9.18409354871803,45.32491298429395,0.0],[9.184044664407825,45.32487092025256,0.0],[9.18399049117936,45.32483221311613,0.0],[9.183931484597375,45.32479720754161,0.0],[9.183889274294707,45.32474395369785,0.0],[9.183838505346584,45.32469456181767,0.0],[9.183779872434833,45.32464970686723,0.0],[9.183714187293035,45.3246100216436,0.0],[9.183642369071654,45.32457603345794,0.0],[9.183239698748919,45.32434571196916,0.0],[9.183183218247466,45.32430924541719,0.0],[9.18308342934756,45.3242512178641,0.0],[9.182614291867905,45.32396078731467,0.0],[9.182493796998413,45.3238677432641,0.0],[9.182473211650167,45.32384855433588,0.0],[9.182437579945287,45.32381336809518,0.0],[9.182404851677921,45.32377682070531,0.0],[9.182013073451326,45.32344664662515,0.0],[9.181835748250766,45.32338810920784,0.0],[9.18170016181882,45.32336472858434,0.0],[9.181655145613075,45.32337014119916,0.0],[9.181561730910754,45.32339918508849,0.0],[9.181201518218048,45.32338897672844,0.0],[9.181046637493221,45.32345439951002,0.0],[9.180950156251766,45.32348828259132,0.0],[9.180730450416789,45.32348114898816,0.0],[9.18069006243821,45.32348647730191,0.0],[9.180640674076912,45.32349555730285,0.0],[9.180554076978485,45.32351900146401,0.0],[9.180457146629054,45.32354525416133,0.0],[9.180373222989996,45.32358483163787,0.0],[9.180238268152829,45.32366760165928,0.0],[9.179245215701139,45.32423040930231,0.0],[9.179201921874032,45.32426336644149,0.0],[9.179151539272805,45.32429193099555,0.0],[9.179097925343084,45.32431739682366,0.0],[9.17904145947839,45.32433958405875,0.0],[9.17899163379995,45.32434741796722,0.0],[9.178959872798284,45.3243526435122,0.0],[9.178916875103537,45.32436240339813,0.0],[9.178665444430504,45.32438619608241,0.0],[9.177763543903668,45.32460358269371,0.0],[9.177369526318614,45.32468747615938,0.0],[9.17640599918589,45.32477959170121,0.0],[9.176280089958675,45.32478662337786,0.0],[9.176153800498462,45.32478588665537,0.0],[9.176026420223675,45.32478062609158,0.0],[9.175900110625742,45.32476051398862,0.0],[9.175587937521406,45.32471849110681,0.0],[9.175201426638306,45.3247071136562,0.0],[9.175083326941884,45.32470018934483,0.0],[9.17496637021278,45.32468672386219,0.0],[9.174851280152444,45.32466680721839,0.0],[9.174738765909574,45.32464056511185,0.0],[9.174629522079087,45.32460815892911,0.0],[9.174524241012081,45.3245697950608,0.0],[9.174423563123508,45.32452569663665,0.0],[9.174349202946258,45.32449079257935,0.0],[9.174336690477942,45.32447962399146,0.0],[9.174306010262374,45.32446337369637,0.0],[9.17407843488345,45.32444567247759,0.0],[9.173777612063079,45.32438124388099,0.0],[9.17348546608765,45.32429931288998,0.0],[9.172697135369352,45.32402430232119,0.0],[9.17255586112433,45.32398794662475,0.0],[9.172410450635587,45.3239607790708,0.0],[9.17240528352478,45.32395911009237,0.0],[9.17227068612475,45.3239274612365,0.0],[9.17213279296768,45.3239037687648,0.0],[9.171992502232712,45.32388820811672,0.0],[9.17185079222986,45.32388088463015,0.0],[9.17167960964931,45.32387155994945,0.0],[9.171581000034362,45.32386525920296,0.0],[9.171483009805796,45.32385524298453,0.0],[9.171385919219867,45.3238415272533,0.0],[9.171076735795788,45.32379094215031,0.0],[9.170979949021412,45.32377626036785,0.0],[9.170882058492678,45.32376578652011,0.0],[9.170783457906241,45.32375956641,0.0],[9.170368337730563,45.32372080746566,0.0],[9.169999488135998,45.32371841113054,0.0],[9.169918960267783,45.32371865807144,0.0],[9.169838704594765,45.32371395541133,0.0],[9.169759332195229,45.32370434533948,0.0],[9.169681452352094,45.32368990604814,0.0],[9.169605635174312,45.32367073278255,0.0],[9.169600515822657,45.32366938927325,0.0],[9.169525996363323,45.32365365446501,0.0],[9.169450087918051,45.323641696999,0.0],[9.169373157774222,45.32363358005087,0.0],[9.168302322381482,45.32363699629363,0.0],[9.16825709825038,45.32362835862637,0.0],[9.168210352639356,45.32362615340564,0.0],[9.16816389497617,45.32363047058497,0.0],[9.16811956001238,45.32364114842883,0.0],[9.168079054726116,45.32365776971336,0.0],[9.168043970185236,45.32367968004304,0.0],[9.168015677687102,45.32370602131833,0.0],[9.166568450295763,45.32505085990171,0.0],[9.166485340516997,45.32514711130534,0.0],[9.166469494373992,45.32516182105082,0.0],[9.16644972810853,45.32517393729373,0.0],[9.166426858805567,45.32518295765551,0.0],[9.166408700203332,45.32518589510168,0.0],[9.028493185610522,45.25840820222821,0.0],[9.028491823988873,45.25839371227357,0.0],[9.028487165550853,45.25837956001065,0.0],[9.028457438869049,45.25831375869696,0.0],[9.028415882442863,45.25824799175571,0.0],[9.028409522596327,45.25823930122933,0.0],[9.028383685671937,45.25823806067981,0.0],[9.028350492725316,45.25823645734333,0.0]]]}},{"type":"Feature","properties":{"name":"SCAVO","folders":"C","description":"Ferrera Erbognone – Path C (Green) – Tratta 24 | 3583 m | OTTENUTO","altitude":0.0,"alt_mode":"","time_begin":"","time_end":"","time_when":"","Lunghezza":3582.75,"LOTTO":"FERRERA_ERBOGNONE","CLUSTER":24,"PATH_ID":"C","TRATTA_ID":"C-24","STATO_LEGENDA":"OTTENUTO","STATO_AUTORIZZAZIONE":"OTTENUTO","LUNGHEZZA":3582.75,"COMUNE":"Cusago","PRATICA":"AUT/FEC-011","TIPOLOGIA":"Scavo tradizionale","ENTE":"Comune di Cusago","ENTE_TIPO":"AIPO","STATO_NULLAOSTA":"OTTENUTO"},"geometry":{"type":"MultiLineString","coordinates":[[[9.028350492725316,45.25823645734333,0.0],[9.02826481138748,45.25823233361479,0.0],[9.028158397107187,45.25822721028269,0.0],[9.02809623486672,45.25820689243022,0.0],[9.028007085016874,45.25817193983733,0.0],[9.027932306355897,45.25813471208549,0.0],[9.027915058876037,45.25812438623013,0.0],[9.027900658090465,45.25811207988628,0.0],[9.027849099053673,45.2580590198083,0.0],[9.02778119309654,45.25798914194889,0.0],[9.027707038535892,45.25791284728611,0.0],[9.027626975280278,45.25783046907658,0.0],[9.02754134229842,45.25774235857558,0.0],[9.02744967894408,45.2576480531941,0.0],[9.02734840164669,45.25754385495079,0.0],[9.027319546666483,45.25751416723136,0.0],[9.027281839925498,45.25748026581048,0.0],[9.027075924347304,45.25728470390513,0.0],[9.027044984923405,45.25725608825125,0.0],[9.026855840296802,45.25707975192247,0.0],[9.026824901092843,45.25705113621372,0.0],[9.026824096274698,45.25705017804467,0.0],[9.02678780198189,45.25699510911986,0.0],[9.026755891112598,45.25693868551568,0.0],[9.026728480732245,45.25688110853973,0.0],[9.026703437026102,45.25683025274661,0.0],[9.026672969472276,45.25678088671009,0.0],[9.026637279650584,45.25673330404749,0.0],[9.026596570078674,45.25668778037684,0.0],[9.025689164513924,45.2559677391436,0.0],[9.025610751222498,45.2558690285403,0.0],[9.025563095923921,45.25576917313334,0.0],[9.02551849505335,45.25563674852975,0.0],[9.025504606403153,45.25549672572114,0.0],[9.025524540896303,45.25543484946918,0.0],[9.025528332346655,45.25542308911733,0.0],[9.025504250761022,45.2554136751482,0.0],[9.025463373778992,45.25539214442036,0.0],[9.025447878974205,45.2553827289815,0.0],[9.02530530411996,45.25531500344496,0.0],[9.025112412549797,45.25519447406581,0.0],[9.024395727165452,45.2544629392235,0.0],[9.024352848015464,45.25441822326912,0.0],[9.024191902358856,45.25420385014316,0.0],[9.023649764660826,45.25369214788885,0.0],[9.023592002690581,45.25364660189018,0.0],[9.023450053428418,45.25351261947927,0.0],[9.023415388610827,45.25347529061781,0.0],[9.02338753983396,45.25343521980497,0.0],[9.023341287912872,45.25335670331876,0.0],[9.02332159487543,45.25331681820142,0.0],[9.023308645850515,45.25327556803095,0.0],[9.023275624936797,45.25320387595413,0.0],[9.0232498128628,45.25313071379667,0.0],[9.023231317718569,45.25305645385627,0.0],[9.023056507391328,45.25065210235513,0.0],[9.023055034992467,45.25062511943371,0.0],[9.02274562370303,45.24639423750591,0.0],[9.022723638468811,45.24608862303423,0.0],[9.02271985085276,45.24603468021842,0.0],[9.022520918578964,45.2432034049632,0.0],[9.022508633206652,45.24314023785015,0.0],[9.022487600364311,45.24307823026501,0.0],[9.022458031060317,45.24301798247117,0.0],[9.022420212731586,45.24296009672471,0.0],[9.022374499797465,45.24290511394718,0.0],[9.022321348580878,45.24285357771824,0.0],[9.02226126823524,45.24280599694924,0.0],[9.022194860371407,45.24276281988325,0.0],[9.022122740273048,45.24272447709733,0.0],[9.021962345888236,45.24262569702015,0.0],[9.02144496907381,45.24240805478089,0.0],[9.021054846818268,45.2422645811511,0.0],[9.021027987541672,45.24224425280678,0.0],[9.021001914360673,45.24222450369425,0.0],[9.020892209407965,45.2421414368494,0.0],[9.020706500017962,45.24202921570777,0.0],[9.020421104871799,45.24185677151362,0.0],[9.020340516429687,45.24184306934551,0.0],[9.020258547619717,45.24183429644026,0.0],[9.020175832514736,45.2418305234221,0.0],[9.020092943848816,45.24183177425744,0.0],[9.02001053314015,45.24183802991409,0.0],[9.019888249637177,45.24185473392823,0.0],[9.019764479729218,45.2418644961417,0.0],[9.019640003798287,45.24186727385098,0.0],[9.019515601756316,45.24186303335519,0.0],[9.019392075224053,45.24185181361624,0.0],[9.019270211669172,45.24183368026456,0.0],[9.019150782992034,45.24180875259637,0.0],[9.019034534199003,45.2417771762432,0.0],[9.018922206522912,45.24173916883324,0.0],[9.018814527980743,45.24169495666339,0.0],[9.018712171860537,45.24164483669539,0.0],[9.018615798233096,45.24158911455898,0.0],[9.018526000642956,45.24152814821632,0.0],[9.0184433712128,45.24146232262787,0.0],[9.018368411004522,45.24139205642143,0.0],[9.018301606448889,45.24131780388853,0.0],[9.018243393015794,45.24124001798852,0.0],[9.018194126440566,45.24115921267711,0.0],[9.018154124708552,45.24107589191063,0.0],[9.017930097696349,45.24053994197249,0.0],[9.017889425165345,45.24048918034256,0.0],[9.017840231230414,45.24044233230269,0.0],[9.017806392727692,45.24036483173153,0.0],[9.017763312352283,45.24028965790928,0.0],[9.017711306260132,45.24021735076995,0.0],[9.017650754762297,45.24014844291118,0.0],[9.017582103266438,45.2400834415963,0.0],[9.017353783815254,45.23988733014981,0.0],[9.017320714254218,45.23985946714615,0.0],[9.017026846949333,45.23956447910777,0.0],[9.017003201561923,45.23953154555176,0.0],[9.016778927337773,45.23918156725343,0.0],[9.016343660913392,45.23878069865996,0.0],[9.01601662372182,45.23841762346904,0.0],[9.015731007128734,45.23810053516913,0.0],[9.015522537445307,45.23798228530837,0.0],[9.01530903321099,45.23786860741163,0.0],[9.015090706227234,45.23775959710678,0.0],[9.014867742343581,45.23765535835527,0.0],[9.013557656084888,45.23699922723402,0.0],[9.01338311765605,45.23690660720792,0.0],[9.013212745379079,45.23681019395605,0.0],[9.01304670060068,45.23671007282449,0.0],[9.012885156456962,45.23660634749136,0.0],[9.012766921276661,45.23653022265129,0.0],[9.012631398448022,45.23647268652545,0.0],[9.012610031965075,45.23646349408028,0.0],[9.012460396260574,45.23637228155351,0.0],[9.012448085153848,45.23635555819519,0.0],[9.012425876240842,45.23632789699833,0.0],[9.012338618288327,45.23626742477698,0.0],[9.012309552397015,45.23624988423693,0.0],[9.012200214034376,45.23618435503898,0.0],[9.012062418366598,45.2361689598531,0.0],[9.011923705071531,45.23615841572494,0.0],[9.01178441706946,45.23615274965443,0.0],[9.011644898223807,45.23615197064471,0.0],[9.011505505134739,45.23615608803426,0.0],[9.01082043833718,45.23616648565064,0.0],[9.01041643652977,45.23617261827045,0.0],[9.010272862450726,45.23617498450896,0.0],[9.010129705006705,45.23618302074222,0.0],[9.009987411839065,45.23619670265511,0.0],[9.00984641879777,45.2362159876026,0.0],[9.009578107737843,45.23625499645469,0.0],[9.00946193586368,45.23627693196797,0.0],[9.009343702914395,45.23629245118403,0.0],[9.009224127870988,45.23630146480205,0.0],[9.009103915561974,45.2363039101879,0.0],[9.008983806192605,45.23629977970697,0.0],[9.00886450033922,45.2362890917237,0.0],[9.00874673395238,45.23627191960201,0.0],[9.008548837335345,45.23626798439574,0.0],[9.008327736827491,45.23626800034725,0.0],[9.008219048870123,45.23627881228461,0.0],[9.008168840792024,45.23628500252048,0.0],[9.008049782649783,45.23624974719795,0.0],[9.007164764017483,45.2340579460585,0.0]]]}},{"type":"Feature","properties":{"name":"SCAVO","folders":"C","description":"Ferrera Erbognone – Path C (Green) – Tratta 25 | 5793 m | IN REDAZIONE","altitude":0.0,"alt_mode":"","time_begin":"","time_end":"","time_when":"","Lunghezza":5793.46,"LOTTO":"FERRERA_ERBOGNONE","CLUSTER":25,"PATH_ID":"C","TRATTA_ID":"C-25","STATO_LEGENDA":"IN REDAZIONE","STATO_AUTORIZZAZIONE":"IN REDAZIONE","LUNGHEZZA":5793.46,"COMUNE":"Landriano","PRATICA":"","TIPOLOGIA":"Scavo tradizionale","ENTE":"Comune di Landriano","ENTE_TIPO":"Anas"},"geometry":{"type":"MultiLineString","coordinates":[[[9.007164764017483,45.2340579460585,0.0],[9.006983659978719,45.23400818811679,0.0],[9.00690645959184,45.23397680255548,0.0],[9.006878609980562,45.23394660424712,0.0],[9.006820561540831,45.23390640397913,0.0],[9.006757049708233,45.2338624106864,0.0],[9.006648583267825,45.23374141481822,0.0],[9.006572549964377,45.23365659499245,0.0],[9.006461231643307,45.23346027758198,0.0],[9.00630460693659,45.23322256184363,0.0],[9.00616947187635,45.23297832660985,0.0],[9.006105952814266,45.23290828934096,0.0],[9.006087547369717,45.23286051374983,0.0],[9.006077712711942,45.23284598139858,0.0],[9.006061272682603,45.23283482629405,0.0],[9.00604033328506,45.23282847344775,0.0],[9.006017568543218,45.23282773196618,0.0],[9.005421736511698,45.2328845500003,0.0],[9.005360163301528,45.23290731940055,0.0],[9.005295091224108,45.2329245900045,0.0],[9.005227516594688,45.23293609057271,0.0],[9.0051584687369,45.23294164986142,0.0],[9.00443712334016,45.23300067458836,0.0],[9.00264950941953,45.23302742009135,0.0],[9.002567203225585,45.23301662500933,0.0],[9.00248671471727,45.23300037155119,0.0],[9.002408763722457,45.23297879578064,0.0],[9.00233406627758,45.23295210575615,0.0],[9.002263273313298,45.23292053486207,0.0],[9.002178538812865,45.23288051428583,0.0],[9.001930474982382,45.23279623620088,0.0],[9.001641776535994,45.2326737081419,0.0],[9.00064532048455,45.23185434072577,0.0],[9.000513655966387,45.23166485410471,0.0],[9.000165935671665,45.23116437574395,0.0],[8.99935701470768,45.23024202239121,0.0],[8.99928649013572,45.23009575746931,0.0],[8.999037297188176,45.22980320406133,0.0],[8.998708183296028,45.22951065674234,0.0],[8.99788540766053,45.22890561314171,0.0],[8.997504576721465,45.22868620029225,0.0],[8.997044586431967,45.22845625012375,0.0],[8.997029341920406,45.22844811701107,0.0],[9.028616201642324,45.2581773319679,0.0],[9.033079096860106,45.25610091175907,0.0],[9.033178415588228,45.25584418636998,0.0],[9.033476906525335,45.25572301423109,0.0],[9.033893564142723,45.25587319061208,0.0],[9.03391717861448,45.25612858593541,0.0]]]}},{"type":"Feature","properties":{"name":"SCAVO","folders":"C","description":"Ferrera Erbognone – Path C (Green) – Tratta 26 | 2218 m | OTTENUTO","altitude":0.0,"alt_mode":"","time_begin":"","time_end":"","time_when":"","Lunghezza":2217.67,"LOTTO":"FERRERA_ERBOGNONE","CLUSTER":26,"PATH_ID":"C","TRATTA_ID":"C-26","STATO_LEGENDA":"OTTENUTO","STATO_AUTORIZZAZIONE":"OTTENUTO","LUNGHEZZA":2217.67,"COMUNE":"Tribiano","PRATICA":"AUT/FEC-012","TIPOLOGIA":"Scavo tradizionale","ENTE":"Comune di Tribiano","ENTE_TIPO":"highway","STATO_NULLAOSTA":"OTTENUTO"},"geometry":{"type":"MultiLineString","coordinates":[[[9.03391717861448,45.25612858593541,0.0],[9.033834288417674,45.25626856004341,0.0],[9.037951167978191,45.26260730851543,0.0],[9.039004973358688,45.26338902215713,0.0],[9.044557214657852,45.2651102139915,0.0],[9.044976797121404,45.26502125934902,0.0],[9.045289481019498,45.26540101100796,0.0],[9.046830492192226,45.26554811950022,0.0],[9.049497510999327,45.26535782361266,0.0],[9.04957732311938,45.26520545724322,0.0],[9.049796944569266,45.26520232113063,0.0],[9.050105531007508,45.2652146678588,0.0],[9.052510048470628,45.26400469842459,0.0],[9.05404398819341,45.26366687549587,0.0]]]}},{"type":"Feature","properties":{"name":"SCAVO","folders":"C","description":"Ferrera Erbognone – Path C (Green) – Tratta 27 | 8177 m | OTTENUTO","altitude":0.0,"alt_mode":"","time_begin":"","time_end":"","time_when":"","Lunghezza":8176.78,"LOTTO":"FERRERA_ERBOGNONE","CLUSTER":27,"PATH_ID":"C","TRATTA_ID":"C-27","STATO_LEGENDA":"OTTENUTO","STATO_AUTORIZZAZIONE":"OTTENUTO","LUNGHEZZA":8176.78,"COMUNE":"Paullo","PRATICA":"AUT/FEC-013","TIPOLOGIA":"Scavo tradizionale","ENTE":"Comune di Paullo","ENTE_TIPO":"Irrigation Consortia","STATO_NULLAOSTA":"OTTENUTO"},"geometry":{"type":"MultiLineString","coordinates":[[[9.05404398819341,45.26366687549587,0.0],[9.055527850321141,45.26407315926452,0.0],[9.06131799839944,45.26515901769721,0.0],[9.065217795858443,45.26570883142145,0.0],[9.06658661098329,45.26594544959896,0.0],[9.067072462302725,45.26613655462273,0.0],[9.068193124317812,45.26636669946153,0.0],[9.069120264300079,45.26641531444359,0.0],[9.06977527783665,45.26643691641747,0.0],[9.077188894848376,45.26767565433345,0.0],[9.076656559985405,45.26936934428782,0.0],[9.077512966029406,45.27051461186924,0.0],[9.07769916214847,45.27083116261419,0.0],[9.077431326494313,45.27175975752378,0.0],[9.077605128467027,45.27265680301561,0.0],[9.077490750742376,45.27288336290935,0.0],[9.07759236242928,45.27308810091767,0.0],[9.077151794844326,45.27423778558282,0.0],[9.083385143915233,45.27498629794857,0.0],[9.086890341020261,45.2747321785181,0.0],[9.094221807243915,45.2757372272254,0.0],[9.095668867820981,45.27597327910654,0.0],[9.09669852702584,45.27600964350664,0.0],[9.098021540762504,45.27604167861489,0.0],[9.098223771342546,45.27612588263558,0.0],[9.098178551837325,45.27552385804207,0.0],[9.09822257956505,45.27482460008351,0.0],[9.099242440045117,45.27278798434185,0.0],[9.100247354266774,45.27294858376379,0.0],[9.10200924678895,45.27315329864813,0.0],[9.103535785792536,45.26935113162859,0.0],[9.104331782432318,45.26939863931573,0.0],[9.105660513457785,45.2694143219533,0.0],[9.106432048895803,45.26966810213451,0.0],[9.10722810191167,45.27015035099385,0.0],[9.107678366523025,45.27051161738097,0.0],[9.108621603252407,45.27100573732854,0.0],[9.11142945617116,45.27170751960652,0.0],[9.111734066509054,45.27184185150269,0.0],[9.112095700576745,45.27175281573567,0.0],[9.112694867236353,45.27181325109983,0.0],[9.11516420878587,45.27246841583162,0.0],[9.115307663613768,45.27264681501793,0.0],[9.115516102652816,45.27274772191777,0.0],[9.116552481323819,45.27269275544682,0.0],[9.11738212709694,45.27314222261676,0.0],[9.11696326303045,45.27477768008337,0.0],[9.119769131051836,45.27516707084401,0.0],[9.119877006435521,45.27506458769508,0.0],[9.120119692185558,45.27506087831722,0.0],[9.120316316183242,45.27518663035481,0.0],[9.121740068951203,45.27543355580818,0.0],[9.11887979845563,45.28297170124766,0.0],[9.118102245987398,45.28344208024927,0.0],[9.118064775604601,45.28395431750383,0.0],[9.118367448420532,45.28411561326921,0.0]]]}},{"type":"Feature","properties":{"name":"SCAVO","folders":"C","description":"Ferrera Erbognone – Path C (Green) – Tratta 28 | 5692 m | IN ATTESA","altitude":0.0,"alt_mode":"","time_begin":"","time_end":"","time_when":"","Lunghezza":5691.53,"LOTTO":"FERRERA_ERBOGNONE","CLUSTER":28,"PATH_ID":"C","TRATTA_ID":"C-28","STATO_LEGENDA":"IN ATTESA","STATO_AUTORIZZAZIONE":"IN ATTESA","LUNGHEZZA":5691.53,"COMUNE":"Gudo Visconti","PRATICA":"","TIPOLOGIA":"Scavo tradizionale","ENTE":"Comune di Gudo Visconti","ENTE_TIPO":"Irrigation Consortia"},"geometry":{"type":"MultiLineString","coordinates":[[[9.118367448420532,45.28411561326921,0.0],[9.118856399227335,45.28433271964589,0.0],[9.121584857543976,45.28464939905179,0.0],[9.131486869295987,45.28452265520558,0.0],[9.132590350119763,45.28456857534685,0.0],[9.132799427706846,45.28468152232595,0.0],[9.133582406420611,45.28476087899567,0.0],[9.134111978392825,45.28496403107619,0.0],[9.134259507399175,45.28537638645729,0.0],[9.13444541999903,45.28591962112523,0.0],[9.134917647622295,45.28685741595393,0.0],[9.135847206474788,45.28728973096622,0.0],[9.14157857305426,45.28730060549354,0.0],[9.14183256813157,45.28753186239122,0.0],[9.142305580774403,45.28768172240056,0.0],[9.142932846456999,45.28908093055507,0.0],[9.142117187177341,45.29368793185933,0.0],[9.141988651465347,45.29422165575553,0.0],[9.142061538701594,45.29705218304056,0.0],[9.141683816406612,45.29877260453745,0.0],[9.142080496747687,45.29937319028333,0.0],[9.14293131295927,45.30154557937072,0.0],[9.14306229705364,45.30166786203587,0.0],[9.143143176459334,45.30185578359663,0.0],[9.143240583474688,45.30211630256034,0.0],[9.144169289601528,45.30272915729157,0.0],[9.145820428030431,45.30324525316256,0.0],[9.146036812774554,45.30351832543008,0.0],[9.146057869013246,45.3036327633548,0.0],[9.146107479250984,45.30403497677653,0.0],[9.145524281909845,45.30500553432407,0.0],[9.145111036450013,45.30558183671305,0.0],[9.144595751861434,45.30659674048791,0.0],[9.144184309995499,45.30828686872885,0.0],[9.143721834627556,45.31008075087744,0.0],[9.142928143871899,45.312304646554,0.0],[9.142383273184969,45.31399703419775,0.0],[9.142369416909641,45.31419314514716,0.0],[9.142238708963195,45.31427102945292,0.0],[9.14219174763263,45.31443491761497,0.0],[9.142413831731881,45.31454771725031,0.0],[9.142843145348758,45.31448535653844,0.0],[9.1429936281716,45.31452090172673,0.0],[9.143988324074945,45.31545116430694,0.0],[9.144883202885099,45.31678006049136,0.0],[9.144992770557074,45.31741432926793,0.0]]]}},{"type":"Feature","properties":{"name":"SCAVO","folders":"C","description":"Ferrera Erbognone – Path C (Green) – Tratta 29 | 849 m | INVIATO","altitude":0.0,"alt_mode":"","time_begin":"","time_end":"","time_when":"","Lunghezza":849.46,"LOTTO":"FERRERA_ERBOGNONE","CLUSTER":29,"PATH_ID":"C","TRATTA_ID":"C-29","STATO_LEGENDA":"INVIATO","STATO_AUTORIZZAZIONE":"INVIATO","LUNGHEZZA":849.46,"COMUNE":"Noviglio","PRATICA":"","TIPOLOGIA":"Scavo tradizionale","ENTE":"Comune di Noviglio","ENTE_TIPO":""},"geometry":{"type":"MultiLineString","coordinates":[[[9.144992770557074,45.31741432926793,0.0],[9.144745790618135,45.31987266124358,0.0],[9.14459435377233,45.3213645721528,0.0],[9.1447068769831,45.32150416464404,0.0],[9.144197477612595,45.32259139892331,0.0],[9.146161291046184,45.32301293976462,0.0],[9.146414301846136,45.32348997578847,0.0],[9.146629250166338,45.3234828970506,0.0],[9.146874187948875,45.32346105723362,0.0],[9.147010989146345,45.3234556039224,0.0]]]}},{"type":"Feature","properties":{"name":"SCAVO","folders":"D","description":"Ferrera Erbognone – Path D (Orange) – Tratta 1 | 556 m | IN FIRMA RDS","altitude":0.0,"alt_mode":"","time_begin":"","time_end":"","time_when":"","Lunghezza":556.39,"LOTTO":"FERRERA_ERBOGNONE","CLUSTER":1,"PATH_ID":"D","TRATTA_ID":"D-01","STATO_LEGENDA":"IN FIRMA RDS","STATO_AUTORIZZAZIONE":"IN FIRMA RDS","LUNGHEZZA":556.39,"COMUNE":"Noviglio","PRATICA":"","TIPOLOGIA":"Scavo tradizionale","ENTE":"Comune di Noviglio","ENTE_TIPO":"Irrigation Consortia"},"geometry":{"type":"MultiLineString","coordinates":[[[8.8986910602048,45.10404610771764,0.0],[8.899096500880413,45.10399063194953,0.0],[8.899849384205796,45.10407668155852,0.0],[8.900191976195133,45.10399443632703,0.0],[8.90038468270824,45.10398659634578,0.0],[8.90057741509381,45.10399604815393,0.0],[8.900985003882111,45.10435354972289,0.0],[8.905157947698825,45.10313610653507,0.0]]]}},{"type":"Feature","properties":{"name":"SCAVO","folders":"D","description":"Ferrera Erbognone – Path D (Orange) – Tratta 2 | 1218 m | OTTENUTO","altitude":0.0,"alt_mode":"","time_begin":"","time_end":"","time_when":"","Lunghezza":1217.96,"LOTTO":"FERRERA_ERBOGNONE","CLUSTER":2,"PATH_ID":"D","TRATTA_ID":"D-02","STATO_LEGENDA":"OTTENUTO","STATO_AUTORIZZAZIONE":"OTTENUTO","LUNGHEZZA":1217.96,"COMUNE":"Marcignago","PRATICA":"AUT/FED-001","TIPOLOGIA":"Scavo tradizionale","ENTE":"Comune di Marcignago","ENTE_TIPO":"Irrigation Consortia","STATO_NULLAOSTA":"OTTENUTO"},"geometry":{"type":"MultiLineString","coordinates":[[[8.905157947698825,45.10313610653507,0.0],[8.907447628448926,45.10337519858009,0.0],[8.909963582495685,45.1044353656993,0.0],[8.911142419631673,45.10423129575796,0.0],[8.912736920562782,45.10703444543229,0.0],[8.91732163722314,45.10799072885293,0.0]]]}},{"type":"Feature","properties":{"name":"SCAVO","folders":"D","description":"Ferrera Erbognone – Path D (Orange) – Tratta 3 | 4652 m | IN FIRMA RDS","altitude":0.0,"alt_mode":"","time_begin":"","time_end":"","time_when":"","Lunghezza":4651.95,"LOTTO":"FERRERA_ERBOGNONE","CLUSTER":3,"PATH_ID":"D","TRATTA_ID":"D-03","STATO_LEGENDA":"IN FIRMA RDS","STATO_AUTORIZZAZIONE":"IN FIRMA RDS","LUNGHEZZA":4651.95,"COMUNE":"Bascapè","PRATICA":"","TIPOLOGIA":"Scavo tradizionale","ENTE":"Comune di Bascapè","ENTE_TIPO":"Highway"},"geometry":{"type":"MultiLineString","coordinates":[[[8.91732163722314,45.10799072885293,0.0],[8.923960723195181,45.10862785222074,0.0],[8.932550265391674,45.10955067891027,0.0],[8.958220676274586,45.11182265059283,0.0],[8.959812074088994,45.11222832662045,0.0],[8.960996108543915,45.11294108970096,0.0],[8.961446531363478,45.11327375095051,0.0],[8.974498926369616,45.11707446717204,0.0]]]}},{"type":"Feature","properties":{"name":"SCAVO","folders":"D","description":"Ferrera Erbognone – Path D (Orange) – Tratta 4 | 1216 m | INVIATO","altitude":0.0,"alt_mode":"","time_begin":"","time_end":"","time_when":"","Lunghezza":1215.98,"LOTTO":"FERRERA_ERBOGNONE","CLUSTER":4,"PATH_ID":"D","TRATTA_ID":"D-04","STATO_LEGENDA":"INVIATO","STATO_AUTORIZZAZIONE":"INVIATO","LUNGHEZZA":1215.98,"COMUNE":"Settimo Milanese","PRATICA":"","TIPOLOGIA":"Scavo tradizionale","ENTE":"Comune di Settimo Milanese","ENTE_TIPO":"AIPO"},"geometry":{"type":"MultiLineString","coordinates":[[[8.974498926369616,45.11707446717204,0.0],[8.982028750067897,45.11935979381911,0.0],[8.988245074900064,45.1212390559505,0.0],[8.988755319808348,45.12135929079261,0.0]]]}},{"type":"Feature","properties":{"name":"SCAVO","folders":"D","description":"Ferrera Erbognone – Path D (Orange) – Tratta 5 | 11303 m | COORDINAMENTO","altitude":0.0,"alt_mode":"","time_begin":"","time_end":"","time_when":"","Lunghezza":11302.55,"LOTTO":"FERRERA_ERBOGNONE","CLUSTER":5,"PATH_ID":"D","TRATTA_ID":"D-05","STATO_LEGENDA":"COORDINAMENTO","STATO_AUTORIZZAZIONE":"COORDINAMENTO","LUNGHEZZA":11302.55,"COMUNE":"Borgarello","PRATICA":"","TIPOLOGIA":"Scavo tradizionale","ENTE":"Comune di Borgarello","ENTE_TIPO":"Irrigation Consortia"},"geometry":{"type":"MultiLineString","coordinates":[[[8.988755319808348,45.12135929079261,0.0],[8.992550057437555,45.12180263648192,0.0],[8.993854041047005,45.12200074011772,0.0],[9.000004554005761,45.12149006464653,0.0],[9.002123777673273,45.12136112048573,0.0],[9.003306822211385,45.12138818176754,0.0],[9.00443782295019,45.12160095946051,0.0],[9.005455688977333,45.12184082906825,0.0],[9.00775984924284,45.12223989964531,0.0],[9.02493350910754,45.12453735825066,0.0],[9.02588338508875,45.12487277473794,0.0],[9.027244038637882,45.12573271564207,0.0],[9.036121764898988,45.13187605213179,0.0],[9.048553970284068,45.13675564721863,0.0],[9.069379282895191,45.14469007596079,0.0],[9.070699181702402,45.14513278754855,0.0],[9.071006209606763,45.14510642510623,0.0],[9.071282478847326,45.145274259316,0.0],[9.071448120171084,45.14566295277336,0.0],[9.07769777799242,45.14918910050876,0.0],[9.09366203771077,45.15636282968043,0.0],[9.099106941816139,45.15694564250997,0.0],[9.111555924892876,45.15594268754468,0.0],[9.117918041651613,45.15534781938859,0.0]]]}},{"type":"Feature","properties":{"name":"SCAVO","folders":"D","description":"Ferrera Erbognone – Path D (Orange) – Tratta 6 | 460 m | OTTENUTO","altitude":0.0,"alt_mode":"","time_begin":"","time_end":"","time_when":"","Lunghezza":460.19,"LOTTO":"FERRERA_ERBOGNONE","CLUSTER":6,"PATH_ID":"D","TRATTA_ID":"D-06","STATO_LEGENDA":"OTTENUTO","STATO_AUTORIZZAZIONE":"OTTENUTO","LUNGHEZZA":460.19,"COMUNE":"Corbetta","PRATICA":"AUT/FED-002","TIPOLOGIA":"Scavo tradizionale","ENTE":"Comune di Corbetta","ENTE_TIPO":"Highway","STATO_NULLAOSTA":"OTTENUTO"},"geometry":{"type":"MultiLineString","coordinates":[[[9.117918041651613,45.15534781938859,0.0],[9.122768772529763,45.15487686129877,0.0],[9.123077559781992,45.15465679110893,0.0],[9.12346699821825,45.15439995475985,0.0]]]}},{"type":"Feature","properties":{"name":"SCAVO","folders":"D","description":"Ferrera Erbognone – Path D (Orange) – Tratta 7 | 1652 m | COORDINAMENTO","altitude":0.0,"alt_mode":"","time_begin":"","time_end":"","time_when":"","Lunghezza":1651.56,"LOTTO":"FERRERA_ERBOGNONE","CLUSTER":7,"PATH_ID":"D","TRATTA_ID":"D-07","STATO_LEGENDA":"COORDINAMENTO","STATO_AUTORIZZAZIONE":"COORDINAMENTO","LUNGHEZZA":1651.56,"COMUNE":"Zelo Buon Persico","PRATICA":"","TIPOLOGIA":"Scavo tradizionale","ENTE":"Comune di Zelo Buon Persico","ENTE_TIPO":"Irrigation Consortia"},"geometry":{"type":"MultiLineString","coordinates":[[[9.12346699821825,45.15439995475985,0.0],[9.123863142630984,45.15441082772946,0.0],[9.124345501512622,45.15471989902479,0.0],[9.124434478915566,45.15497447389972,0.0],[9.12512733366308,45.15513157586309,0.0],[9.130411621536156,45.15931760468084,0.0],[9.13082834955415,45.15972239215436,0.0],[9.137669990993132,45.16511267748336,0.0]]]}},{"type":"Feature","properties":{"name":"SCAVO","folders":"D","description":"Ferrera Erbognone – Path D (Orange) – Tratta 8 | 940 m | OTTENUTO","altitude":0.0,"alt_mode":"","time_begin":"","time_end":"","time_when":"","Lunghezza":940.33,"LOTTO":"FERRERA_ERBOGNONE","CLUSTER":8,"PATH_ID":"D","TRATTA_ID":"D-08","STATO_LEGENDA":"OTTENUTO","STATO_AUTORIZZAZIONE":"OTTENUTO","LUNGHEZZA":940.33,"COMUNE":"Corbetta","PRATICA":"AUT/FED-003","TIPOLOGIA":"Scavo tradizionale","ENTE":"Comune di Corbetta","ENTE_TIPO":"Irrigation Consortia","STATO_NULLAOSTA":"OTTENUTO"},"geometry":{"type":"MultiLineString","coordinates":[[[9.137669990993132,45.16511267748336,0.0],[9.139442120480066,45.16649685949096,0.0],[9.141885311937973,45.16830000075339,0.0],[9.143399897854875,45.16941065483856,0.0],[9.14411059838674,45.17038113919275,0.0],[9.145041502808908,45.1713905470978,0.0],[9.145187019372987,45.17163090327488,0.0]]]}},{"type":"Feature","properties":{"name":"SCAVO","folders":"D","description":"Ferrera Erbognone – Path D (Orange) – Tratta 9 | 1233 m | INVIATO","altitude":0.0,"alt_mode":"","time_begin":"","time_end":"","time_when":"","Lunghezza":1233.38,"LOTTO":"FERRERA_ERBOGNONE","CLUSTER":9,"PATH_ID":"D","TRATTA_ID":"D-09","STATO_LEGENDA":"INVIATO","STATO_AUTORIZZAZIONE":"INVIATO","LUNGHEZZA":1233.38,"COMUNE":"Certosa di Pavia","PRATICA":"","TIPOLOGIA":"Scavo tradizionale","ENTE":"Comune di Certosa di Pavia","ENTE_TIPO":"AIPO"},"geometry":{"type":"MultiLineString","coordinates":[[[9.145187019372987,45.17163090327488,0.0],[9.145825287700157,45.17291073010054,0.0],[9.146149579285343,45.17435861055947,0.0],[9.146256730485437,45.17510940525386,0.0],[9.1462562727839,45.17512378317297,0.0],[9.147176376101235,45.17503712549364,0.0],[9.148710637193648,45.17503022996437,0.0],[9.149525478413087,45.17606607035044,0.0],[9.149879195649248,45.17687710358006,0.0],[9.151412872029443,45.17868211530391,0.0],[9.152250039015657,45.17974629956558,0.0],[9.152818875017699,45.17965667505111,0.0]]]}},{"type":"Feature","properties":{"name":"SCAVO","folders":"D","description":"Ferrera Erbognone – Path D (Orange) – Tratta 10 | 1687 m | OTTENUTO","altitude":0.0,"alt_mode":"","time_begin":"","time_end":"","time_when":"","Lunghezza":1687.11,"LOTTO":"FERRERA_ERBOGNONE","CLUSTER":10,"PATH_ID":"D","TRATTA_ID":"D-10","STATO_LEGENDA":"OTTENUTO","STATO_AUTORIZZAZIONE":"OTTENUTO","LUNGHEZZA":1687.11,"COMUNE":"Zeccone","PRATICA":"AUT/FED-004","TIPOLOGIA":"Scavo tradizionale","ENTE":"Comune di Zeccone","ENTE_TIPO":"Irrigation Consortia","STATO_NULLAOSTA":"OTTENUTO"},"geometry":{"type":"MultiLineString","coordinates":[[[9.152818875017699,45.17965667505111,0.0],[9.153639952006818,45.18154757004721,0.0],[9.153454611640043,45.18153694060395,0.0],[9.165219629575196,45.17776453680062,0.0],[9.165668384549177,45.17790875228734,0.0],[9.165903455580057,45.17854445858537,0.0],[9.166499500811609,45.18111641127147,0.0],[9.166675324353456,45.18129436884795,0.0],[9.16684467582666,45.18125478639584,0.0]]]}},{"type":"Feature","properties":{"name":"SCAVO","folders":"D","description":"Ferrera Erbognone – Path D (Orange) – Tratta 11 | 333 m | IN ATTESA","altitude":0.0,"alt_mode":"","time_begin":"","time_end":"","time_when":"","Lunghezza":332.84,"LOTTO":"FERRERA_ERBOGNONE","CLUSTER":11,"PATH_ID":"D","TRATTA_ID":"D-11","STATO_LEGENDA":"IN ATTESA","STATO_AUTORIZZAZIONE":"IN ATTESA","LUNGHEZZA":332.84,"COMUNE":"Marcallo con Casone","PRATICA":"","TIPOLOGIA":"Scavo tradizionale","ENTE":"Comune di Marcallo con Casone","ENTE_TIPO":"Railway"},"geometry":{"type":"MultiLineString","coordinates":[[[9.16684467582666,45.18125478639584,0.0],[9.170852111206697,45.18176541599982,0.0],[9.170923189867835,45.18187755734864,0.0]]]}},{"type":"Feature","properties":{"name":"SCAVO","folders":"D","description":"Ferrera Erbognone – Path D (Orange) – Tratta 12 | 1343 m | OTTENUTO","altitude":0.0,"alt_mode":"","time_begin":"","time_end":"","time_when":"","Lunghezza":1342.87,"LOTTO":"FERRERA_ERBOGNONE","CLUSTER":12,"PATH_ID":"D","TRATTA_ID":"D-12","STATO_LEGENDA":"OTTENUTO","STATO_AUTORIZZAZIONE":"OTTENUTO","LUNGHEZZA":1342.87,"COMUNE":"Noviglio","PRATICA":"AUT/FED-005","TIPOLOGIA":"Scavo tradizionale","ENTE":"Comune di Noviglio","ENTE_TIPO":"Irrigation Consortia","STATO_NULLAOSTA":"OTTENUTO"},"geometry":{"type":"MultiLineString","coordinates":[[[9.170923189867835,45.18187755734864,0.0],[9.17091492845606,45.18660237073131,0.0],[9.169772357960264,45.18859958329445,0.0],[9.168776785566859,45.19086071386102,0.0],[9.168735779203494,45.19086053083621,0.0],[9.17161865653397,45.19183419731156,0.0],[9.172095579877128,45.19226845816222,0.0]]]}},{"type":"Feature","properties":{"name":"SCAVO","folders":"D","description":"Ferrera Erbognone – Path D (Orange) – Tratta 13 | 1986 m | OTTENUTO","altitude":0.0,"alt_mode":"","time_begin":"","time_end":"","time_when":"","Lunghezza":1986.26,"LOTTO":"FERRERA_ERBOGNONE","CLUSTER":13,"PATH_ID":"D","TRATTA_ID":"D-13","STATO_LEGENDA":"OTTENUTO","STATO_AUTORIZZAZIONE":"OTTENUTO","LUNGHEZZA":1986.26,"COMUNE":"San Genesio ed Uniti","PRATICA":"AUT/FED-006","TIPOLOGIA":"Scavo tradizionale","ENTE":"Comune di San Genesio ed Uniti","ENTE_TIPO":"Anas","STATO_NULLAOSTA":"OTTENUTO"},"geometry":{"type":"MultiLineString","coordinates":[[[9.172095579877128,45.19226845816222,0.0],[9.172732798851715,45.1932660829403,0.0],[9.176280056734544,45.19564425281758,0.0],[9.178101225936487,45.19658087566512,0.0],[9.179022934849781,45.19702407828081,0.0],[9.182637175347047,45.20002369347527,0.0],[9.184330884364423,45.20131831451915,0.0],[9.185516022786981,45.20198513246683,0.0],[9.187402551587178,45.20309240716416,0.0],[9.1884940474635,45.20422972697797,0.0],[9.189313528095093,45.20464722653674,0.0],[9.189775127874693,45.20480975283518,0.0]]]}},{"type":"Feature","properties":{"name":"SCAVO","folders":"D","description":"Ferrera Erbognone – Path D (Orange) – Tratta 14 | 20 m | PROTOCOLLATO","altitude":0.0,"alt_mode":"","time_begin":"","time_end":"","time_when":"","Lunghezza":19.77,"LOTTO":"FERRERA_ERBOGNONE","CLUSTER":14,"PATH_ID":"D","TRATTA_ID":"D-14","STATO_LEGENDA":"PROTOCOLLATO","STATO_AUTORIZZAZIONE":"PROTOCOLLATO","LUNGHEZZA":19.77,"COMUNE":"Marcallo con Casone","PRATICA":"","TIPOLOGIA":"Scavo tradizionale","ENTE":"Comune di Marcallo con Casone","ENTE_TIPO":"Highway"},"geometry":{"type":"MultiLineString","coordinates":[[[9.189775127874693,45.20480975283518,0.0],[9.189927665463532,45.20495142628396,0.0]]]}},{"type":"Feature","properties":{"name":"SCAVO","folders":"D","description":"Ferrera Erbognone – Path D (Orange) – Tratta 15 | 4308 m | OTTENUTO","altitude":0.0,"alt_mode":"","time_begin":"","time_end":"","time_when":"","Lunghezza":4308.23,"LOTTO":"FERRERA_ERBOGNONE","CLUSTER":15,"PATH_ID":"D","TRATTA_ID":"D-15","STATO_LEGENDA":"OTTENUTO","STATO_AUTORIZZAZIONE":"OTTENUTO","LUNGHEZZA":4308.23,"COMUNE":"Corbetta","PRATICA":"AUT/FED-007","TIPOLOGIA":"No-Dig","ENTE":"Comune di Corbetta","ENTE_TIPO":"Irrigation Consortia","STATO_NULLAOSTA":"OTTENUTO"},"geometry":{"type":"MultiLineString","coordinates":[[[9.189927665463532,45.20495142628396,0.0],[9.190073997773462,45.20525805434568,0.0],[9.190064936161342,45.20564430991563,0.0],[9.189845914990222,45.20596993268536,0.0],[9.18991547290463,45.20633891489035,0.0],[9.191488449350807,45.20761973508923,0.0],[9.192165707342795,45.20870390438671,0.0],[9.19296112428137,45.20918893893261,0.0],[9.193792067206756,45.20955556258588,0.0],[9.194007641035725,45.20971470113129,0.0],[9.194081116675676,45.2099000581778,0.0],[9.19385155439735,45.21017056595448,0.0],[9.193627740760666,45.21049141502984,0.0],[9.193742914659303,45.21080949401163,0.0],[9.19349827055531,45.21102260399846,0.0],[9.19917107455927,45.21403205933385,0.0],[9.201780474050514,45.21715546278367,0.0],[9.206526260476275,45.22182599624796,0.0],[9.21282463540458,45.22720121266863,0.0],[9.225508484871812,45.23161770383527,0.0]]]}},{"type":"Feature","properties":{"name":"SCAVO","folders":"D","description":"Ferrera Erbognone – Path D (Orange) – Tratta 16 | 12978 m | PROTOCOLLATO","altitude":0.0,"alt_mode":"","time_begin":"","time_end":"","time_when":"","Lunghezza":12978.36,"LOTTO":"FERRERA_ERBOGNONE","CLUSTER":16,"PATH_ID":"D","TRATTA_ID":"D-16","STATO_LEGENDA":"PROTOCOLLATO","STATO_AUTORIZZAZIONE":"PROTOCOLLATO","LUNGHEZZA":12978.36,"COMUNE":"Marcignago","PRATICA":"","TIPOLOGIA":"Scavo tradizionale","ENTE":"Comune di Marcignago","ENTE_TIPO":"Irrigation Consortia"},"geometry":{"type":"MultiLineString","coordinates":[[[9.225508484871812,45.23161770383527,0.0],[9.23099484655725,45.23787821403491,0.0],[9.23259563565347,45.23932997090957,0.0],[9.233494580443235,45.24109102128643,0.0],[9.233642717307651,45.24278093617939,0.0],[9.232515539371242,45.24608191228742,0.0],[9.232619442417908,45.25003594442982,0.0],[9.23282511655605,45.25504771225618,0.0],[9.233144036531298,45.25740016317328,0.0],[9.233967089156152,45.25851217913805,0.0],[9.236459409752037,45.26221757827154,0.0],[9.236867211187636,45.26514146335564,0.0],[9.236893721073303,45.26702346961589,0.0],[9.23728498621281,45.26842365459732,0.0],[9.242473889117882,45.27966901211248,0.0],[9.242925662373347,45.27976715562438,0.0],[9.242736346658981,45.2801819768132,0.0],[9.243887895271428,45.28272761960918,0.0],[9.243843597288086,45.2839016797958,0.0],[9.241170876237767,45.28924665250247,0.0],[9.241060882163598,45.29003968719245,0.0],[9.241223086233894,45.29076892834625,0.0],[9.241603075617293,45.29147101181374,0.0],[9.242330778309977,45.29216946198013,0.0],[9.27110846679559,45.30913941805423,0.0],[9.271454067745907,45.30912587988436,0.0],[9.271823114607418,45.30915035971929,0.0],[9.272049745424312,45.30926196337006,0.0],[9.272456941705025,45.30945720413902,0.0],[9.272831401912068,45.31002227064702,0.0],[9.272925191233437,45.31037466374698,0.0],[9.272449461548751,45.31130317537022,0.0],[9.270261362276619,45.31426882986838,0.0],[9.270341043220323,45.31525988740678,0.0],[9.270661820455018,45.31589813646002,0.0],[9.271462771720548,45.3166553274825,0.0],[9.275714864455962,45.31944173740042,0.0],[9.278393081607915,45.32162458407097,0.0],[9.283008523115777,45.32473488955141,0.0],[9.283319900079869,45.3248704442301,0.0],[9.283271294188157,45.32509554420824,0.0],[9.285247140341408,45.32649644212434,0.0],[9.2885776575368,45.32848037184041,0.0]]]}},{"type":"Feature","properties":{"name":"SCAVO","folders":"D","description":"Ferrera Erbognone – Path D (Orange) – Tratta 17 | 3847 m | OTTENUTO","altitude":0.0,"alt_mode":"","time_begin":"","time_end":"","time_when":"","Lunghezza":3846.68,"LOTTO":"FERRERA_ERBOGNONE","CLUSTER":17,"PATH_ID":"D","TRATTA_ID":"D-17","STATO_LEGENDA":"OTTENUTO","STATO_AUTORIZZAZIONE":"OTTENUTO","LUNGHEZZA":3846.68,"COMUNE":"San Genesio ed Uniti","PRATICA":"AUT/FED-008","TIPOLOGIA":"Scavo tradizionale","ENTE":"Comune di San Genesio ed Uniti","ENTE_TIPO":"Highway","STATO_NULLAOSTA":"OTTENUTO"},"geometry":{"type":"MultiLineString","coordinates":[[[9.2885776575368,45.32848037184041,0.0],[9.290246662338145,45.33016958797503,0.0],[9.292403090845925,45.33227176578743,0.0],[9.292709964705887,45.3321699928017,0.0],[9.2928039373901,45.33255407382196,0.0],[9.30305895708475,45.33954269270533,0.0],[9.309845445216009,45.34477855467298,0.0],[9.310427853329745,45.34470061257206,0.0],[9.310653376761435,45.34455686719031,0.0],[9.311011319388454,45.34447613402584,0.0],[9.31147801027349,45.34453708258589,0.0],[9.311919811807588,45.34485577760488,0.0],[9.312581756130982,45.34552282271765,0.0],[9.31254058538509,45.34585879297985,0.0],[9.312198233053167,45.34630301932187,0.0],[9.311701854959878,45.3467259487722,0.0],[9.310644711725946,45.34734466759804,0.0],[9.308900691684762,45.34787249577717,0.0],[9.307664718274765,45.34813382378616,0.0],[9.305373287132372,45.34876162570765,0.0],[9.30489843555865,45.34908529012683,0.0],[9.304751639433974,45.34931267404264,0.0],[9.306127788504872,45.35014223139596,0.0],[9.306793451791943,45.35045873843187,0.0],[9.307475516393122,45.35039864438019,0.0],[9.307947827706663,45.35048562244111,0.0]]]}},{"type":"Feature","properties":{"name":"SCAVO","folders":"D","description":"Ferrera Erbognone – Path D (Orange) – Tratta 18 | 551 m | OTTENUTO","altitude":0.0,"alt_mode":"","time_begin":"","time_end":"","time_when":"","Lunghezza":550.74,"LOTTO":"FERRERA_ERBOGNONE","CLUSTER":18,"PATH_ID":"D","TRATTA_ID":"D-18","STATO_LEGENDA":"OTTENUTO","STATO_AUTORIZZAZIONE":"OTTENUTO","LUNGHEZZA":550.74,"COMUNE":"Settimo Milanese","PRATICA":"AUT/FED-009","TIPOLOGIA":"Scavo tradizionale","ENTE":"Comune di Settimo Milanese","ENTE_TIPO":"Railway","STATO_NULLAOSTA":"OTTENUTO"},"geometry":{"type":"MultiLineString","coordinates":[[[9.307947827706663,45.35048562244111,0.0],[9.309189258277984,45.35118292294551,0.0],[9.30949986818302,45.35156340628718,0.0],[9.313653395161836,45.35330197057707,0.0]]]}},{"type":"Feature","properties":{"name":"SCAVO","folders":"D","description":"Ferrera Erbognone – Path D (Orange) – Tratta 19 | 432 m | COORDINAMENTO","altitude":0.0,"alt_mode":"","time_begin":"","time_end":"","time_when":"","Lunghezza":431.73,"LOTTO":"FERRERA_ERBOGNONE","CLUSTER":19,"PATH_ID":"D","TRATTA_ID":"D-19","STATO_LEGENDA":"COORDINAMENTO","STATO_AUTORIZZAZIONE":"COORDINAMENTO","LUNGHEZZA":431.73,"COMUNE":"Binasco","PRATICA":"","TIPOLOGIA":"Scavo tradizionale","ENTE":"Comune di Binasco","ENTE_TIPO":null},"geometry":{"type":"MultiLineString","coordinates":[[[9.313653395161836,45.35330197057707,0.0],[9.314384629238745,45.35362094349972,0.0],[9.317437850339132,45.35481346330656,0.0],[9.318354934713993,45.3551272236693,0.0],[9.31847304869417,45.35519367286568,0.0]]]}},{"type":"Feature","properties":{"name":"SCAVO","folders":"D","description":"Ferrera Erbognone – Path D (Orange) – Tratta 20 | 498 m | IN FIRMA RDS","altitude":0.0,"alt_mode":"","time_begin":"","time_end":"","time_when":"","Lunghezza":498.47,"LOTTO":"FERRERA_ERBOGNONE","CLUSTER":20,"PATH_ID":"D","TRATTA_ID":"D-20","STATO_LEGENDA":"IN FIRMA RDS","STATO_AUTORIZZAZIONE":"IN FIRMA RDS","LUNGHEZZA":498.47,"COMUNE":"Ferrera Erbognone","PRATICA":"","TIPOLOGIA":"Scavo tradizionale","ENTE":"Comune di Ferrera Erbognone","ENTE_TIPO":"Railway"},"geometry":{"type":"MultiLineString","coordinates":[[[9.31847304869417,45.35519367286568,0.0],[9.320768961454238,45.35280273025447,0.0],[9.322116395636709,45.35151491571596,0.0]]]}},{"type":"Feature","properties":{"name":"SCAVO","folders":"D","description":"Ferrera Erbognone – Path D (Orange) – Tratta 21 | 592 m | INVIATO","altitude":0.0,"alt_mode":"","time_begin":"","time_end":"","time_when":"","Lunghezza":591.89,"LOTTO":"FERRERA_ERBOGNONE","CLUSTER":21,"PATH_ID":"D","TRATTA_ID":"D-21","STATO_LEGENDA":"INVIATO","STATO_AUTORIZZAZIONE":"INVIATO","LUNGHEZZA":591.89,"COMUNE":"Landriano","PRATICA":"","TIPOLOGIA":"Scavo tradizionale","ENTE":"Comune di Landriano","ENTE_TIPO":null},"geometry":{"type":"MultiLineString","coordinates":[[[9.322116395636709,45.35151491571596,0.0],[9.324003458612628,45.34696264058673,0.0],[9.324157693408324,45.34696285914286,0.0],[9.32431676912926,45.34705164293979,0.0],[9.324461704849664,45.34710877944504,0.0],[9.3247364812486,45.34719993100644,0.0]]]}},{"type":"Feature","properties":{"name":"SCAVO","folders":"D","description":"Ferrera Erbognone – Path D (Orange) – Tratta 22 | 297 m | OTTENUTO","altitude":0.0,"alt_mode":"","time_begin":"","time_end":"","time_when":"","Lunghezza":296.94,"LOTTO":"FERRERA_ERBOGNONE","CLUSTER":22,"PATH_ID":"D","TRATTA_ID":"D-22","STATO_LEGENDA":"OTTENUTO","STATO_AUTORIZZAZIONE":"OTTENUTO","LUNGHEZZA":296.94,"COMUNE":"Sedriano","PRATICA":"AUT/FED-010","TIPOLOGIA":"Scavo tradizionale","ENTE":"Comune di Sedriano","ENTE_TIPO":"Railway","STATO_NULLAOSTA":"OTTENUTO"},"geometry":{"type":"MultiLineString","coordinates":[[[9.3247364812486,45.34719993100644,0.0],[9.327610923222004,45.34781691901191,0.0],[9.327947143175262,45.34798765451843,0.0],[9.328253579610369,45.34814491998107,0.0]]]}},{"type":"Feature","properties":{"name":"SCAVO","folders":"D","description":"Ferrera Erbognone – Path D (Orange) – Tratta 23 | 1557 m | OTTENUTO","altitude":0.0,"alt_mode":"","time_begin":"","time_end":"","time_when":"","Lunghezza":1556.77,"LOTTO":"FERRERA_ERBOGNONE","CLUSTER":23,"PATH_ID":"D","TRATTA_ID":"D-23","STATO_LEGENDA":"OTTENUTO","STATO_AUTORIZZAZIONE":"OTTENUTO","LUNGHEZZA":1556.77,"COMUNE":"Zeccone","PRATICA":"AUT/FED-011","TIPOLOGIA":"Scavo tradizionale","ENTE":"Comune di Zeccone","ENTE_TIPO":"AIPO","STATO_NULLAOSTA":"OTTENUTO"},"geometry":{"type":"MultiLineString","coordinates":[[[9.328253579610369,45.34814491998107,0.0],[9.328792364624313,45.34880875558866,0.0],[9.328701689307216,45.34907827898809,0.0],[9.32747438511682,45.35064247171809,0.0],[9.328676479624855,45.35110771639226,0.0],[9.328881640612734,45.35126476685572,0.0],[9.328908759217596,45.35142352441089,0.0],[9.328424982739879,45.35196262360405,0.0],[9.324665995893685,45.35529267543258,0.0],[9.324098939000544,45.35527582186617,0.0],[9.323092178864007,45.3568077226385,0.0],[9.324908466341366,45.35770294357411,0.0],[9.326740575928428,45.35750593600248,0.0]]]}},{"type":"Feature","properties":{"name":"SCAVO","folders":"D","description":"Ferrera Erbognone – Path D (Orange) – Tratta 24 | 3125 m | IN ATTESA","altitude":0.0,"alt_mode":"","time_begin":"","time_end":"","time_when":"","Lunghezza":3124.78,"LOTTO":"FERRERA_ERBOGNONE","CLUSTER":24,"PATH_ID":"D","TRATTA_ID":"D-24","STATO_LEGENDA":"IN ATTESA","STATO_AUTORIZZAZIONE":"IN ATTESA","LUNGHEZZA":3124.78,"COMUNE":"Bascapè","PRATICA":"","TIPOLOGIA":"Scavo tradizionale","ENTE":"Comune di Bascapè","ENTE_TIPO":"Irrigation Consortia"},"geometry":{"type":"MultiLineString","coordinates":[[[9.326740575928428,45.35750593600248,0.0],[9.328926540130578,45.35860256926371,0.0],[9.330415846742373,45.3577475388177,0.0],[9.333203015319567,45.35841889110101,0.0],[9.333942780151299,45.35812749346048,0.0],[9.335077228623021,45.3588290128321,0.0],[9.363663699035879,45.36540615024226,0.0]]]}},{"type":"Feature","properties":{"name":"SCAVO","folders":"D","description":"Ferrera Erbognone – Path D (Orange) – Tratta 25 | 342 m | OTTENUTO","altitude":0.0,"alt_mode":"","time_begin":"","time_end":"","time_when":"","Lunghezza":341.89,"LOTTO":"FERRERA_ERBOGNONE","CLUSTER":25,"PATH_ID":"D","TRATTA_ID":"D-25","STATO_LEGENDA":"OTTENUTO","STATO_AUTORIZZAZIONE":"OTTENUTO","LUNGHEZZA":341.89,"COMUNE":"Dorno","PRATICA":"AUT/FED-012","TIPOLOGIA":"Scavo tradizionale","ENTE":"Comune di Dorno","ENTE_TIPO":"Highway","STATO_NULLAOSTA":"OTTENUTO"},"geometry":{"type":"MultiLineString","coordinates":[[[9.363663699035879,45.36540615024226,0.0],[9.36793288321553,45.36608232849643,0.0]]]}},{"type":"Feature","properties":{"name":"SCAVO","folders":"D","description":"Ferrera Erbognone – Path D (Orange) – Tratta 26 | 168 m | OTTENUTO","altitude":0.0,"alt_mode":"","time_begin":"","time_end":"","time_when":"","Lunghezza":167.88,"LOTTO":"FERRERA_ERBOGNONE","CLUSTER":26,"PATH_ID":"D","TRATTA_ID":"D-26","STATO_LEGENDA":"OTTENUTO","STATO_AUTORIZZAZIONE":"OTTENUTO","LUNGHEZZA":167.88,"COMUNE":"Sedriano","PRATICA":"AUT/FED-013","TIPOLOGIA":"Open Trench","ENTE":"Comune di Sedriano","ENTE_TIPO":"Irrigation Consortia","STATO_NULLAOSTA":"OTTENUTO"},"geometry":{"type":"MultiLineString","coordinates":[[[9.36793288321553,45.36608232849643,0.0],[9.369971866409037,45.3665591363943,0.0]]]}},{"type":"Feature","properties":{"name":"SCAVO","folders":"D","description":"Ferrera Erbognone – Path D (Orange) – Tratta 27 | 343 m | OTTENUTO","altitude":0.0,"alt_mode":"","time_begin":"","time_end":"","time_when":"","Lunghezza":342.97,"LOTTO":"FERRERA_ERBOGNONE","CLUSTER":27,"PATH_ID":"D","TRATTA_ID":"D-27","STATO_LEGENDA":"OTTENUTO","STATO_AUTORIZZAZIONE":"OTTENUTO","LUNGHEZZA":342.97,"COMUNE":"Bascapè","PRATICA":"AUT/FED-014","TIPOLOGIA":"Scavo tradizionale","ENTE":"Comune di Bascapè","ENTE_TIPO":"Irrigation Consortia","STATO_NULLAOSTA":"OTTENUTO"},"geometry":{"type":"MultiLineString","coordinates":[[[9.369971866409037,45.3665591363943,0.0],[9.372631195830689,45.3676175481586,0.0],[9.37388042883579,45.36794597999036,0.0]]]}},{"type":"Feature","properties":{"name":"SCAVO","folders":"D","description":"Ferrera Erbognone – Path D (Orange) – Tratta 28 | 1368 m | IN FIRMA RDS","altitude":0.0,"alt_mode":"","time_begin":"","time_end":"","time_when":"","Lunghezza":1367.89,"LOTTO":"FERRERA_ERBOGNONE","CLUSTER":28,"PATH_ID":"D","TRATTA_ID":"D-28","STATO_LEGENDA":"IN FIRMA RDS","STATO_AUTORIZZAZIONE":"IN FIRMA RDS","LUNGHEZZA":1367.89,"COMUNE":"Vidigulfo","PRATICA":"","TIPOLOGIA":"Scavo tradizionale","ENTE":"Comune di Vidigulfo","ENTE_TIPO":"Irrigation Consortia"},"geometry":{"type":"MultiLineString","coordinates":[[[9.37388042883579,45.36794597999036,0.0],[9.382878923037463,45.37008892354398,0.0],[9.390518271770445,45.37177911755464,0.0]]]}},{"type":"Feature","properties":{"name":"SCAVO","folders":"D","description":"Ferrera Erbognone – Path D (Orange) – Tratta 29 | 132 m | OTTENUTO","altitude":0.0,"alt_mode":"","time_begin":"","time_end":"","time_when":"","Lunghezza":131.87,"LOTTO":"FERRERA_ERBOGNONE","CLUSTER":29,"PATH_ID":"D","TRATTA_ID":"D-29","STATO_LEGENDA":"OTTENUTO","STATO_AUTORIZZAZIONE":"OTTENUTO","LUNGHEZZA":131.87,"COMUNE":"Zelo Buon Persico","PRATICA":"AUT/FED-015","TIPOLOGIA":"Scavo tradizionale","ENTE":"Comune di Zelo Buon Persico","ENTE_TIPO":"Irrigation Consortia","STATO_NULLAOSTA":"OTTENUTO"},"geometry":{"type":"MultiLineString","coordinates":[[[9.390518271770445,45.37177911755464,0.0],[9.391251587708119,45.37168457027442,0.0],[9.39155036204409,45.37154798066892,0.0],[9.392035846842852,45.37177870269062,0.0]]]}},{"type":"Feature","properties":{"name":"SCAVO","folders":"D","description":"Ferrera Erbognone – Path D (Orange) – Tratta 30 | 1358 m | PROTOCOLLATO","altitude":0.0,"alt_mode":"","time_begin":"","time_end":"","time_when":"","Lunghezza":1357.85,"LOTTO":"FERRERA_ERBOGNONE","CLUSTER":30,"PATH_ID":"D","TRATTA_ID":"D-30","STATO_LEGENDA":"PROTOCOLLATO","STATO_AUTORIZZAZIONE":"PROTOCOLLATO","LUNGHEZZA":1357.85,"COMUNE":"Bascapè","PRATICA":"","TIPOLOGIA":"Scavo tradizionale","ENTE":"Comune di Bascapè","ENTE_TIPO":"Irrigation Consortia"},"geometry":{"type":"MultiLineString","coordinates":[[[9.392035846842852,45.37177870269062,0.0],[9.400899595713913,45.37180689027551,0.0],[9.402152014378748,45.3720176965609,0.0],[9.407167073082865,45.37567738587009,0.0]]]}},{"type":"Feature","properties":{"name":"SCAVO","folders":"D","description":"Ferrera Erbognone – Path D (Orange) – Tratta 31 | 1059 m | PROTOCOLLATO","altitude":0.0,"alt_mode":"","time_begin":"","time_end":"","time_when":"","Lunghezza":1058.68,"LOTTO":"FERRERA_ERBOGNONE","CLUSTER":31,"PATH_ID":"D","TRATTA_ID":"D-31","STATO_LEGENDA":"PROTOCOLLATO","STATO_AUTORIZZAZIONE":"PROTOCOLLATO","LUNGHEZZA":1058.68,"COMUNE":"Borgarello","PRATICA":"","TIPOLOGIA":"Scavo tradizionale","ENTE":"Comune di Borgarello","ENTE_TIPO":"Irrigation Consortia"},"geometry":{"type":"MultiLineString","coordinates":[[[9.407167073082865,45.37567738587009,0.0],[9.420046651099206,45.3786435375316,0.0]]]}},{"type":"Feature","properties":{"name":"SCAVO","folders":"D","description":"Ferrera Erbognone – Path D (Orange) – Tratta 32 | 1504 m | COORDINAMENTO","altitude":0.0,"alt_mode":"","time_begin":"","time_end":"","time_when":"","Lunghezza":1503.84,"LOTTO":"FERRERA_ERBOGNONE","CLUSTER":32,"PATH_ID":"D","TRATTA_ID":"D-32","STATO_LEGENDA":"COORDINAMENTO","STATO_AUTORIZZAZIONE":"COORDINAMENTO","LUNGHEZZA":1503.84,"COMUNE":"Sedriano","PRATICA":"","TIPOLOGIA":"Scavo tradizionale","ENTE":"Comune di Sedriano","ENTE_TIPO":"Irrigation Consortia"},"geometry":{"type":"MultiLineString","coordinates":[[[9.420046651099206,45.3786435375316,0.0],[9.438375480397154,45.38278680119228,0.0]]]}},{"type":"Feature","properties":{"name":"SCAVO","folders":"D","description":"Ferrera Erbognone – Path D (Orange) – Tratta 33 | 347 m | INVIATO","altitude":0.0,"alt_mode":"","time_begin":"","time_end":"","time_when":"","Lunghezza":346.91,"LOTTO":"FERRERA_ERBOGNONE","CLUSTER":33,"PATH_ID":"D","TRATTA_ID":"D-33","STATO_LEGENDA":"INVIATO","STATO_AUTORIZZAZIONE":"INVIATO","LUNGHEZZA":346.91,"COMUNE":"Zeccone","PRATICA":"","TIPOLOGIA":"Scavo tradizionale","ENTE":"Comune di Zeccone","ENTE_TIPO":"Irrigation Consortia"},"geometry":{"type":"MultiLineString","coordinates":[[[9.438375480397154,45.38278680119228,0.0],[9.437764919953391,45.38512943137512,0.0],[9.43747597960948,45.38583930934811,0.0]]]}},{"type":"Feature","properties":{"name":"SCAVO","folders":"D","description":"Ferrera Erbognone – Path D (Orange) – Tratta 34 | 2105 m | PROTOCOLLATO","altitude":0.0,"alt_mode":"","time_begin":"","time_end":"","time_when":"","Lunghezza":2105.16,"LOTTO":"FERRERA_ERBOGNONE","CLUSTER":34,"PATH_ID":"D","TRATTA_ID":"D-34","STATO_LEGENDA":"PROTOCOLLATO","STATO_AUTORIZZAZIONE":"PROTOCOLLATO","LUNGHEZZA":2105.16,"COMUNE":"Gropello Cairoli","PRATICA":"","TIPOLOGIA":"Scavo tradizionale","ENTE":"Comune di Gropello Cairoli","ENTE_TIPO":"Irrigation Consortia"},"geometry":{"type":"MultiLineString","coordinates":[[[9.43747597960948,45.38583930934811,0.0],[9.436437948143697,45.38651652359023,0.0],[9.434424165000376,45.38733115430819,0.0],[9.433705630800697,45.38823120620478,0.0],[9.433173924077947,45.39055189497965,0.0],[9.433532047662814,45.39678414295518,0.0],[9.432804235536207,45.39790782278641,0.0],[9.432280337575774,45.40104979758694,0.0],[9.430247449157871,45.40283720819984,0.0]]]}},{"type":"Feature","properties":{"name":"SCAVO","folders":"D","description":"Ferrera Erbognone – Path D (Orange) – Tratta 35 | 1007 m | OTTENUTO","altitude":0.0,"alt_mode":"","time_begin":"","time_end":"","time_when":"","Lunghezza":1007.31,"LOTTO":"FERRERA_ERBOGNONE","CLUSTER":35,"PATH_ID":"D","TRATTA_ID":"D-35","STATO_LEGENDA":"OTTENUTO","STATO_AUTORIZZAZIONE":"OTTENUTO","LUNGHEZZA":1007.31,"COMUNE":"Bareggio","PRATICA":"AUT/FED-016","TIPOLOGIA":"Scavo tradizionale","ENTE":"Comune di Bareggio","ENTE_TIPO":"Irrigation Consortia","STATO_NULLAOSTA":"OTTENUTO"},"geometry":{"type":"MultiLineString","coordinates":[[[9.430247449157871,45.40283720819984,0.0],[9.427510028016448,45.40431106069645,0.0],[9.426378832372253,45.40520997642149,0.0],[9.42429507147758,45.40872448024983,0.0],[9.423941690764847,45.41033613971564,0.0]]]}},{"type":"Feature","properties":{"name":"SCAVO","folders":"D","description":"Ferrera Erbognone – Path D (Orange) – Tratta 36 | 538 m | PROTOCOLLATO INTEGRAZIONE","altitude":0.0,"alt_mode":"","time_begin":"","time_end":"","time_when":"","Lunghezza":538.21,"LOTTO":"FERRERA_ERBOGNONE","CLUSTER":36,"PATH_ID":"D","TRATTA_ID":"D-36","STATO_LEGENDA":"PROTOCOLLATO INTEGRAZIONE","STATO_AUTORIZZAZIONE":"PROTOCOLLATO INTEGRAZIONE","LUNGHEZZA":538.21,"COMUNE":"Zelo Buon Persico","PRATICA":"","TIPOLOGIA":"Scavo tradizionale","ENTE":"Comune di Zelo Buon Persico","ENTE_TIPO":"Irrigation Consortia"},"geometry":{"type":"MultiLineString","coordinates":[[[9.423941690764847,45.41033613971564,0.0],[9.42433675580533,45.41349332481278,0.0],[9.42559491508467,45.41443861511161,0.0],[9.426127703305331,45.41438983395759,0.0]]]}},{"type":"Feature","properties":{"name":"SCAVO","folders":"D","description":"Ferrera Erbognone – Path D (Orange) – Tratta 37 | 212 m | INVIATO","altitude":0.0,"alt_mode":"","time_begin":"","time_end":"","time_when":"","Lunghezza":212.08,"LOTTO":"FERRERA_ERBOGNONE","CLUSTER":37,"PATH_ID":"D","TRATTA_ID":"D-37","STATO_LEGENDA":"INVIATO","STATO_AUTORIZZAZIONE":"INVIATO","LUNGHEZZA":212.08,"COMUNE":"Vittuone","PRATICA":"","TIPOLOGIA":"Scavo tradizionale","ENTE":"Comune di Vittuone","ENTE_TIPO":"Irrigation Consortia"},"geometry":{"type":"MultiLineString","coordinates":[[[9.426127703305331,45.41438983395759,0.0],[9.425842588644711,45.41543115226883,0.0],[9.42596835874918,45.41627342139681,0.0]]]}},{"type":"Feature","properties":{"name":"SCAVO","folders":"D","description":"Ferrera Erbognone – Path D (Orange) – Tratta 38 | 3374 m | OTTENUTO","altitude":0.0,"alt_mode":"","time_begin":"","time_end":"","time_when":"","Lunghezza":3374.44,"LOTTO":"FERRERA_ERBOGNONE","CLUSTER":38,"PATH_ID":"D","TRATTA_ID":"D-38","STATO_LEGENDA":"OTTENUTO","STATO_AUTORIZZAZIONE":"OTTENUTO","LUNGHEZZA":3374.44,"COMUNE":"Dorno","PRATICA":"AUT/FED-017","TIPOLOGIA":"Scavo tradizionale","ENTE":"Comune di Dorno","ENTE_TIPO":"Irrigation Consortia","STATO_NULLAOSTA":"OTTENUTO"},"geometry":{"type":"MultiLineString","coordinates":[[[9.42596835874918,45.41627342139681,0.0],[9.426452567047898,45.41701664525114,0.0],[9.426650276519233,45.41800176520984,0.0],[9.426663663866982,45.41842526558289,0.0],[9.426205805087413,45.41860548430901,0.0],[9.426122344104048,45.41890946616059,0.0],[9.4261180863241,45.41911063606395,0.0],[9.40366701096583,45.42534773513553,0.0],[9.394100671890099,45.42746506407855,0.0],[9.394246214098153,45.42770072770524,0.0],[9.394545235865811,45.42775116439308,0.0],[9.39489872822059,45.42776861142696,0.0],[9.39510807009465,45.42770100817876,0.0],[9.39537132060253,45.4274450557628,0.0],[9.396783724941963,45.42724477694033,0.0],[9.397709020340328,45.42703796858289,0.0],[9.398186568352962,45.42692604846916,0.0]]]}},{"type":"Feature","properties":{"name":"SCAVO","folders":"D","description":"Ferrera Erbognone – Path D (Orange) – Tratta 39 | 94 m | IN FIRMA RDS","altitude":0.0,"alt_mode":"","time_begin":"","time_end":"","time_when":"","Lunghezza":94.28,"LOTTO":"FERRERA_ERBOGNONE","CLUSTER":39,"PATH_ID":"D","TRATTA_ID":"D-39","STATO_LEGENDA":"IN FIRMA RDS","STATO_AUTORIZZAZIONE":"IN FIRMA RDS","LUNGHEZZA":94.28,"COMUNE":"Gropello Cairoli","PRATICA":"","TIPOLOGIA":"Scavo tradizionale","ENTE":"Comune di Gropello Cairoli","ENTE_TIPO":"Irrigation Consortia"},"geometry":{"type":"MultiLineString","coordinates":[[[9.398186568352962,45.42692604846916,0.0],[9.39931699883552,45.42662700502541,0.0]]]}},{"type":"Feature","properties":{"name":"SCAVO","folders":"D","description":"Ferrera Erbognone – Path D (Orange) – Tratta 40 | 101 m | IN ATTESA","altitude":0.0,"alt_mode":"","time_begin":"","time_end":"","time_when":"","Lunghezza":101.22,"LOTTO":"FERRERA_ERBOGNONE","CLUSTER":40,"PATH_ID":"D","TRATTA_ID":"D-40","STATO_LEGENDA":"IN ATTESA","STATO_AUTORIZZAZIONE":"IN ATTESA","LUNGHEZZA":101.22,"COMUNE":"Vittuone","PRATICA":"","TIPOLOGIA":"Scavo tradizionale","ENTE":"Comune di Vittuone","ENTE_TIPO":"Irrigation Consortia"},"geometry":{"type":"MultiLineString","coordinates":[[[9.39931699883552,45.42662700502541,0.0],[9.40050892744615,45.42626802943233,0.0]]]}},{"type":"Feature","properties":{"name":"SCAVO","folders":"D","description":"Ferrera Erbognone – Path D (Orange) – Tratta 41 | 54960 m | OTTENUTO","altitude":0.0,"alt_mode":"","time_begin":"","time_end":"","time_when":"","Lunghezza":54960.31,"LOTTO":"FERRERA_ERBOGNONE","CLUSTER":41,"PATH_ID":"D","TRATTA_ID":"D-41","STATO_LEGENDA":"OTTENUTO","STATO_AUTORIZZAZIONE":"OTTENUTO","LUNGHEZZA":54960.31,"COMUNE":"Gropello Cairoli","PRATICA":"AUT/FED-018","TIPOLOGIA":"Scavo tradizionale","ENTE":"Comune di Gropello Cairoli","ENTE_TIPO":"Railway","STATO_NULLAOSTA":"OTTENUTO"},"geometry":{"type":"MultiLineString","coordinates":[[[9.40050892744615,45.42626802943233,0.0],[9.402034915521648,45.42583590102443,0.0],[9.402593828985863,45.4256783637214,0.0],[9.40353741950773,45.42541034307193,0.0],[9.403517332912996,45.42531637790444,0.0],[9.387657785768779,45.42824769105224,0.0],[9.387729643736815,45.42790487066937,0.0],[9.392415734838618,45.42758383985711,0.0],[9.394055283184032,45.42745840672379,0.0],[9.394100671890099,45.42746506407855,0.0],[8.898680183554879,45.1041228404851,0.0]]]}},{"type":"Feature","properties":{"name":"SCAVO","folders":"D","description":"Ferrera Erbognone – Path D (Orange) – Tratta 42 | 2741 m | OTTENUTO","altitude":0.0,"alt_mode":"","time_begin":"","time_end":"","time_when":"","Lunghezza":2741.22,"LOTTO":"FERRERA_ERBOGNONE","CLUSTER":42,"PATH_ID":"D","TRATTA_ID":"D-42","STATO_LEGENDA":"OTTENUTO","STATO_AUTORIZZAZIONE":"OTTENUTO","LUNGHEZZA":2741.22,"COMUNE":"Casorate Primo","PRATICA":"AUT/FED-019","TIPOLOGIA":"Scavo tradizionale","ENTE":"Comune di Casorate Primo","ENTE_TIPO":"Anas","STATO_NULLAOSTA":"OTTENUTO"},"geometry":{"type":"MultiLineString","coordinates":[[[8.898680183554879,45.1041228404851,0.0],[8.897475216850964,45.10539250699429,0.0],[8.867856691723777,45.11405228603152,0.0],[8.867780144068742,45.11355713107316,0.0]]]}},{"type":"Feature","properties":{"name":"SCAVO","folders":"D","description":"Ferrera Erbognone – Path D (Orange) – Tratta 43 | 92 m | OTTENUTO","altitude":0.0,"alt_mode":"","time_begin":"","time_end":"","time_when":"","Lunghezza":91.53,"LOTTO":"FERRERA_ERBOGNONE","CLUSTER":43,"PATH_ID":"D","TRATTA_ID":"D-43","STATO_LEGENDA":"OTTENUTO","STATO_AUTORIZZAZIONE":"OTTENUTO","LUNGHEZZA":91.53,"COMUNE":"Settimo Milanese","PRATICA":"AUT/FED-020","TIPOLOGIA":"Scavo tradizionale","ENTE":"Comune di Settimo Milanese","ENTE_TIPO":"Irrigation Consortia","STATO_NULLAOSTA":"OTTENUTO"},"geometry":{"type":"MultiLineString","coordinates":[[[8.867780144068742,45.11355713107316,0.0],[8.867908006325365,45.11273891091417,0.0]]]}},{"type":"Feature","properties":{"name":"SCAVO","folders":"D","description":"Ferrera Erbognone – Path D (Orange) – Tratta 44 | 406 m | OTTENUTO","altitude":0.0,"alt_mode":"","time_begin":"","time_end":"","time_when":"","Lunghezza":405.92,"LOTTO":"FERRERA_ERBOGNONE","CLUSTER":44,"PATH_ID":"D","TRATTA_ID":"D-44","STATO_LEGENDA":"OTTENUTO","STATO_AUTORIZZAZIONE":"OTTENUTO","LUNGHEZZA":405.92,"COMUNE":"Gudo Visconti","PRATICA":"AUT/FED-021","TIPOLOGIA":"Scavo tradizionale","ENTE":"Comune di Gudo Visconti","ENTE_TIPO":"Railway","STATO_NULLAOSTA":"OTTENUTO"},"geometry":{"type":"MultiLineString","coordinates":[[[8.867908006325365,45.11273891091417,0.0],[8.867887111297996,45.11262111851117,0.0],[8.867663737677955,45.11212789558167,0.0],[8.867928572670372,45.11110915234255,0.0],[8.86813066749105,45.11085937344346,0.0],[8.868477679823378,45.11082234766207,0.0],[8.869099559963782,45.11039431108151,0.0],[8.869525647862966,45.1096207797919,0.0]]]}},{"type":"Feature","properties":{"name":"SCAVO","folders":"D","description":"Ferrera Erbognone – Path D (Orange) – Tratta 45 | 146 m | PROTOCOLLATO INTEGRAZIONE","altitude":0.0,"alt_mode":"","time_begin":"","time_end":"","time_when":"","Lunghezza":146.41,"LOTTO":"FERRERA_ERBOGNONE","CLUSTER":45,"PATH_ID":"D","TRATTA_ID":"D-45","STATO_LEGENDA":"PROTOCOLLATO INTEGRAZIONE","STATO_AUTORIZZAZIONE":"PROTOCOLLATO INTEGRAZIONE","LUNGHEZZA":146.41,"COMUNE":"San Genesio ed Uniti","PRATICA":"","TIPOLOGIA":"Scavo tradizionale","ENTE":"Comune di San Genesio ed Uniti","ENTE_TIPO":null},"geometry":{"type":"MultiLineString","coordinates":[[[8.869525647862966,45.1096207797919,0.0],[8.869847110940963,45.10937644873535,0.0],[8.870377096590829,45.10846712596852,0.0]]]}},{"type":"Feature","properties":{"name":"SCAVO","folders":"D","description":"Ferrera Erbognone – Path D (Orange) – Tratta 46 | 319 m | IN ATTESA","altitude":0.0,"alt_mode":"","time_begin":"","time_end":"","time_when":"","Lunghezza":319.15,"LOTTO":"FERRERA_ERBOGNONE","CLUSTER":46,"PATH_ID":"D","TRATTA_ID":"D-46","STATO_LEGENDA":"IN ATTESA","STATO_AUTORIZZAZIONE":"IN ATTESA","LUNGHEZZA":319.15,"COMUNE":"Gudo Visconti","PRATICA":"","TIPOLOGIA":"Scavo tradizionale","ENTE":"Comune di Gudo Visconti","ENTE_TIPO":null},"geometry":{"type":"MultiLineString","coordinates":[[[8.870377096590829,45.10846712596852,0.0],[8.869116763651997,45.1072751042031,0.0],[8.867467269695432,45.10652873196118,0.0]]]}},{"type":"Feature","properties":{"name":"SCAVO","folders":"D","description":"Ferrera Erbognone – Path D (Orange) – Tratta 47 | 491 m | OTTENUTO","altitude":0.0,"alt_mode":"","time_begin":"","time_end":"","time_when":"","Lunghezza":490.71,"LOTTO":"FERRERA_ERBOGNONE","CLUSTER":47,"PATH_ID":"D","TRATTA_ID":"D-47","STATO_LEGENDA":"OTTENUTO","STATO_AUTORIZZAZIONE":"OTTENUTO","LUNGHEZZA":490.71,"COMUNE":"Mulazzano","PRATICA":"AUT/FED-022","TIPOLOGIA":"Scavo tradizionale","ENTE":"Comune di Mulazzano","ENTE_TIPO":null,"STATO_NULLAOSTA":"OTTENUTO"},"geometry":{"type":"MultiLineString","coordinates":[[[8.867467269695432,45.10652873196118,0.0],[8.865063851379366,45.10245478207656,0.0]]]}},{"type":"Feature","properties":{"name":"SCAVO","folders":"D","description":"Ferrera Erbognone – Path D (Orange) – Tratta 48 | 54831 m | IN FIRMA RDS","altitude":0.0,"alt_mode":"","time_begin":"","time_end":"","time_when":"","Lunghezza":54830.54,"LOTTO":"FERRERA_ERBOGNONE","CLUSTER":48,"PATH_ID":"D","TRATTA_ID":"D-48","STATO_LEGENDA":"IN FIRMA RDS","STATO_AUTORIZZAZIONE":"IN FIRMA RDS","LUNGHEZZA":54830.54,"COMUNE":"Zelo Buon Persico","PRATICA":"","TIPOLOGIA":"No-Dig","ENTE":"Comune di Zelo Buon Persico","ENTE_TIPO":"Irrigation Consortia"},"geometry":{"type":"MultiLineString","coordinates":[[[8.865063851379366,45.10245478207656,0.0],[8.86341450232993,45.10292509171308,0.0],[8.863385547495259,45.10285238897527,0.0],[9.387741344737812,45.42787607588329,0.0]]]}},{"type":"Feature","properties":{"name":"SCAVO","folders":"D","description":"Ferrera Erbognone – Path D (Orange) – Tratta 49 | 5 m | IN REDAZIONE","altitude":0.0,"alt_mode":"","time_begin":"","time_end":"","time_when":"","Lunghezza":4.53,"LOTTO":"FERRERA_ERBOGNONE","CLUSTER":49,"PATH_ID":"D","TRATTA_ID":"D-49","STATO_LEGENDA":"IN REDAZIONE","STATO_AUTORIZZAZIONE":"IN REDAZIONE","LUNGHEZZA":4.53,"COMUNE":"Certosa di Pavia","PRATICA":"","TIPOLOGIA":"Scavo tradizionale","ENTE":"Comune di Certosa di Pavia","ENTE_TIPO":""},"geometry":{"type":"MultiLineString","coordinates":[[[9.387741344737812,45.42787607588329,0.0],[9.387747947396605,45.42791584980756,0.0],[9.387747004526917,45.42791592951891,0.0]]]}}]}