{
"type": "FeatureCollection",
"name": "QGIS",
"crs": { "type": "name", "properties": { "name": "urn:ogc:def:crs:EPSG::3857" } },
"features": [
{"type":"Feature","properties":{"fid":1,"TIPOLOGIA":"SCAVO","PROVINCIA":"BG","COMUNE":"VAPRIO D'ADDA","CLUSTER":"3","ROUTE":"4","ENTE":"COMUNE","ENTE 2":null,"LUNGHEZZA":1365.52,"SPAN":"4_1_2","LOTTO":"3","TRATTA_ID":"TR_0001","ENTE 3":null,"MOTIVO_NO":"Manca autorizz","STATO_AUTORIZZAZIONE":"IN ATTESA","STATO_NULLAOSTA":"NON NECESSARIO","STATO_ORDINANZA":"NON NECESSARIO","PROTOCOLLO_AUT":null,"PRATICA":null,"LAVORABILE":"NO","STATO_LEGENDA":"IN ATTESA","CAMPO AWS":"NOT STARTED"},"geometry":{"type":"MultiLineString","coordinates":[[[1061370.259463794296607,5713248.993751556612551,0.0],[1061372.233103221049532,5713280.699792308732867,0.0],[1061368.310197049286216,5713298.854936198331416,0.0],[1061356.76420317357406,5713311.894647588953376,0.0],[1061324.100451993057504,5713328.151513546705246,0.0],[1061184.019246271345764,5713353.911811301484704,0.0],[1061090.39244383899495,5713368.896868876181543,0.0],[1060940.119913646019995,5713390.806954464875162,0.0],[1060835.643010251922533,5713405.311380863189697,0.0],[1060779.578209326369688,5713408.359143771231174,0.0],[1060748.63261829665862,5713415.167077704332769,0.0],[1060571.843701357254758,5713446.529313149861991,0.0],[1060429.031002322677523,5713470.177124510519207,0.0],[1060417.273374961223453,5713464.733172387816012,0.0],[1060417.463011498330161,5713462.703847097232938,0.0],[1060378.985707841813564,5713007.718355919234455,0.0],[1060361.707943039946258,5712849.593392098322511,0.0],[1060336.211390144657344,5712541.335114451125264,0.0]]]}},
{"type":"Feature","properties":{"fid":2,"TIPOLOGIA":"NO DIG","PROVINCIA":"BG","COMUNE":"POZZO D'ADDA","CLUSTER":"3","ROUTE":"4","ENTE":"PROVINCIA DI MILANO","ENTE 2":null,"LUNGHEZZA":1967.49,"SPAN":"4_1_2","LOTTO":"3","TRATTA_ID":"TR_0002","ENTE 3":null,"MOTIVO_NO":"Manca autorizz","STATO_AUTORIZZAZIONE":"IN ATTESA","STATO_NULLAOSTA":"NON NECESSARIO","STATO_ORDINANZA":"NON NECESSARIO","PROTOCOLLO_AUT":null,"PRATICA":null,"LAVORABILE":"NO","STATO_LEGENDA":"IN ATTESA","CAMPO AWS":"NOT STARTED"},"geometry":{"type":"MultiLineString","coordinates":[[[1058485.061417239252478,5711537.209043968468904,0.0],[1057564.996122825192288,5711034.545312437228858,0.0],[1056751.267203844618052,5710571.993480741046369,0.0],[1056027.431639042682946,5710179.888008924201131,0.0]]]}},
{"type":"Feature","properties":{"fid":4,"TIPOLOGIA":"CANALETTA","PROVINCIA":"BG","COMUNE":"VAPRIO D'ADDA","CLUSTER":"3","ROUTE":"4","ENTE":"PROVINCIA DI BERGAMO","ENTE 2":"AIPO","LUNGHEZZA":28.34,"SPAN":"4_1_2","LOTTO":"3","TRATTA_ID":"TR_0004","ENTE 3":null,"MOTIVO_NO":"Manca autorizz","STATO_AUTORIZZAZIONE":"IN ATTESA","STATO_NULLAOSTA":"NON NECESSARIO","STATO_ORDINANZA":"NON NECESSARIO","PROTOCOLLO_AUT":null,"PRATICA":null,"LAVORABILE":"NO","STATO_LEGENDA":"IN ATTESA","CAMPO AWS":"NOT STARTED"},"geometry":{"type":"MultiLineString","coordinates":[[[1061406.67530344100669,5712837.437730978243053,0.0],[1061366.519115564646199,5712842.092978043481708,0.0]]]}},
{"type":"Feature","properties":{"fid":6,"TIPOLOGIA":"NO DIG","PROVINCIA":"BG","COMUNE":"OSIO SOPRA","CLUSTER":"7","ROUTE":"38","ENTE":"COMUNE","ENTE 2":null,"LUNGHEZZA":87.09,"SPAN":"38","LOTTO":"7","TRATTA_ID":"TR_0006","ENTE 3":null,"MOTIVO_NO":"Manca autorizz","STATO_AUTORIZZAZIONE":"IN ATTESA","STATO_NULLAOSTA":"NON NECESSARIO","STATO_ORDINANZA":"NON NECESSARIO","PROTOCOLLO_AUT":null,"PRATICA":null,"LAVORABILE":"NO","STATO_LEGENDA":"IN ATTESA","CAMPO AWS":"NOT STARTED"},"geometry":{"type":"MultiLineString","coordinates":[[[1069943.020176798338071,5720211.400579199194908,0.0],[1069829.593133539892733,5720160.353791298344731,0.0]]]}},
{"type":"Feature","properties":{"fid":7,"TIPOLOGIA":"NO DIG","PROVINCIA":"BG","COMUNE":"AZZANO SAN PAOLO","CLUSTER":"6","ROUTE":"2","ENTE":"COMUNE","ENTE 2":null,"LUNGHEZZA":165.95,"SPAN":"2_1","LOTTO":"7","TRATTA_ID":"TR_0007","ENTE 3":null,"MOTIVO_NO":"Manca autorizz","STATO_AUTORIZZAZIONE":"IN ATTESA","STATO_NULLAOSTA":"NON NECESSARIO","STATO_ORDINANZA":"NON NECESSARIO","PROTOCOLLO_AUT":null,"PRATICA":null,"LAVORABILE":"NO","STATO_LEGENDA":"IN ATTESA","CAMPO AWS":"NOT STARTED"},"geometry":{"type":"MultiLineString","coordinates":[[[1079356.616486878599972,5725724.16283165384084,0.0],[1079499.052232595160604,5725534.088474199175835,0.0]]]}},
{"type":"Feature","properties":{"fid":8,"TIPOLOGIA":"NO DIG","PROVINCIA":"BG","COMUNE":"AZZANO SAN PAOLO","CLUSTER":"6","ROUTE":"3","ENTE":"COMUNE","ENTE 2":null,"LUNGHEZZA":575.93,"SPAN":"3_1","LOTTO":"7","TRATTA_ID":"TR_0008","ENTE 3":null,"MOTIVO_NO":"Manca autorizz","STATO_AUTORIZZAZIONE":"IN ATTESA","STATO_NULLAOSTA":"NON NECESSARIO","STATO_ORDINANZA":"NON NECESSARIO","PROTOCOLLO_AUT":null,"PRATICA":null,"LAVORABILE":"NO","STATO_LEGENDA":"IN ATTESA","CAMPO AWS":"NOT STARTED"},"geometry":{"type":"MultiLineString","coordinates":[[[1077437.706461965339258,5726520.088419650681317,0.0],[1077413.860988762229681,5726529.21639940328896,0.0],[1077397.054734124569222,5726560.312969770282507,0.0],[1077349.888675189344212,5726653.880149102769792,0.0],[1077303.520818086341023,5726760.802103566937149,0.0],[1077276.531965587753803,5726829.639619799330831,0.0],[1077257.989028342068195,5726908.226099268533289,0.0],[1077219.992908870335668,5726974.756813066080213,0.0],[1077178.580530078848824,5727080.612065746448934,0.0],[1077137.54869173024781,5727231.1055818637833,0.0],[1077117.29260254977271,5727251.134131175465882,0.0],[1077104.935795415891334,5727246.347196013666689,0.0]]]}},
{"type":"Feature","properties":{"fid":9,"TIPOLOGIA":"NO DIG","PROVINCIA":"BG","COMUNE":"BERGAMO","CLUSTER":"6","ROUTE":"3","ENTE":"COMUNE","ENTE 2":"AUTOSTRADE","LUNGHEZZA":67.93,"SPAN":"3_1","LOTTO":"7","TRATTA_ID":"TR_0009","ENTE 3":null,"MOTIVO_NO":"Manca autorizz","STATO_AUTORIZZAZIONE":"IN ATTESA","STATO_NULLAOSTA":"NON NECESSARIO","STATO_ORDINANZA":"NON NECESSARIO","PROTOCOLLO_AUT":null,"PRATICA":null,"LAVORABILE":"NO","STATO_LEGENDA":"IN ATTESA","CAMPO AWS":"NOT STARTED"},"geometry":{"type":"MultiLineString","coordinates":[[[1075906.032433844869956,5727358.139237355440855,0.0],[1075840.571157828904688,5727430.01268473174423,0.0]]]}},
{"type":"Feature","properties":{"fid":10,"TIPOLOGIA":"NO DIG","PROVINCIA":"BG","COMUNE":"BERGAMO","CLUSTER":"6","ROUTE":"3","ENTE":"COMUNE","ENTE 2":null,"LUNGHEZZA":349.78,"SPAN":"3_1","LOTTO":"7","TRATTA_ID":"TR_0010","ENTE 3":null,"MOTIVO_NO":"Manca autorizz","STATO_AUTORIZZAZIONE":"IN ATTESA","STATO_NULLAOSTA":"NON NECESSARIO","STATO_ORDINANZA":"NON NECESSARIO","PROTOCOLLO_AUT":null,"PRATICA":null,"LAVORABILE":"NO","STATO_LEGENDA":"IN ATTESA","CAMPO AWS":"NOT STARTED"},"geometry":{"type":"MultiLineString","coordinates":[[[1075840.571157828904688,5727430.01268473174423,0.0],[1075809.450378885259852,5727464.182060956954956,0.0],[1075759.720043397741392,5727521.405986156314611,0.0],[1075719.945051924325526,5727565.108305744826794,0.0],[1075675.99191895313561,5727601.288023578003049,0.0],[1075627.453090893104672,5727640.259383673779666,0.0],[1075523.511672846507281,5727730.110246436670423,0.0],[1075478.165966290980577,5727773.531079528853297,0.0]]]}},
{"type":"Feature","properties":{"fid":11,"TIPOLOGIA":"NO DIG","PROVINCIA":"BG","COMUNE":"BERGAMO","CLUSTER":"3","ROUTE":"6","ENTE":"COMUNE","ENTE 2":"AUTOSTRADE","LUNGHEZZA":70.31,"SPAN":"6_1","LOTTO":"1","TRATTA_ID":"TR_0011","ENTE 3":null,"MOTIVO_NO":"Manca autorizz","STATO_AUTORIZZAZIONE":"IN ATTESA","STATO_NULLAOSTA":"NON NECESSARIO","STATO_ORDINANZA":"NON NECESSARIO","PROTOCOLLO_AUT":null,"PRATICA":null,"LAVORABILE":"NO","STATO_LEGENDA":"IN ATTESA","CAMPO AWS":"NOT STARTED"},"geometry":{"type":"MultiLineString","coordinates":[[[1075262.194126016460359,5726946.003305547870696,0.0],[1075237.561847659992054,5726848.318809075281024,0.0]]]}},
{"type":"Feature","properties":{"fid":12,"TIPOLOGIA":"NO DIG","PROVINCIA":"BG","COMUNE":"BERGAMO","CLUSTER":"3","ROUTE":"6","ENTE":"PROVINCIA DI BERGAMO","ENTE 2":null,"LUNGHEZZA":230.88,"SPAN":"6_1","LOTTO":"1","TRATTA_ID":"TR_0012","ENTE 3":null,"MOTIVO_NO":"Manca autorizz","STATO_AUTORIZZAZIONE":"IN ATTESA","STATO_NULLAOSTA":"NON NECESSARIO","STATO_ORDINANZA":"NON NECESSARIO","PROTOCOLLO_AUT":null,"PRATICA":null,"LAVORABILE":"NO","STATO_LEGENDA":"IN ATTESA","CAMPO AWS":"NOT STARTED"},"geometry":{"type":"MultiLineString","coordinates":[[[1075343.082785073202103,5727266.791875243186951,0.0],[1075262.194126016460359,5726946.003305547870696,0.0]]]}},
{"type":"Feature","properties":{"fid":13,"TIPOLOGIA":"NO DIG","PROVINCIA":"BG","COMUNE":"BERGAMO","CLUSTER":"6","ROUTE":"2","ENTE":"COMUNE","ENTE 2":"AUTOSTRADE","LUNGHEZZA":70.53,"SPAN":"2_2","LOTTO":"7","TRATTA_ID":"TR_0013","ENTE 3":null,"MOTIVO_NO":"Manca autorizz","STATO_AUTORIZZAZIONE":"IN ATTESA","STATO_NULLAOSTA":"NON NECESSARIO","STATO_ORDINANZA":"NON NECESSARIO","PROTOCOLLO_AUT":null,"PRATICA":null,"LAVORABILE":"NO","STATO_LEGENDA":"IN ATTESA","CAMPO AWS":"NOT STARTED"},"geometry":{"type":"MultiLineString","coordinates":[[[1075266.245965430513024,5726949.041328744962811,0.0],[1075241.589921215316281,5726851.028139404021204,0.0]]]}},
{"type":"Feature","properties":{"fid":14,"TIPOLOGIA":"NO DIG","PROVINCIA":"BG","COMUNE":"BERGAMO","CLUSTER":"6","ROUTE":"2","ENTE":"PROVINCIA DI BERGAMO","ENTE 2":null,"LUNGHEZZA":115.7,"SPAN":"2_2","LOTTO":"7","TRATTA_ID":"TR_0014","ENTE 3":null,"MOTIVO_NO":"Manca autorizz","STATO_AUTORIZZAZIONE":"IN ATTESA","STATO_NULLAOSTA":"NON NECESSARIO","STATO_ORDINANZA":"NON NECESSARIO","PROTOCOLLO_AUT":null,"PRATICA":null,"LAVORABILE":"NO","STATO_LEGENDA":"IN ATTESA","CAMPO AWS":"NOT STARTED"},"geometry":{"type":"MultiLineString","coordinates":[[[1075287.565150276757777,5727113.426201761700213,0.0],[1075268.070048079360276,5726956.292500575073063,0.0],[1075266.245965430513024,5726949.041328744962811,0.0]]]}},
{"type":"Feature","properties":{"fid":16,"TIPOLOGIA":"NO DIG","PROVINCIA":"BG","COMUNE":"STEZZANO","CLUSTER":"3","ROUTE":"6","ENTE":"PROVINCIA DI BERGAMO","ENTE 2":"ANAS","LUNGHEZZA":204.09,"SPAN":"6_2","LOTTO":"1","TRATTA_ID":"TR_0016","ENTE 3":null,"MOTIVO_NO":"Manca autorizz","STATO_AUTORIZZAZIONE":"IN ATTESA","STATO_NULLAOSTA":"NON NECESSARIO","STATO_ORDINANZA":"NON NECESSARIO","PROTOCOLLO_AUT":null,"PRATICA":null,"LAVORABILE":"NO","STATO_LEGENDA":"IN ATTESA","CAMPO AWS":"NOT STARTED"},"geometry":{"type":"MultiLineString","coordinates":[[[1073754.623761668568477,5722533.604945675469935,0.0],[1073752.501101253321394,5722528.46825909242034,0.0],[1073753.045650533167645,5722489.103942432440817,0.0],[1073771.567230389919132,5722448.550771193578839,0.0],[1073770.249490442452952,5722409.147144965827465,0.0],[1073758.966624237364158,5722380.850784545764327,0.0],[1073738.064515457255766,5722362.918285413645208,0.0],[1073703.744385164463893,5722353.664571159519255,0.0],[1073685.95831662742421,5722335.332200427539647,0.0],[1073667.86141765373759,5722304.48539718426764,0.0],[1073664.70489245490171,5722296.821034192107618,0.0]]]}},
{"type":"Feature","properties":{"fid":17,"TIPOLOGIA":"NO DIG","PROVINCIA":"BG","COMUNE":"STEZZANO","CLUSTER":"3","ROUTE":"6","ENTE":"PROVINCIA DI BERGAMO","ENTE 2":null,"LUNGHEZZA":505.66,"SPAN":"6_2","LOTTO":"1","TRATTA_ID":"TR_0017","ENTE 3":null,"MOTIVO_NO":"Manca autorizz","STATO_AUTORIZZAZIONE":"IN ATTESA","STATO_NULLAOSTA":"NON NECESSARIO","STATO_ORDINANZA":"NON NECESSARIO","PROTOCOLLO_AUT":null,"PRATICA":null,"LAVORABILE":"NO","STATO_LEGENDA":"IN ATTESA","CAMPO AWS":"NOT STARTED"},"geometry":{"type":"MultiLineString","coordinates":[[[1074032.972382228588685,5723201.96264314185828,0.0],[1073966.019003219204023,5723038.012261333875358,0.0],[1073894.4658009163104,5722872.019207687117159,0.0],[1073754.623761668568477,5722533.604945675469935,0.0]]]}},
{"type":"Feature","properties":{"fid":18,"TIPOLOGIA":"SCAVO","PROVINCIA":"BG","COMUNE":"DALMINE","CLUSTER":"3","ROUTE":"42","ENTE":"ANAS","ENTE 2":null,"LUNGHEZZA":136.32,"SPAN":"42","LOTTO":"1","TRATTA_ID":"TR_0018","ENTE 3":null,"MOTIVO_NO":"Manca autorizz","STATO_AUTORIZZAZIONE":"IN ATTESA","STATO_NULLAOSTA":"NON NECESSARIO","STATO_ORDINANZA":"NON NECESSARIO","PROTOCOLLO_AUT":null,"PRATICA":null,"LAVORABILE":"NO","STATO_LEGENDA":"IN ATTESA","CAMPO AWS":"NOT STARTED"},"geometry":{"type":"MultiLineString","coordinates":[[[1071096.284536583349109,5724729.903799368999898,0.0],[1071026.095727626932785,5724625.906953087076545,0.0],[1070967.709982166532427,5724588.082167778164148,0.0]]]}},
{"type":"Feature","properties":{"fid":19,"TIPOLOGIA":"NO DIG","PROVINCIA":"BG","COMUNE":"TREVIOLO","CLUSTER":"3","ROUTE":"4","ENTE":"ANAS","ENTE 2":null,"LUNGHEZZA":26.5,"SPAN":"4_2_2","LOTTO":"1","TRATTA_ID":"TR_0019","ENTE 3":null,"MOTIVO_NO":"Manca autorizz","STATO_AUTORIZZAZIONE":"IN ATTESA","STATO_NULLAOSTA":"NON NECESSARIO","STATO_ORDINANZA":"NON NECESSARIO","PROTOCOLLO_AUT":null,"PRATICA":null,"LAVORABILE":"NO","STATO_LEGENDA":"IN ATTESA","CAMPO AWS":"NOT STARTED"},"geometry":{"type":"MultiLineString","coordinates":[[[1068730.241534325992689,5728344.020917213521898,0.0],[1068725.224531224928796,5728331.388856924138963,0.0],[1068724.859005782520398,5728307.002621114253998,0.0]]]}},
{"type":"Feature","properties":{"fid":20,"TIPOLOGIA":"NO DIG","PROVINCIA":"BG","COMUNE":"TREVIOLO","CLUSTER":"3","ROUTE":"4","ENTE":"COMUNE","ENTE 2":"ANAS","LUNGHEZZA":51.62,"SPAN":"4_2_2","LOTTO":"1","TRATTA_ID":"TR_0020","ENTE 3":null,"MOTIVO_NO":"Manca autorizz","STATO_AUTORIZZAZIONE":"IN ATTESA","STATO_NULLAOSTA":"NON NECESSARIO","STATO_ORDINANZA":"NON NECESSARIO","PROTOCOLLO_AUT":null,"PRATICA":null,"LAVORABILE":"NO","STATO_LEGENDA":"IN ATTESA","CAMPO AWS":"NOT STARTED"},"geometry":{"type":"MultiLineString","coordinates":[[[1068667.391936581814662,5728365.547154292464256,0.0],[1068684.556950503960252,5728372.22491963300854,0.0],[1068736.942711115814745,5728390.108420654200017,0.0]]]}},
{"type":"Feature","properties":{"fid":23,"TIPOLOGIA":"NO DIG","PROVINCIA":"BG","COMUNE":"TREVIOLO","CLUSTER":"3","ROUTE":"4","ENTE":"COMUNE","ENTE 2":null,"LUNGHEZZA":331.07,"SPAN":"4_2_2","LOTTO":"1","TRATTA_ID":"TR_0023","ENTE 3":null,"MOTIVO_NO":"Manca autorizz","STATO_AUTORIZZAZIONE":"IN ATTESA","STATO_NULLAOSTA":"NON NECESSARIO","STATO_ORDINANZA":"NON NECESSARIO","PROTOCOLLO_AUT":null,"PRATICA":null,"LAVORABILE":"NO","STATO_LEGENDA":"IN ATTESA","CAMPO AWS":"NOT STARTED"},"geometry":{"type":"MultiLineString","coordinates":[[[1068736.942711115814745,5728390.108420654200017,0.0],[1068772.081576887285337,5728402.10418033786118,0.0],[1068873.465426148846745,5728439.52714332100004,0.0],[1068930.550205460982397,5728459.122079335153103,0.0],[1068940.624238083371893,5728433.088660991750658,0.0],[1068938.570046851877123,5728419.382986580021679,0.0],[1068928.604983846889809,5728414.191499803215265,0.0],[1068909.701615256257355,5728412.282285385765135,0.0],[1068886.953021943569183,5728411.463558935560286,0.0],[1068733.104129909304902,5728351.228510968387127,0.0],[1068730.241534325992689,5728344.020917213521898,0.0]]]}},
{"type":"Feature","properties":{"fid":24,"TIPOLOGIA":"NO DIG","PROVINCIA":"BG","COMUNE":"TREVIOLO","CLUSTER":"3","ROUTE":"4","ENTE":"ANAS","ENTE 2":null,"LUNGHEZZA":1687.57,"SPAN":"4_2_2","LOTTO":"1","TRATTA_ID":"TR_0024","ENTE 3":null,"MOTIVO_NO":"Manca autorizz","STATO_AUTORIZZAZIONE":"IN ATTESA","STATO_NULLAOSTA":"NON NECESSARIO","STATO_ORDINANZA":"NON NECESSARIO","PROTOCOLLO_AUT":null,"PRATICA":null,"LAVORABILE":"NO","STATO_LEGENDA":"IN ATTESA","CAMPO AWS":"NOT STARTED"},"geometry":{"type":"MultiLineString","coordinates":[[[1068724.859005782520398,5728307.002621114253998,0.0],[1068727.694507722975686,5728251.542478332296014,0.0],[1068732.786089997505769,5728214.07319622952491,0.0],[1068740.862612973432988,5728160.85462196264416,0.0],[1068755.374159252038226,5728093.624942923896015,0.0],[1068771.074941310798749,5728024.39636031165719,0.0],[1068786.061887400224805,5727958.469671295024455,0.0],[1068831.024119156645611,5727938.247995818965137,0.0],[1068847.437993652652949,5727867.354981018230319,0.0],[1068850.767860814230517,5727834.978537919931114,0.0],[1068849.5781517282594,5727820.942871599458158,0.0],[1068843.39269813708961,5727807.383100751787424,0.0],[1068824.360954435542226,5727787.400475982576609,0.0],[1068819.365086366422474,5727776.695420483127236,0.0],[1068831.791002137353644,5727710.898305726237595,0.0],[1068851.058281614910811,5727604.148224385455251,0.0],[1068866.66583463549614,5727540.934684131294489,0.0],[1068884.583811957156286,5727479.979286105372012,0.0],[1068882.971364028984681,5727464.134930274449289,0.0],[1068912.952729074982926,5727383.139574013650417,0.0],[1068989.630198623985052,5727232.677956949919462,0.0],[1069236.851278567919508,5726875.435520753264427,0.0],[1069719.26566359680146,5726200.536579231731594,0.0]]]}},
{"type":"Feature","properties":{"fid":25,"TIPOLOGIA":"NO DIG","PROVINCIA":"BG","COMUNE":"LALLIO","CLUSTER":"3","ROUTE":"42","ENTE":"PROVINCIA DI BERGAMO","ENTE 2":null,"LUNGHEZZA":1521.51,"SPAN":"42","LOTTO":"1","TRATTA_ID":"TR_0025","ENTE 3":null,"MOTIVO_NO":"Manca autorizz","STATO_AUTORIZZAZIONE":"IN ATTESA","STATO_NULLAOSTA":"NON NECESSARIO","STATO_ORDINANZA":"NON NECESSARIO","PROTOCOLLO_AUT":null,"PRATICA":null,"LAVORABILE":"NO","STATO_LEGENDA":"IN ATTESA","CAMPO AWS":"NOT STARTED"},"geometry":{"type":"MultiLineString","coordinates":[[[1072527.481877477141097,5726959.850476635619998,0.0],[1071355.318452116334811,5725123.80911903642118,0.0]]]}},
{"type":"Feature","properties":{"fid":26,"TIPOLOGIA":"NO DIG","PROVINCIA":"BG","COMUNE":"BERGAMO","CLUSTER":"3","ROUTE":"42","ENTE":"COMUNE","ENTE 2":null,"LUNGHEZZA":1312.03,"SPAN":"42","LOTTO":"1","TRATTA_ID":"TR_0026","ENTE 3":null,"MOTIVO_NO":"Manca autorizz","STATO_AUTORIZZAZIONE":"IN ATTESA","STATO_NULLAOSTA":"NON NECESSARIO","STATO_ORDINANZA":"NON NECESSARIO","PROTOCOLLO_AUT":null,"PRATICA":null,"LAVORABILE":"NO","STATO_LEGENDA":"IN ATTESA","CAMPO AWS":"NOT STARTED"},"geometry":{"type":"MultiLineString","coordinates":[[[1073698.94174148584716,5728427.859465656802058,0.0],[1072527.481877477141097,5726959.850476635619998,0.0]]]}},
{"type":"Feature","properties":{"fid":27,"TIPOLOGIA":"NO DIG","PROVINCIA":"BG","COMUNE":"DALMINE","CLUSTER":"3","ROUTE":"42","ENTE":"COMUNE","ENTE 2":null,"LUNGHEZZA":252.51,"SPAN":"42","LOTTO":"1","TRATTA_ID":"TR_0027","ENTE 3":null,"MOTIVO_NO":"Manca autorizz","STATO_AUTORIZZAZIONE":"IN ATTESA","STATO_NULLAOSTA":"NON NECESSARIO","STATO_ORDINANZA":"NON NECESSARIO","PROTOCOLLO_AUT":null,"PRATICA":null,"LAVORABILE":"NO","STATO_LEGENDA":"IN ATTESA","CAMPO AWS":"NOT STARTED"},"geometry":{"type":"MultiLineString","coordinates":[[[1071280.651540096616372,5725006.834826908074319,0.0],[1071080.077466210117564,5724706.158638845197856,0.0]]]}},
{"type":"Feature","properties":{"fid":28,"TIPOLOGIA":"SCAVO","PROVINCIA":"BG","COMUNE":"BERGAMO","CLUSTER":"3","ROUTE":"43","ENTE":"COMUNE","ENTE 2":"PROVINCIA DI BERGAMO","LUNGHEZZA":66.63,"SPAN":"43","LOTTO":"1","TRATTA_ID":"TR_0028","ENTE 3":null,"MOTIVO_NO":"Manca autorizz","STATO_AUTORIZZAZIONE":"IN ATTESA","STATO_NULLAOSTA":"NON NECESSARIO","STATO_ORDINANZA":"NON NECESSARIO","PROTOCOLLO_AUT":null,"PRATICA":null,"LAVORABILE":"NO","STATO_LEGENDA":"IN ATTESA","CAMPO AWS":"NOT STARTED"},"geometry":{"type":"MultiLineString","coordinates":[[[1073753.710766617674381,5728494.227050261572003,0.0],[1073789.955436805030331,5728538.14687323756516,0.0],[1073814.319058033172041,5728567.885581740178168,0.0]]]}},
{"type":"Feature","properties":{"fid":30,"TIPOLOGIA":"SCAVO","PROVINCIA":"BG","COMUNE":"DALMINE","CLUSTER":"3","ROUTE":"4","ENTE":"ANAS","ENTE 2":null,"LUNGHEZZA":344.48,"SPAN":"4_2_2","LOTTO":"1","TRATTA_ID":"TR_0030","ENTE 3":null,"MOTIVO_NO":"Manca autorizz","STATO_AUTORIZZAZIONE":"IN ATTESA","STATO_NULLAOSTA":"NON NECESSARIO","STATO_ORDINANZA":"NON NECESSARIO","PROTOCOLLO_AUT":null,"PRATICA":null,"LAVORABILE":"NO","STATO_LEGENDA":"IN ATTESA","CAMPO AWS":"NOT STARTED"},"geometry":{"type":"MultiLineString","coordinates":[[[1070784.890606055734679,5724981.169446852058172,0.0],[1070822.963413761928678,5724938.739791324362159,0.0],[1070865.130996412830427,5724887.907409804873168,0.0],[1070979.623695363523439,5724734.601509875617921,0.0],[1070999.236991180572659,5724714.685971979051828,0.0],[1070988.172305349493399,5724706.513317848555744,0.0],[1070960.622109228977934,5724680.677968909963965,0.0],[1070948.478275829693303,5724648.062112017534673,0.0],[1070950.129592389566824,5724623.844946252182126,0.0],[1070957.333919812459499,5724613.417427329346538,0.0],[1070967.709982166532427,5724588.082167778164148,0.0]]]}},
{"type":"Feature","properties":{"fid":32,"TIPOLOGIA":"NO DIG","PROVINCIA":"BG","COMUNE":"TREVIOLO","CLUSTER":"3","ROUTE":"4","ENTE":"COMUNE","ENTE 2":null,"LUNGHEZZA":338.27,"SPAN":"4_2_2","LOTTO":"1","TRATTA_ID":"TR_0032","ENTE 3":null,"MOTIVO_NO":"Manca autorizz","STATO_AUTORIZZAZIONE":"IN ATTESA","STATO_NULLAOSTA":"NON NECESSARIO","STATO_ORDINANZA":"NON NECESSARIO","PROTOCOLLO_AUT":null,"PRATICA":null,"LAVORABILE":"NO","STATO_LEGENDA":"IN ATTESA","CAMPO AWS":"NOT STARTED"},"geometry":{"type":"MultiLineString","coordinates":[[[1067561.881334732985124,5729108.022687571123242,0.0],[1067551.603768735192716,5729061.845290077850223,0.0],[1067553.353243533056229,5729019.449341041967273,0.0],[1067552.447585912887007,5728990.92034699767828,0.0],[1067563.915195710491389,5728933.810905386693776,0.0],[1067578.574859300162643,5728907.308967789635062,0.0],[1067605.711356892017648,5728888.213501777499914,0.0],[1067663.467747022630647,5728862.611030222848058,0.0],[1067742.669831625651568,5728834.09681017883122,0.0],[1067771.367631285684183,5728818.129870099015534,0.0],[1067808.794875688385218,5728780.812520943582058,0.0],[1067814.210919070290402,5728771.056694941595197,0.0]]]}},
{"type":"Feature","properties":{"fid":33,"TIPOLOGIA":"NO DIG","PROVINCIA":"BG","COMUNE":"DALMINE","CLUSTER":"3","ROUTE":"4","ENTE":"ANAS","ENTE 2":null,"LUNGHEZZA":1132.37,"SPAN":"4_2_2","LOTTO":"1","TRATTA_ID":"TR_0033","ENTE 3":null,"MOTIVO_NO":"Manca autorizz","STATO_AUTORIZZAZIONE":"IN ATTESA","STATO_NULLAOSTA":"NON NECESSARIO","STATO_ORDINANZA":"NON NECESSARIO","PROTOCOLLO_AUT":null,"PRATICA":null,"LAVORABILE":"NO","STATO_LEGENDA":"IN ATTESA","CAMPO AWS":"NOT STARTED"},"geometry":{"type":"MultiLineString","coordinates":[[[1069720.351895146537572,5726198.67260829731822,0.0],[1069826.55137488222681,5726052.771838913671672,0.0],[1069932.058610048377886,5725904.608464130200446,0.0],[1070026.605959313223138,5725794.361768483184278,0.0],[1070172.309169626794755,5725631.021040642634034,0.0],[1070418.915769772604108,5725386.753248743712902,0.0],[1070645.716352986870334,5725151.899821646511555,0.0],[1070784.890606055734679,5724981.169446852058172,0.0]]]}},
{"type":"Feature","properties":{"fid":34,"TIPOLOGIA":"NO DIG","PROVINCIA":"BG","COMUNE":"CURNO","CLUSTER":"3","ROUTE":"4","ENTE":"COMUNE","ENTE 2":null,"LUNGHEZZA":1703.84,"SPAN":"4_2_2","LOTTO":"1","TRATTA_ID":"TR_0034","ENTE 3":null,"MOTIVO_NO":"Manca autorizz","STATO_AUTORIZZAZIONE":"IN ATTESA","STATO_NULLAOSTA":"NON NECESSARIO","STATO_ORDINANZA":"NON NECESSARIO","PROTOCOLLO_AUT":null,"PRATICA":null,"LAVORABILE":"NO","STATO_LEGENDA":"IN ATTESA","CAMPO AWS":"NOT STARTED"},"geometry":{"type":"MultiLineString","coordinates":[[[1068179.116826470242813,5731445.9355952674523,0.0],[1068170.711197648197412,5731344.946051481179893,0.0],[1068145.155679915100336,5731218.83041744120419,0.0],[1068115.625346701359376,5731125.542092339135706,0.0],[1068019.713432478252798,5730977.865691312588751,0.0],[1067968.009139111032709,5730891.049521544016898,0.0],[1067943.079602751648054,5730831.903369131498039,0.0],[1067907.414795750752091,5730759.400817492045462,0.0],[1067893.412545926170424,5730708.217727045528591,0.0],[1067890.665657649282366,5730660.828246518969536,0.0],[1067869.675618058536202,5730368.782355583272874,0.0],[1067849.550054962746799,5730252.586114204488695,0.0],[1067827.914183649234474,5730150.31939718965441,0.0],[1067809.674452796112746,5730084.743099325336516,0.0],[1067733.712246556999162,5729846.823800838552415,0.0],[1067691.941494316328317,5729673.299469443038106,0.0],[1067654.056568881263956,5729512.493074608966708,0.0],[1067623.347574530635029,5729388.904694624245167,0.0],[1067601.93099608249031,5729295.426169876940548,0.0],[1067561.881334732985124,5729108.022687571123242,0.0]]]}},
{"type":"Feature","properties":{"fid":35,"TIPOLOGIA":"SCAVO","PROVINCIA":"BG","COMUNE":"MOZZO","CLUSTER":"3","ROUTE":"2","ENTE":"PROVINCIA DI BERGAMO","ENTE 2":"RIP","LUNGHEZZA":77.67,"SPAN":"2_3","LOTTO":"1","TRATTA_ID":"TR_0035","ENTE 3":null,"MOTIVO_NO":"Manca autorizz","STATO_AUTORIZZAZIONE":"IN ATTESA","STATO_NULLAOSTA":"NON NECESSARIO","STATO_ORDINANZA":"NON NECESSARIO","PROTOCOLLO_AUT":null,"PRATICA":null,"LAVORABILE":"NO","STATO_LEGENDA":"IN ATTESA","CAMPO AWS":"NOT STARTED"},"geometry":{"type":"MultiLineString","coordinates":[[[1068070.89910924853757,5732186.294389481656253,0.0],[1068080.088266462553293,5732140.728913877159357,0.0],[1068094.473136498359963,5732077.465082643553615,0.0]]]}},
{"type":"Feature","properties":{"fid":36,"TIPOLOGIA":"SCAVO","PROVINCIA":"BG","COMUNE":"PONTE SAN PIETRO","CLUSTER":"3","ROUTE":"2","ENTE":"COMUNE","ENTE 2":null,"LUNGHEZZA":698.91,"SPAN":"2_3","LOTTO":"1","TRATTA_ID":"TR_0036","ENTE 3":null,"MOTIVO_NO":"Manca autorizz","STATO_AUTORIZZAZIONE":"IN ATTESA","STATO_NULLAOSTA":"NON NECESSARIO","STATO_ORDINANZA":"NON NECESSARIO","PROTOCOLLO_AUT":null,"PRATICA":null,"LAVORABILE":"NO","STATO_LEGENDA":"IN ATTESA","CAMPO AWS":"NOT STARTED"},"geometry":{"type":"MultiLineString","coordinates":[[[1067926.092853565234691,5732517.635861720889807,0.0],[1067922.366611644392833,5732538.910782185383141,0.0],[1067903.634722465649247,5732660.634321202524006,0.0],[1067884.486173228360713,5732787.260635459795594,0.0],[1067871.629648254951462,5732838.16057641338557,0.0],[1067798.326539230532944,5733015.879287419840693,0.0],[1067680.261683418881148,5733319.537848456762731,0.0],[1067617.855057700071484,5733465.379876111634076,0.0]]]}},
{"type":"Feature","properties":{"fid":37,"TIPOLOGIA":"SCAVO","PROVINCIA":"BG","COMUNE":"PONTE SAN PIETRO","CLUSTER":"3","ROUTE":"2","ENTE":"PROVINCIA DI BERGAMO","ENTE 2":null,"LUNGHEZZA":201.15,"SPAN":"2_3","LOTTO":"1","TRATTA_ID":"TR_0037","ENTE 3":null,"MOTIVO_NO":"Manca autorizz","STATO_AUTORIZZAZIONE":"IN ATTESA","STATO_NULLAOSTA":"NON NECESSARIO","STATO_ORDINANZA":"NON NECESSARIO","PROTOCOLLO_AUT":null,"PRATICA":null,"LAVORABILE":"NO","STATO_LEGENDA":"IN ATTESA","CAMPO AWS":"NOT STARTED"},"geometry":{"type":"MultiLineString","coordinates":[[[1067936.513460912276059,5732420.788486042991281,0.0],[1067933.411904884269461,5732399.316612009890378,0.0],[1067972.913244122639298,5732377.492804386653006,0.0],[1067997.93792559672147,5732355.080683493986726,0.0],[1068028.187330005923286,5732314.10640350356698,0.0],[1068043.603174367686734,5732290.364663230255246,0.0],[1068052.815359777305275,5732272.21506486274302,0.0],[1068062.164964676136151,5732245.540711646899581,0.0],[1068070.89910924853757,5732186.294389481656253,0.0]]]}},
{"type":"Feature","properties":{"fid":38,"TIPOLOGIA":"SCAVO","PROVINCIA":"BG","COMUNE":"MOZZO","CLUSTER":"3","ROUTE":"2","ENTE":"PROVINCIA DI BERGAMO","ENTE 2":null,"LUNGHEZZA":303.5,"SPAN":"2_3","LOTTO":"1","TRATTA_ID":"TR_0038","ENTE 3":null,"MOTIVO_NO":"Manca autorizz","STATO_AUTORIZZAZIONE":"IN ATTESA","STATO_NULLAOSTA":"NON NECESSARIO","STATO_ORDINANZA":"NON NECESSARIO","PROTOCOLLO_AUT":null,"PRATICA":null,"LAVORABILE":"NO","STATO_LEGENDA":"IN ATTESA","CAMPO AWS":"NOT STARTED"},"geometry":{"type":"MultiLineString","coordinates":[[[1068094.473136498359963,5732077.465082643553615,0.0],[1068111.683751911623403,5732025.429898595437407,0.0],[1068164.364584240829572,5731937.425494180060923,0.0],[1068241.872672801837325,5731830.393152758479118,0.0],[1068290.866106303641573,5731765.667374460957944,0.0],[1068333.032950539607555,5731717.427718025632203,0.0]]]}},
{"type":"Feature","properties":{"fid":39,"TIPOLOGIA":"NO DIG","PROVINCIA":"BG","COMUNE":"BERGAMO","CLUSTER":"3","ROUTE":"3","ENTE":"PROVINCIA DI BERGAMO","ENTE 2":null,"LUNGHEZZA":511.79,"SPAN":"3_2_1","LOTTO":"1","TRATTA_ID":"TR_0039","ENTE 3":null,"MOTIVO_NO":"Manca autorizz","STATO_AUTORIZZAZIONE":"IN ATTESA","STATO_NULLAOSTA":"NON NECESSARIO","STATO_ORDINANZA":"NON NECESSARIO","PROTOCOLLO_AUT":null,"PRATICA":null,"LAVORABILE":"NO","STATO_LEGENDA":"IN ATTESA","CAMPO AWS":"NOT STARTED"},"geometry":{"type":"MultiLineString","coordinates":[[[1074581.291964706964791,5728540.925359153188765,0.0],[1074610.177505348809063,5728527.769061201252043,0.0],[1075309.125212412560359,5728555.285552086308599,0.0]]]}},
{"type":"Feature","properties":{"fid":40,"TIPOLOGIA":"NO DIG","PROVINCIA":"BG","COMUNE":"BERGAMO","CLUSTER":"3","ROUTE":"3","ENTE":"COMUNE","ENTE 2":null,"LUNGHEZZA":750.21,"SPAN":"3_2_2","LOTTO":"1","TRATTA_ID":"TR_0040","ENTE 3":null,"MOTIVO_NO":"Manca autorizz","STATO_AUTORIZZAZIONE":"IN ATTESA","STATO_NULLAOSTA":"NON NECESSARIO","STATO_ORDINANZA":"NON NECESSARIO","PROTOCOLLO_AUT":null,"PRATICA":null,"LAVORABILE":"NO","STATO_LEGENDA":"IN ATTESA","CAMPO AWS":"NOT STARTED"},"geometry":{"type":"MultiLineString","coordinates":[[[1073495.495688925264403,5730408.530949223786592,0.0],[1073367.032508724369109,5730060.761452951468527,0.0],[1073292.412481790408492,5729912.890822557732463,0.0],[1073101.428097543073818,5729409.18107904586941,0.0]]]}},
{"type":"Feature","properties":{"fid":43,"TIPOLOGIA":"NO DIG","PROVINCIA":"BG","COMUNE":"CURNO","CLUSTER":"3","ROUTE":"3","ENTE":"COMUNE","ENTE 2":"ANAS","LUNGHEZZA":121.19,"SPAN":"3_2_2","LOTTO":"1","TRATTA_ID":"TR_0043","ENTE 3":null,"MOTIVO_NO":"Manca autorizz","STATO_AUTORIZZAZIONE":"IN ATTESA","STATO_NULLAOSTA":"NON NECESSARIO","STATO_ORDINANZA":"NON NECESSARIO","PROTOCOLLO_AUT":null,"PRATICA":null,"LAVORABILE":"NO","STATO_LEGENDA":"IN ATTESA","CAMPO AWS":"NOT STARTED"},"geometry":{"type":"MultiLineString","coordinates":[[[1068964.689559123245999,5731594.354301163926721,0.0],[1068987.42099877493456,5731591.582474721595645,0.0],[1069002.31012497167103,5731463.451799966394901,0.0],[1069018.405342309270054,5731448.800556402653456,0.0]]]}},
{"type":"Feature","properties":{"fid":44,"TIPOLOGIA":"NO DIG","PROVINCIA":"BG","COMUNE":"MOZZO","CLUSTER":"3","ROUTE":"3","ENTE":"COMUNE","ENTE 2":null,"LUNGHEZZA":48.61,"SPAN":"3_2_2","LOTTO":"1","TRATTA_ID":"TR_0044","ENTE 3":null,"MOTIVO_NO":"Manca autorizz","STATO_AUTORIZZAZIONE":"IN ATTESA","STATO_NULLAOSTA":"NON NECESSARIO","STATO_ORDINANZA":"NON NECESSARIO","PROTOCOLLO_AUT":null,"PRATICA":null,"LAVORABILE":"NO","STATO_LEGENDA":"IN ATTESA","CAMPO AWS":"NOT STARTED"},"geometry":{"type":"MultiLineString","coordinates":[[[1068633.889681882224977,5732535.415260488167405,0.0],[1068611.89202015590854,5732469.284477259032428,0.0]]]}},
{"type":"Feature","properties":{"fid":45,"TIPOLOGIA":"NO DIG","PROVINCIA":"BG","COMUNE":"MOZZO","CLUSTER":"3","ROUTE":"3","ENTE":"COMUNE","ENTE 2":null,"LUNGHEZZA":227.27,"SPAN":"3_2_2","LOTTO":"1","TRATTA_ID":"TR_0045","ENTE 3":null,"MOTIVO_NO":"Manca autorizz","STATO_AUTORIZZAZIONE":"IN ATTESA","STATO_NULLAOSTA":"NON NECESSARIO","STATO_ORDINANZA":"NON NECESSARIO","PROTOCOLLO_AUT":null,"PRATICA":null,"LAVORABILE":"NO","STATO_LEGENDA":"IN ATTESA","CAMPO AWS":"NOT STARTED"},"geometry":{"type":"MultiLineString","coordinates":[[[1068813.540770756779239,5733454.049022002145648,0.0],[1068814.511766883544624,5733345.487332126125693,0.0],[1068831.328946749214083,5733310.785871084779501,0.0],[1068766.449251336278394,5733144.262854636646807,0.0]]]}},
{"type":"Feature","properties":{"fid":46,"TIPOLOGIA":"CANALETTA","PROVINCIA":"BG","COMUNE":"MOZZO","CLUSTER":"3","ROUTE":"3","ENTE":"PROVINCIA DI BERGAMO","ENTE 2":null,"LUNGHEZZA":84.01,"SPAN":"3_2_2","LOTTO":"1","TRATTA_ID":"TR_0046","ENTE 3":null,"MOTIVO_NO":"Manca autorizz","STATO_AUTORIZZAZIONE":"IN ATTESA","STATO_NULLAOSTA":"NON NECESSARIO","STATO_ORDINANZA":"NON NECESSARIO","PROTOCOLLO_AUT":null,"PRATICA":null,"LAVORABILE":"NO","STATO_LEGENDA":"IN ATTESA","CAMPO AWS":"NOT STARTED"},"geometry":{"type":"MultiLineString","coordinates":[[[1068763.720001818845049,5734060.787164306268096,0.0],[1068832.056222992949188,5734055.013416750356555,0.0],[1068873.653923240257427,5734050.453010723926127,0.0],[1068876.143120128894225,5734041.075847672298551,0.0]]]}},
{"type":"Feature","properties":{"fid":48,"TIPOLOGIA":"NO DIG","PROVINCIA":"MI","COMUNE":"TREZZO SULL'ADDA","CLUSTER":"3","ROUTE":"9","ENTE":"PROVINCIA DI MILANO","ENTE 2":null,"LUNGHEZZA":1384.48,"SPAN":"9_2","LOTTO":"2","TRATTA_ID":"TR_0048","ENTE 3":null,"MOTIVO_NO":"Manca autorizz","STATO_AUTORIZZAZIONE":"IN ATTESA","STATO_NULLAOSTA":"NON NECESSARIO","STATO_ORDINANZA":"NON NECESSARIO","PROTOCOLLO_AUT":null,"PRATICA":null,"LAVORABILE":"NO","STATO_LEGENDA":"IN ATTESA","CAMPO AWS":"NOT STARTED"},"geometry":{"type":"MultiLineString","coordinates":[[[1057424.335535135818645,5718729.73240770585835,0.0],[1057408.247436460107565,5718736.688401102088392,0.0],[1057393.934455974726006,5718737.454421292059124,0.0],[1057374.822115193121135,5718737.646051245741546,0.0],[1057351.506679093465209,5718740.727581108920276,0.0],[1057337.819631734397262,5718743.834608539938927,0.0],[1057320.259966896381229,5718751.191875697113574,0.0],[1057295.650611420394853,5718768.380006678402424,0.0],[1057265.574366464512423,5718786.484515462070704,0.0],[1057231.980402512708679,5718803.455718049779534,0.0],[1057206.247778275981545,5718814.83004061691463,0.0],[1057170.590601732954383,5718830.661552907899022,0.0],[1057121.549474890809506,5718851.411670668981969,0.0],[1057079.685744761489332,5718868.675084774382412,0.0],[1057010.255198179045692,5718896.130498021841049,0.0],[1056966.367074363864958,5718913.978841546922922,0.0],[1056931.806366031290963,5718928.033821305260062,0.0],[1056831.320934961317107,5718968.290530873462558,0.0],[1056795.29091456416063,5718983.975114274770021,0.0],[1056705.336082654306665,5719021.606616356410086,0.0],[1056651.106833974132314,5719043.613874590024352,0.0],[1056554.510575329652056,5719084.110336318612099,0.0],[1056458.330508904298767,5719121.265854671597481,0.0],[1056374.069983857218176,5719155.0404595406726,0.0],[1056271.888694434193894,5719196.760554815642536,0.0],[1056202.051703296601772,5719224.21746064722538,0.0],[1056157.835555656580254,5719246.612261535599828,0.0],[1056055.53674881812185,5719287.674997900612652,0.0],[1056037.305987531319261,5719295.708098927512765,0.0],[1056021.435239690123126,5719308.613840613514185,0.0],[1056009.014376593986526,5719314.551303871907294,0.0],[1055989.023980271536857,5719314.977694222703576,0.0],[1055964.955490374239162,5719320.989535166881979,0.0],[1055880.96464667073451,5719355.085239708423615,0.0],[1055803.744734603445977,5719385.516017472371459,0.0],[1055750.021713558817282,5719403.752470369450748,0.0],[1055710.13645496382378,5719416.164330432191491,0.0],[1055676.996989310020581,5719425.610326755791903,0.0],[1055648.190625432413071,5719431.335221926681697,0.0],[1055597.787052379921079,5719441.684500332921743,0.0],[1055590.128774240612984,5719442.628828920423985,0.0]]]}},
{"type":"Feature","properties":{"fid":50,"TIPOLOGIA":"NO DIG","PROVINCIA":"MB","COMUNE":"BELLUSCO","CLUSTER":"3","ROUTE":"9","ENTE":"PROVINCIA DI MB","ENTE 2":null,"LUNGHEZZA":3303.09,"SPAN":"9_2","LOTTO":"2","TRATTA_ID":"TR_0050","ENTE 3":null,"MOTIVO_NO":"Manca autorizz","STATO_AUTORIZZAZIONE":"IN ATTESA","STATO_NULLAOSTA":"NON NECESSARIO","STATO_ORDINANZA":"NON NECESSARIO","PROTOCOLLO_AUT":null,"PRATICA":null,"LAVORABILE":"NO","STATO_LEGENDA":"IN ATTESA","CAMPO AWS":"NOT STARTED"},"geometry":{"type":"MultiLineString","coordinates":[[[1051466.607626508222893,5719013.086526855826378,0.0],[1051361.53268075780943,5719014.697344312444329,0.0],[1051312.17276046378538,5719018.341688001528382,0.0],[1051262.266214941395447,5719017.740420433692634,0.0],[1051236.127093733521178,5719023.218334113247693,0.0],[1051212.587728106183931,5719032.399779547005892,0.0],[1051189.815340608591214,5719028.722655775025487,0.0],[1051180.611139287473634,5719025.665572793222964,0.0],[1051169.812332829926163,5719020.789387706667185,0.0],[1051159.4872791019734,5719017.751851758919656,0.0],[1051117.321501508820802,5719011.081875772215426,0.0],[1051072.459414201322943,5719008.924669057130814,0.0],[1050999.508870548801497,5719007.96915087942034,0.0],[1050917.100439426256344,5719007.425740536302328,0.0],[1050828.168951754225418,5719007.988757842220366,0.0],[1050768.528249125694856,5719007.995150395669043,0.0],[1050737.180874573299661,5719006.815187303349376,0.0],[1050708.554159537423402,5719008.641273643821478,0.0],[1050680.4102164641954,5719010.471565733663738,0.0],[1050664.181583331199363,5719006.216275102458894,0.0],[1050644.871479942696169,5719007.432177712209523,0.0],[1050592.609316793968901,5719006.458511809818447,0.0],[1050530.862025150330737,5719005.116305000148714,0.0],[1050469.505919361719862,5719000.311555476859212,0.0],[1050397.179334002546966,5718994.544550585560501,0.0],[1050319.856982652796432,5718994.546290181577206,0.0],[1050209.070559395011514,5718995.132980049587786,0.0],[1050139.065039455192164,5718993.817984729073942,0.0],[1050082.535323754418641,5718996.031223127618432,0.0],[1050003.220606483984739,5718995.494997268542647,0.0],[1049938.180560443317518,5718993.974923110567033,0.0],[1049899.518923787865788,5718991.948111014440656,0.0],[1049850.330036010593176,5718991.953736365772784,0.0],[1049755.024404833093286,5718987.273771880194545,0.0],[1049691.48248985176906,5718979.663379139266908,0.0],[1049646.155713968910277,5718972.125846234150231,0.0],[1049587.674351959954947,5718957.200226654298604,0.0],[1049529.571056439774111,5718940.774688391946256,0.0],[1049473.641170390415937,5718919.826224123127759,0.0],[1049439.575874616857618,5718904.792946861125529,0.0],[1049388.416486284462735,5718882.857695129700005,0.0],[1049288.25864498433657,5718836.089106613770127,0.0],[1049243.492092115804553,5718815.805830856785178,0.0],[1049152.232006993843243,5718775.022737491875887,0.0],[1049079.668382173404098,5718747.373005574569106,0.0],[1049061.75080147315748,5718742.306009450927377,0.0],[1049061.22076083929278,5718742.306068303063512,0.0],[1049034.923155231401324,5718738.391260772943497,0.0],[1049012.764098823303357,5718722.390935393981636,0.0],[1048990.964101024204865,5718708.350464254617691,0.0],[1048952.991269049467519,5718691.97488244716078,0.0],[1048891.571169557748362,5718663.55085229780525,0.0],[1048827.016389200929552,5718637.601424351334572,0.0],[1048790.02603773935698,5718620.905978384427726,0.0],[1048735.439323141938075,5718604.228221252560616,0.0],[1048678.270519891288131,5718583.726033397950232,0.0],[1048621.837193806190044,5718572.274354063905776,0.0],[1048565.964934820658527,5718564.683254613541067,0.0],[1048530.383890473516658,5718566.579251565039158,0.0],[1048499.420864202897064,5718569.112358595244586,0.0],[1048479.143788776244037,5718562.805546776391566,0.0],[1048445.304293345543556,5718558.422562527470291,0.0],[1048385.028510391362943,5718560.986170672811568,0.0],[1048336.365416856133379,5718567.38409929908812,0.0],[1048224.602669407380745,5718583.322988518513739,0.0],[1048170.115855861688033,5718592.01971023529768,0.0],[1048104.204801295883954,5718602.493760006502271,0.0],[1048046.135538749862462,5718610.316532166674733,0.0],[1047986.223099133349024,5718619.935181531123817,0.0],[1047924.243027845979668,5718629.987379495054483,0.0],[1047861.393714826088399,5718637.255083693191409,0.0],[1047817.330167929525487,5718641.248205585405231,0.0],[1047768.181444959598593,5718647.943863399326801,0.0],[1047730.169310840894468,5718658.086530262604356,0.0],[1047693.836349890450947,5718675.270493018440902,0.0],[1047662.592911868006922,5718689.279263313859701,0.0],[1047621.108522950205952,5718678.062466891482472,0.0],[1047584.496063810656779,5718678.067334240302444,0.0],[1047569.25580122473184,5718680.531478055752814,0.0],[1047540.454689089208841,5718684.121034965850413,0.0],[1047512.728934493265115,5718688.239662025123835,0.0],[1047487.43597459490411,5718692.413291707634926,0.0],[1047450.657132603228092,5718698.150292339734733,0.0],[1047356.259114988148212,5718712.077111237682402,0.0],[1047309.135949271498248,5718719.459451987408102,0.0],[1047255.707736830925569,5718728.548582292161882,0.0],[1047214.928410799824633,5718734.166158001869917,0.0],[1047104.109573764260858,5718750.647618459537625,0.0],[1047022.306125850067474,5718761.151408583857119,0.0],[1046865.410352302133106,5718785.794929208233953,0.0]]]}},
{"type":"Feature","properties":{"fid":51,"TIPOLOGIA":"NO DIG","PROVINCIA":"MB","COMUNE":"VIMERCATE","CLUSTER":"3","ROUTE":"9","ENTE":"PROVINCIA DI MB","ENTE 2":null,"LUNGHEZZA":1437.33,"SPAN":"9_2","LOTTO":"2","TRATTA_ID":"TR_0051","ENTE 3":null,"MOTIVO_NO":"Manca autorizz","STATO_AUTORIZZAZIONE":"IN ATTESA","STATO_NULLAOSTA":"NON NECESSARIO","STATO_ORDINANZA":"NON NECESSARIO","PROTOCOLLO_AUT":null,"PRATICA":null,"LAVORABILE":"NO","STATO_LEGENDA":"IN ATTESA","CAMPO AWS":"NOT STARTED"},"geometry":{"type":"MultiLineString","coordinates":[[[1046865.410352302133106,5718785.794929208233953,0.0],[1046836.268278373172507,5718789.657580259256065,0.0],[1046755.739100573118776,5718802.002481989562511,0.0],[1046708.142637306940742,5718810.549295843578875,0.0],[1046642.861409162636846,5718817.968396618962288,0.0],[1046580.164504755754024,5718828.41928343474865,0.0],[1046472.453184159821831,5718844.166058061644435,0.0],[1046417.817107470938936,5718852.436018926091492,0.0],[1046356.196483545587398,5718863.38023395743221,0.0],[1046259.592557632713579,5718877.289506981149316,0.0],[1046178.254116052296013,5718888.191876008175313,0.0],[1046106.265494003077038,5718898.328538697212934,0.0],[1046054.84404081851244,5718906.740322965197265,0.0],[1045984.018507765838876,5718917.3986871317029,0.0],[1045947.714607506990433,5718922.788967343978584,0.0],[1045838.63351958419662,5718934.950249078683555,0.0],[1045794.22679309360683,5718945.035997539758682,0.0],[1045699.360631191637367,5718956.535619197413325,0.0],[1045623.611438177293167,5718971.055331558920443,0.0],[1045575.430374096380547,5718974.755586699582636,0.0],[1045520.509589303634129,5718978.472966039553285,0.0],[1045489.670407124911435,5718977.84759271517396,0.0],[1045450.410314172389917,5718977.113767514936626,0.0],[1045413.265890484908596,5718971.343108148314059,0.0],[1045364.876570177031681,5718961.077689381316304,0.0],[1045285.783114895224571,5718939.937548295594752,0.0],[1045224.012298562563956,5718924.403257759287953,0.0],[1045153.741596904699691,5718907.189230822958052,0.0],[1045104.520845493301749,5718896.109913308173418,0.0],[1045058.139342250302434,5718886.394345661625266,0.0],[1045031.406849425868131,5718882.181791163980961,0.0],[1045014.250930112088099,5718882.779849469661713,0.0],[1044981.434375401237048,5718885.180757724680007,0.0],[1044949.099353896453977,5718873.822970150969923,0.0],[1044930.095869926735759,5718860.884735020808876,0.0],[1044913.325774652301334,5718849.888584557920694,0.0],[1044896.377039045328274,5718846.872978387400508,0.0],[1044870.11724615120329,5718840.141348742879927,0.0],[1044850.850151147111319,5718832.957034539431334,0.0]]]}},
{"type":"Feature","properties":{"fid":54,"TIPOLOGIA":"NO DIG","PROVINCIA":"MB","COMUNE":"VIMERCATE","CLUSTER":"3","ROUTE":"9","ENTE":"PROVINCIA DI MB","ENTE 2":null,"LUNGHEZZA":2033.57,"SPAN":"9_2","LOTTO":"2","TRATTA_ID":"TR_0054","ENTE 3":null,"MOTIVO_NO":"Manca autorizz","STATO_AUTORIZZAZIONE":"IN ATTESA","STATO_NULLAOSTA":"NON NECESSARIO","STATO_ORDINANZA":"NON NECESSARIO","PROTOCOLLO_AUT":null,"PRATICA":null,"LAVORABILE":"NO","STATO_LEGENDA":"IN ATTESA","CAMPO AWS":"NOT STARTED"},"geometry":{"type":"MultiLineString","coordinates":[[[1041740.544794925372116,5717156.204594766721129,0.0],[1041721.398705286439508,5717155.98418808542192,0.0],[1041632.114790565916337,5717176.50890950486064,0.0],[1041535.646724701626226,5717191.555494077503681,0.0],[1041476.668895614566281,5717205.216579319909215,0.0],[1041341.161092544323765,5717233.286810789257288,0.0],[1041103.123015952762216,5717283.085354012437165,0.0],[1040971.531224938109517,5717311.069442400708795,0.0],[1040758.734480463084765,5717355.528001462109387,0.0],[1040647.768711863085628,5717381.974567921832204,0.0],[1040513.645767760463059,5717410.503497015684843,0.0],[1040466.873627220396884,5717419.174072571098804,0.0],[1040329.3957952526398,5717447.327604228630662,0.0],[1040196.185946107492782,5717474.77882974781096,0.0],[1040098.498750418773852,5717494.95171585958451,0.0],[1039900.928185576456599,5717537.678811891004443,0.0],[1039714.739751208689995,5717577.139603456482291,0.0],[1039553.376823421218432,5717609.964622907340527,0.0],[1039431.447364607476629,5717635.579263771884143,0.0],[1039204.126312111970037,5717682.660841291770339,0.0],[1039018.758708964451216,5717720.102799060754478,0.0],[1038900.463587210397236,5717749.843587200157344,0.0]]]}},
{"type":"Feature","properties":{"fid":56,"TIPOLOGIA":"NO DIG","PROVINCIA":"MB","COMUNE":"CONCOREZZO","CLUSTER":"3","ROUTE":"9","ENTE":"PROVINCIA DI MB","ENTE 2":null,"LUNGHEZZA":778.44,"SPAN":"9_2","LOTTO":"2","TRATTA_ID":"TR_0056","ENTE 3":null,"MOTIVO_NO":"Manca autorizz","STATO_AUTORIZZAZIONE":"IN ATTESA","STATO_NULLAOSTA":"NON NECESSARIO","STATO_ORDINANZA":"NON NECESSARIO","PROTOCOLLO_AUT":null,"PRATICA":null,"LAVORABILE":"NO","STATO_LEGENDA":"IN ATTESA","CAMPO AWS":"NOT STARTED"},"geometry":{"type":"MultiLineString","coordinates":[[[1038443.337123336386867,5717377.540922896005213,0.0],[1038443.337123336386867,5717377.540922896005213,0.0],[1038405.540842193877324,5717349.479838606901467,0.0],[1038344.831222272478044,5717312.055479986593127,0.0],[1038264.666501038591377,5717279.978275402449071,0.0],[1038148.327644906938076,5717232.617442714981735,0.0],[1038017.011546958819963,5717184.684653025120497,0.0],[1037906.876445682253689,5717139.937014184892178,0.0],[1037823.413818901521154,5717106.074304325506091,0.0],[1037696.828622488654219,5717051.586590120568871,0.0],[1037615.036549718934111,5717021.471282692626119,0.0],[1037572.385208900202997,5716996.479735859669745,0.0],[1037541.927581332856789,5716972.877054215408862,0.0],[1037502.092540274723433,5716941.569571401923895,0.0],[1037470.389264496043324,5716909.183704840019345,0.0],[1037455.572467682883143,5716890.927546703256667,0.0]]]}},
{"type":"Feature","properties":{"fid":63,"TIPOLOGIA":"NO DIG","PROVINCIA":"MI","COMUNE":"PADERNO DUGNANO","CLUSTER":"3","ROUTE":"9","ENTE":"COMUNE","ENTE 2":null,"LUNGHEZZA":540.44,"SPAN":"9_2","LOTTO":"2","TRATTA_ID":"TR_0063","ENTE 3":null,"MOTIVO_NO":"Manca autorizz","STATO_AUTORIZZAZIONE":"IN ATTESA","STATO_NULLAOSTA":"NON NECESSARIO","STATO_ORDINANZA":"NON NECESSARIO","PROTOCOLLO_AUT":null,"PRATICA":null,"LAVORABILE":"NO","STATO_LEGENDA":"IN ATTESA","CAMPO AWS":"NOT STARTED"},"geometry":{"type":"MultiLineString","coordinates":[[[1018095.087237021536566,5713014.112539369612932,0.0],[1018039.105229765176773,5713006.101520718075335,0.0],[1017989.308252536226064,5712999.523946452885866,0.0],[1017934.762856207205914,5712990.498317781835794,0.0],[1017804.67404037876986,5712971.36302850022912,0.0],[1017622.651435050764121,5712947.742144551128149,0.0],[1017425.19991376681719,5712921.669871832244098,0.0],[1017331.290994828101248,5712910.468536797910929,0.0]]]}},
{"type":"Feature","properties":{"fid":64,"TIPOLOGIA":"NO DIG","PROVINCIA":"MI","COMUNE":"SENAGO","CLUSTER":"3","ROUTE":"9","ENTE":"COMUNE","ENTE 2":null,"LUNGHEZZA":1773.94,"SPAN":"9_2","LOTTO":"2","TRATTA_ID":"TR_0064","ENTE 3":null,"MOTIVO_NO":"Manca autorizz","STATO_AUTORIZZAZIONE":"IN ATTESA","STATO_NULLAOSTA":"NON NECESSARIO","STATO_ORDINANZA":"NON NECESSARIO","PROTOCOLLO_AUT":null,"PRATICA":null,"LAVORABILE":"NO","STATO_LEGENDA":"IN ATTESA","CAMPO AWS":"NOT STARTED"},"geometry":{"type":"MultiLineString","coordinates":[[[1017331.290994828101248,5712910.468536797910929,0.0],[1017289.438451908412389,5712905.205297398380935,0.0],[1017242.486815341748297,5712898.746693527325988,0.0],[1017204.076347566093318,5712893.916669005528092,0.0],[1017171.336122142383829,5712890.301933287642896,0.0],[1017103.317800240009092,5712882.98762334138155,0.0],[1017042.036219016998075,5712875.269463770091534,0.0],[1016985.598552752286196,5712868.754558802582324,0.0],[1016937.884092624415644,5712862.645079256035388,0.0],[1016872.985827775090002,5712853.863629193045199,0.0],[1016806.294520451803692,5712844.309801548719406,0.0],[1016738.007827280904166,5712839.537626218050718,0.0],[1016610.57903200481087,5712820.846553409472108,0.0],[1016526.4889527867781,5712808.898610749281943,0.0],[1016392.284343578037806,5712792.555299840867519,0.0],[1016260.454961067764089,5712773.095902248285711,0.0],[1016146.129370614537038,5712757.190781484358013,0.0],[1016002.716830836609006,5712739.510613905265927,0.0],[1015933.679965034127235,5712732.184491903521121,0.0],[1015909.626142203924246,5712729.386712164618075,0.0],[1015910.001444566179998,5712679.17854440677911,0.0],[1015916.661213490762748,5712587.090104499831796,0.0],[1015916.319636372150853,5712537.917995965108275,0.0],[1015914.898820354021154,5712521.072067685425282,0.0],[1015904.920988261583261,5712505.655894341878593,0.0],[1015888.441680699470453,5712495.074431444518268,0.0],[1015803.800501658581197,5712476.767094779759645,0.0],[1015683.822204987169243,5712462.601485880091786,0.0],[1015619.75704752758611,5712458.596089468337595,0.0],[1015562.470021973596886,5712456.422735393978655,0.0],[1015507.751475985976867,5712457.827923726290464,0.0],[1015443.465462142368779,5712466.134146401658654,0.0],[1015370.777945365873165,5712472.911830806173384,0.0],[1015259.494599461671896,5712478.975598484277725,0.0],[1015200.746113718487322,5712483.943308834917843,0.0],[1015161.922891885740682,5712483.942045204341412,0.0],[1015136.029061309527606,5712476.77187249623239,0.0],[1015100.861519483034499,5712460.683261513710022,0.0],[1015056.013659868389368,5712429.298916098661721,0.0]]]}},
{"type":"Feature","properties":{"fid":69,"TIPOLOGIA":"NO DIG","PROVINCIA":"MI","COMUNE":"GARBAGNATE MILANESE","CLUSTER":"3","ROUTE":"9","ENTE":"COMUNE","ENTE 2":null,"LUNGHEZZA":560.75,"SPAN":"9_2","LOTTO":"2","TRATTA_ID":"TR_0069","ENTE 3":null,"MOTIVO_NO":"Manca autorizz","STATO_AUTORIZZAZIONE":"IN ATTESA","STATO_NULLAOSTA":"NON NECESSARIO","STATO_ORDINANZA":"NON NECESSARIO","PROTOCOLLO_AUT":null,"PRATICA":null,"LAVORABILE":"NO","STATO_LEGENDA":"IN ATTESA","CAMPO AWS":"NOT STARTED"},"geometry":{"type":"MultiLineString","coordinates":[[[1012338.772921635070816,5712558.365826053544879,0.0],[1012285.910930447629653,5712557.003087654709816,0.0],[1012192.597573412465863,5712546.939939047209918,0.0],[1012118.502420336822979,5712542.276712668128312,0.0],[1012008.027383263921365,5712530.84404415730387,0.0],[1011922.268129282048903,5712523.3823072751984,0.0],[1011776.373071207199246,5712508.554099753499031,0.0],[1011689.91854367882479,5712504.327063435688615,0.0],[1011638.264984725276008,5712504.311447861604393,0.0],[1011548.05575913132634,5712515.588762383908033,0.0],[1011542.259421787341125,5712516.471943335607648,0.0]]]}},
{"type":"Feature","properties":{"fid":70,"TIPOLOGIA":"NO DIG","PROVINCIA":"MB","COMUNE":"MUGGIO","CLUSTER":"3","ROUTE":"9","ENTE":"PROVINCIA DI MB","ENTE 2":null,"LUNGHEZZA":863.49,"SPAN":"9_2","LOTTO":"2","TRATTA_ID":"TR_0070","ENTE 3":null,"MOTIVO_NO":"Manca autorizz","STATO_AUTORIZZAZIONE":"IN ATTESA","STATO_NULLAOSTA":"NON NECESSARIO","STATO_ORDINANZA":"NON NECESSARIO","PROTOCOLLO_AUT":null,"PRATICA":null,"LAVORABILE":"NO","STATO_LEGENDA":"IN ATTESA","CAMPO AWS":"NOT STARTED"},"geometry":{"type":"MultiLineString","coordinates":[[[1026380.319409938529134,5714341.246996301226318,0.0],[1026380.071174972457811,5714332.250737021677196,0.0],[1026381.54894544382114,5714300.180001351982355,0.0],[1026380.663024192443117,5714273.50843733549118,0.0],[1026378.484352403786033,5714254.863946239463985,0.0],[1026376.315437965327874,5714237.708801882341504,0.0],[1026367.623233394697309,5714224.120297598652542,0.0],[1026357.458228806266561,5714199.150370702147484,0.0],[1026333.269392222864553,5714172.129409096203744,0.0],[1026294.551662874873728,5714141.100582032464445,0.0],[1026263.179704935057089,5714126.060016568750143,0.0],[1026220.126894312677905,5714114.571454187855124,0.0],[1026119.332857491332106,5714092.929284044541419,0.0],[1026036.336558963521384,5714074.56936158426106,0.0],[1025974.25613843917381,5714060.031271917745471,0.0],[1025919.465865335892886,5714045.746046722866595,0.0],[1025814.683062175870873,5714020.085209902375937,0.0],[1025685.600737873930484,5713985.51961469464004,0.0],[1025563.83069639489986,5713954.429523749276996,0.0],[1025479.026076758163981,5713928.99814295489341,0.0],[1025417.140917762415484,5713913.722803108394146,0.0],[1025393.047327649313956,5713909.960215573199093,0.0],[1025371.667676248587668,5713910.496176922693849,0.0],[1025349.593361578532495,5713897.752392161637545,0.0],[1025330.40781836619135,5713888.878930240869522,0.0]]]}},
{"type":"Feature","properties":{"fid":71,"TIPOLOGIA":"NO DIG","PROVINCIA":"MB","COMUNE":"NOVA MILANESE","CLUSTER":"3","ROUTE":"9","ENTE":"COMUNE","ENTE 2":null,"LUNGHEZZA":1345.27,"SPAN":"9_2","LOTTO":"2","TRATTA_ID":"TR_0071","ENTE 3":null,"MOTIVO_NO":"Manca autorizz","STATO_AUTORIZZAZIONE":"IN ATTESA","STATO_NULLAOSTA":"NON NECESSARIO","STATO_ORDINANZA":"NON NECESSARIO","PROTOCOLLO_AUT":null,"PRATICA":null,"LAVORABILE":"NO","STATO_LEGENDA":"IN ATTESA","CAMPO AWS":"NOT STARTED"},"geometry":{"type":"MultiLineString","coordinates":[[[1025330.40781836619135,5713888.878930240869522,0.0],[1025300.631216090288945,5713866.895715006627142,0.0],[1025222.73085860547144,5713859.479835911653936,0.0],[1025169.721549850190058,5713854.208353953436017,0.0],[1025087.465945345000364,5713834.389727678149939,0.0],[1024974.744513421552256,5713814.859227092936635,0.0],[1024879.957303388975561,5713794.616640072315931,0.0],[1024840.812562465202063,5713795.611664641648531,0.0],[1024824.475656431750394,5713808.726678229868412,0.0],[1024816.02514242590405,5713829.169686079025269,0.0],[1024809.480243719997816,5713882.790887170471251,0.0],[1024796.226076558581553,5713943.136474179103971,0.0],[1024776.394551987294108,5713971.474716182798147,0.0],[1024737.484529831097461,5713992.239742973819375,0.0],[1024706.43042284657713,5713994.560008903965354,0.0],[1024654.170164407114498,5713986.41813525557518,0.0],[1024452.671635182457976,5713945.604269150644541,0.0],[1024314.330984750529751,5713918.556286666542292,0.0],[1024160.52636596490629,5713882.671353975310922,0.0],[1024103.90806696692016,5713871.274018499068916,0.0],[1024069.595224408665672,5713875.394267023541033,0.0],[1024037.493877966422588,5713859.976636633276939,0.0],[1023986.737674772273749,5713847.77207348216325,0.0],[1023866.131556740845554,5713822.329400073736906,0.0],[1023771.667648677714169,5713802.038386343978345,0.0],[1023728.014929632656276,5713804.042088364250958,0.0],[1023670.698252830887213,5713818.209848787635565,0.0],[1023618.428128402330913,5713837.707948697730899,0.0],[1023587.958646975108422,5713845.62986880261451,0.0]]]}},
{"type":"Feature","properties":{"fid":73,"TIPOLOGIA":"NO DIG","PROVINCIA":"MI","COMUNE":"GARBAGNATE MILANESE","CLUSTER":"3","ROUTE":"9","ENTE":"PROVINCIA DI MILANO","ENTE 2":null,"LUNGHEZZA":1178.78,"SPAN":"9_2","LOTTO":"2","TRATTA_ID":"TR_0073","ENTE 3":null,"MOTIVO_NO":"Manca autorizz","STATO_AUTORIZZAZIONE":"IN ATTESA","STATO_NULLAOSTA":"NON NECESSARIO","STATO_ORDINANZA":"NON NECESSARIO","PROTOCOLLO_AUT":null,"PRATICA":null,"LAVORABILE":"NO","STATO_LEGENDA":"IN ATTESA","CAMPO AWS":"NOT STARTED"},"geometry":{"type":"MultiLineString","coordinates":[[[1009373.774232540861703,5712408.293341766111553,0.0],[1009364.002258772263303,5712387.61481701862067,0.0],[1009341.861170864198357,5712369.100608357228339,0.0],[1009285.256124715087935,5712354.872686219401658,0.0],[1009189.131307354429737,5712338.490668158978224,0.0],[1009094.159755775821395,5712325.281676224432886,0.0],[1008952.423492436413653,5712298.206006666645408,0.0],[1008921.617111115367152,5712300.831389749422669,0.0],[1008897.01774151227437,5712295.624359504319727,0.0],[1008870.190101613057777,5712287.858315565623343,0.0],[1008816.271612180047669,5712275.047361655160785,0.0],[1008664.274250825750642,5712253.109606369398534,0.0],[1008500.564090106170624,5712227.952130191028118,0.0],[1008361.846532380441204,5712198.535989139229059,0.0],[1008246.945043214247562,5712186.604884558357298,0.0],[1008211.707237382302992,5712179.934715772978961,0.0],[1008165.765813701087609,5712172.91731580439955,0.0],[1008116.095734424656257,5712171.665508375503123,0.0],[1008077.078029539086856,5712172.31782459653914,0.0],[1008032.033789842040278,5712176.848303524777293,0.0],[1007969.078639117651619,5712190.552078189328313,0.0],[1007916.524602186400443,5712205.976777737028897,0.0],[1007817.932422805111855,5712231.571857281960547,0.0],[1007740.368232988286763,5712252.295714211650193,0.0]]]}},
{"type":"Feature","properties":{"fid":74,"TIPOLOGIA":"NO DIG","PROVINCIA":"MI","COMUNE":"LAINATE","CLUSTER":"3","ROUTE":"9","ENTE":"PROVINCIA DI MILANO","ENTE 2":null,"LUNGHEZZA":1164.33,"SPAN":"9_2","LOTTO":"2","TRATTA_ID":"TR_0074","ENTE 3":null,"MOTIVO_NO":"Manca autorizz","STATO_AUTORIZZAZIONE":"IN ATTESA","STATO_NULLAOSTA":"NON NECESSARIO","STATO_ORDINANZA":"NON NECESSARIO","PROTOCOLLO_AUT":null,"PRATICA":null,"LAVORABILE":"NO","STATO_LEGENDA":"IN ATTESA","CAMPO AWS":"NOT STARTED"},"geometry":{"type":"MultiLineString","coordinates":[[[1007621.637139144702815,5712285.686040147207677,0.0],[1007560.270889246370643,5712300.138473549857736,0.0],[1007433.171847476391122,5712331.782806059345603,0.0],[1007302.410406843177043,5712359.133941428735852,0.0],[1007235.021306377253495,5712365.236113310791552,0.0],[1007170.295619908371009,5712371.374102286063135,0.0],[1007089.464589998591691,5712371.354155156761408,0.0],[1007022.670723902177997,5712366.174802185036242,0.0],[1006956.459509830572642,5712360.173597345128655,0.0],[1006858.458235286874697,5712351.348927245475352,0.0],[1006780.309115323005244,5712346.775810574181378,0.0],[1006718.971169551135972,5712343.855452586896718,0.0],[1006618.884756505605765,5712336.624474838376045,0.0],[1006481.86526072002016,5712322.159990499727428,0.0],[1006384.672335888957605,5712317.227187777869403,0.0],[1006310.217558352742344,5712307.807275327853858,0.0],[1006172.122810089029372,5712299.869335466064513,0.0],[1006003.373701227363199,5712288.351015894673765,0.0],[1005977.314372173044831,5712273.541147440671921,0.0]]]}},
{"type":"Feature","properties":{"fid":75,"TIPOLOGIA":"NO DIG","PROVINCIA":"MB","COMUNE":"MUGGIO","CLUSTER":"3","ROUTE":"9","ENTE":"COMUNE","ENTE 2":null,"LUNGHEZZA":1459.28,"SPAN":"9_2","LOTTO":"2","TRATTA_ID":"TR_0075","ENTE 3":null,"MOTIVO_NO":"Manca autorizz","STATO_AUTORIZZAZIONE":"IN ATTESA","STATO_NULLAOSTA":"NON NECESSARIO","STATO_ORDINANZA":"NON NECESSARIO","PROTOCOLLO_AUT":null,"PRATICA":null,"LAVORABILE":"NO","STATO_LEGENDA":"IN ATTESA","CAMPO AWS":"NOT STARTED"},"geometry":{"type":"MultiLineString","coordinates":[[[1028384.040697004762478,5715252.985510985367,0.0],[1028325.869075526716188,5715267.180709023028612,0.0],[1028296.669328938121907,5715272.160529766231775,0.0],[1028256.105068536940962,5715282.980706119909883,0.0],[1028222.72872287791688,5715292.168973615393043,0.0],[1028191.666886862833053,5715297.193261264823377,0.0],[1028146.611027196398936,5715307.269043427892029,0.0],[1028051.93247344950214,5715321.748128439299762,0.0],[1027981.166713938000612,5715332.929615395143628,0.0],[1027929.196422734530643,5715324.53542105294764,0.0],[1027874.828921230742708,5715311.536197362467647,0.0],[1027809.638096380163915,5715285.747977238148451,0.0],[1027725.447417525225319,5715251.272300710901618,0.0],[1027644.519407395273447,5715211.574552827514708,0.0],[1027536.824335931567475,5715149.843497083522379,0.0],[1027399.918134427978657,5715082.089866394177079,0.0],[1027316.684643203392625,5715034.816680550575256,0.0],[1027215.73097415920347,5714987.759971393272281,0.0],[1027140.097879141103476,5714960.650622400455177,0.0],[1027108.710759245208465,5714950.583257806487381,0.0],[1027047.288170360960066,5714942.25894773658365,0.0],[1026905.870512535911985,5714911.792752893641591,0.0],[1026786.487092356430367,5714885.833025065250695,0.0],[1026660.348191816359758,5714860.466940384358168,0.0],[1026565.99907476187218,5714842.376303726807237,0.0],[1026405.318727337638848,5714842.364488644525409,0.0]]]}},
{"type":"Feature","properties":{"fid":77,"TIPOLOGIA":"SCAVO","PROVINCIA":"BG","COMUNE":"CAPRIATE SAN GERVASIO","CLUSTER":"3","ROUTE":"9","ENTE":"PROVINCIA DI BERGAMO","ENTE 2":null,"LUNGHEZZA":1070.71,"SPAN":"9_2","LOTTO":"1","TRATTA_ID":"TR_0077","ENTE 3":null,"MOTIVO_NO":"Manca autorizz","STATO_AUTORIZZAZIONE":"IN ATTESA","STATO_NULLAOSTA":"NON NECESSARIO","STATO_ORDINANZA":"NON NECESSARIO","PROTOCOLLO_AUT":null,"PRATICA":null,"LAVORABILE":"NO","STATO_LEGENDA":"IN ATTESA","CAMPO AWS":"NOT STARTED"},"geometry":{"type":"MultiLineString","coordinates":[[[1061791.636396458372474,5717956.22674470115453,0.0],[1061782.422595149604604,5717940.958920524455607,0.0],[1061773.119156792061403,5717921.149903118610382,0.0],[1061756.10805213288404,5717888.415884961374104,0.0],[1061749.230905634118244,5717874.411012948490679,0.0],[1061739.908634235383943,5717858.44664170127362,0.0],[1061728.328229429200292,5717849.754523920826614,0.0],[1061715.952822109451517,5717843.131466304883361,0.0],[1061696.160304444842041,5717839.168430941179395,0.0],[1061665.829948446014896,5717846.604163100011647,0.0],[1061642.722163321450353,5717854.215854180045426,0.0],[1061567.804317075759172,5717879.37992196995765,0.0],[1061511.108821390196681,5717899.127857817336917,0.0],[1061434.086579214548692,5717927.896853974089026,0.0],[1061366.324564134003595,5717951.962099230848253,0.0],[1061272.404923436930403,5717984.179506238549948,0.0],[1061200.053767612669617,5718009.155124764889479,0.0],[1061151.479854849399999,5718026.930505500175059,0.0],[1061101.72338307602331,5718042.505547428503633,0.0],[1061071.289490845985711,5718051.774373765103519,0.0],[1060995.938524311408401,5718066.854672266170382,0.0],[1060940.850519350264221,5718077.968702362850308,0.0],[1060896.285504670348018,5718087.202863642945886,0.0],[1060814.752125146565959,5718102.225793194025755,0.0],[1060741.341807708609849,5718116.673864053562284,0.0],[1060670.277174124261364,5718130.933949061669409,0.0],[1060609.185404154239222,5718143.727079825475812,0.0],[1060563.551480457186699,5718151.907853639684618,0.0],[1060492.135896523483098,5718168.274831039831042,0.0],[1060456.387486920924857,5718175.171563353389502,0.0],[1060427.65839048451744,5718181.049672916531563,0.0],[1060409.969009756110609,5718185.682229464873672,0.0],[1060393.239040860906243,5718187.01561004947871,0.0],[1060386.076046704314649,5718186.655926910229027,0.0],[1060385.307882788125426,5718176.492346967570484,0.0]]]}},
{"type":"Feature","properties":{"fid":78,"TIPOLOGIA":"SCAVO","PROVINCIA":"MI","COMUNE":"TREZZO SULL'ADDA","CLUSTER":"3","ROUTE":"9","ENTE":"PROVINCIA DI MILANO","ENTE 2":null,"LUNGHEZZA":321.94,"SPAN":"9_2","LOTTO":"1","TRATTA_ID":"TR_0078","ENTE 3":null,"MOTIVO_NO":"Manca autorizz","STATO_AUTORIZZAZIONE":"IN ATTESA","STATO_NULLAOSTA":"NON NECESSARIO","STATO_ORDINANZA":"NON NECESSARIO","PROTOCOLLO_AUT":null,"PRATICA":null,"LAVORABILE":"NO","STATO_LEGENDA":"IN ATTESA","CAMPO AWS":"NOT STARTED"},"geometry":{"type":"MultiLineString","coordinates":[[[1060086.903718730434775,5717984.616801058873534,0.0],[1060075.861961868824437,5717985.899762983433902,0.0],[1060068.601012781029567,5717972.603880180977285,0.0],[1060060.459914213279262,5717954.777032108046114,0.0],[1060049.414340202929452,5717934.422172040678561,0.0],[1060045.283316294662654,5717919.680303692817688,0.0],[1060036.623514882056043,5717891.249645873904228,0.0],[1060030.383120354730636,5717860.769583859480917,0.0],[1060022.657216797815636,5717830.766987542621791,0.0],[1060012.087366779567674,5717784.814501076005399,0.0],[1060003.902144983876497,5717744.292599900625646,0.0],[1059995.347074106801301,5717713.268992079421878,0.0],[1059990.557753303553909,5717690.007312064059079,0.0],[1059983.040328290080652,5717659.676719718612731,0.0],[1059977.309514265973121,5717645.272343182936311,0.0],[1059968.48619581758976,5717626.868514805100858,0.0],[1059957.665551455458626,5717615.75106196384877,0.0],[1059943.383917279774323,5717604.83722857106477,0.0],[1059917.374586005927995,5717595.32224194612354,0.0],[1059906.12038597650826,5717592.146418177522719,0.0]]]}},
{"type":"Feature","properties":{"fid":84,"TIPOLOGIA":"NO DIG","PROVINCIA":"MI","COMUNE":"PADERNO DUGNANO","CLUSTER":"3","ROUTE":"9","ENTE":"COMUNE","ENTE 2":null,"LUNGHEZZA":865.2,"SPAN":"9_2","LOTTO":"2","TRATTA_ID":"TR_0084","ENTE 3":null,"MOTIVO_NO":"Manca autorizz","STATO_AUTORIZZAZIONE":"IN ATTESA","STATO_NULLAOSTA":"NON NECESSARIO","STATO_ORDINANZA":"NON NECESSARIO","PROTOCOLLO_AUT":null,"PRATICA":null,"LAVORABILE":"NO","STATO_LEGENDA":"IN ATTESA","CAMPO AWS":"NOT STARTED"},"geometry":{"type":"MultiLineString","coordinates":[[[1019309.843396784737706,5713167.968715531751513,0.0],[1019307.964004096924327,5713167.584766552783549,0.0],[1019265.306261960067786,5713158.752966137602925,0.0],[1019203.257395110558718,5713145.271788909099996,0.0],[1019120.603140475577675,5713126.162913021631539,0.0],[1019075.080918468534946,5713116.472201734781265,0.0],[1018999.548695037025027,5713097.465014706365764,0.0],[1018934.396154897636734,5713082.280556140467525,0.0],[1018906.176335060619749,5713080.912793554365635,0.0],[1018892.596605123020709,5713094.681988278403878,0.0],[1018874.725322912447155,5713098.855716420337558,0.0],[1018861.717973602702841,5713105.857475236058235,0.0],[1018843.113658737856895,5713097.461169348098338,0.0],[1018828.893021795316599,5713141.003765639849007,0.0],[1018823.915308653027751,5713166.993341417051852,0.0],[1018803.766956707113422,5713189.112348880618811,0.0],[1018775.896765262470581,5713187.568619430996478,0.0],[1018753.902631476754323,5713183.553564134053886,0.0],[1018706.100066616316326,5713172.410208556801081,0.0],[1018668.630317712202668,5713162.846502565778792,0.0],[1018631.37187702441588,5713168.32365264557302,0.0],[1018595.643350172438659,5713170.129388098604977,0.0],[1018576.76197339000646,5713170.128947435878217,0.0],[1018482.151394862332381,5713147.793517737649381,0.0],[1018390.033056781627238,5713125.08108192961663,0.0],[1018296.505323171266355,5713102.730258107185364,0.0],[1018244.064702622126788,5713089.852710832841694,0.0],[1018174.369102354859933,5713066.580479864962399,0.0]]]}},
{"type":"Feature","properties":{"fid":85,"TIPOLOGIA":"SCAVO","PROVINCIA":"MI","COMUNE":"GARBAGNATE MILANESE","CLUSTER":"3","ROUTE":"9","ENTE":"COMUNE","ENTE 2":null,"LUNGHEZZA":1149.38,"SPAN":"9_2","LOTTO":"2","TRATTA_ID":"TR_0085","ENTE 3":null,"MOTIVO_NO":"Manca autorizz","STATO_AUTORIZZAZIONE":"IN ATTESA","STATO_NULLAOSTA":"NON NECESSARIO","STATO_ORDINANZA":"NON NECESSARIO","PROTOCOLLO_AUT":null,"PRATICA":null,"LAVORABILE":"NO","STATO_LEGENDA":"IN ATTESA","CAMPO AWS":"NOT STARTED"},"geometry":{"type":"MultiLineString","coordinates":[[[1010848.467162436572835,5712565.019568874500692,0.0],[1010801.863338481984101,5712557.752118163742125,0.0],[1010746.33002074342221,5712551.732810980640352,0.0],[1010705.240020138444379,5712545.416072924621403,0.0],[1010627.579375294968486,5712529.971420402638614,0.0],[1010610.582761833909899,5712530.480358735658228,0.0],[1010594.183778601116501,5712633.791968937963247,0.0],[1010523.681731612654403,5712626.477129287086427,0.0],[1010424.368393755634315,5712617.482685398310423,0.0],[1010285.348532548756339,5712604.749696460552514,0.0],[1010281.015558091457933,5712602.90089373011142,0.0],[1010286.805601141182706,5712504.944371329620481,0.0],[1010289.916775763849728,5712476.064928364939988,0.0],[1010267.508413602714427,5712468.76560724992305,0.0],[1010012.711128144990653,5712457.115736751817167,0.0],[1009886.979765584808774,5712455.115061986260116,0.0],[1009810.554137023747899,5712447.930763065814972,0.0],[1009673.419306957162917,5712423.383840677328408,0.0],[1009577.014178437180817,5712401.299144834280014,0.0],[1009527.42226195638068,5712381.989939914084971,0.0],[1009460.662763003609143,5712337.729108553379774,0.0]]]}},
{"type":"Feature","properties":{"fid":86,"TIPOLOGIA":"SCAVO","PROVINCIA":"PV","COMUNE":"SIZIANO","CLUSTER":"3","ROUTE":"8","ENTE":"PROVINCIA DI MILANO","ENTE 2":null,"LUNGHEZZA":247.71,"SPAN":"8_2","LOTTO":"5","TRATTA_ID":"TR_0086","ENTE 3":null,"MOTIVO_NO":"Manca autorizz","STATO_AUTORIZZAZIONE":"IN ATTESA","STATO_NULLAOSTA":"NON NECESSARIO","STATO_ORDINANZA":"NON NECESSARIO","PROTOCOLLO_AUT":null,"PRATICA":null,"LAVORABILE":"NO","STATO_LEGENDA":"IN ATTESA","CAMPO AWS":"NOT STARTED"},"geometry":{"type":"MultiLineString","coordinates":[[[1026164.731273991172202,5673013.348168689757586,0.0],[1026019.861082013463601,5672971.235923444852233,0.0],[1025952.214618131169118,5672960.481548473238945,0.0],[1025852.976754346862435,5672938.34559218864888,0.0],[1025825.384459146647714,5672951.96485439222306,0.0]]]}},
{"type":"Feature","properties":{"fid":87,"TIPOLOGIA":"NO DIG","PROVINCIA":"PV","COMUNE":"SIZIANO","CLUSTER":"3","ROUTE":"8","ENTE":"PROVINCIA DI MILANO","ENTE 2":null,"LUNGHEZZA":340.31,"SPAN":"8_2","LOTTO":"5","TRATTA_ID":"TR_0087","ENTE 3":null,"MOTIVO_NO":"Manca autorizz","STATO_AUTORIZZAZIONE":"IN ATTESA","STATO_NULLAOSTA":"NON NECESSARIO","STATO_ORDINANZA":"NON NECESSARIO","PROTOCOLLO_AUT":null,"PRATICA":null,"LAVORABILE":"NO","STATO_LEGENDA":"IN ATTESA","CAMPO AWS":"NOT STARTED"},"geometry":{"type":"MultiLineString","coordinates":[[[1027891.732453031465411,5673761.985629138536751,0.0],[1027459.42609818209894,5673545.289022549055517,0.0]]]}},
{"type":"Feature","properties":{"fid":88,"TIPOLOGIA":"NO DIG","PROVINCIA":"MI","COMUNE":"PIEVE EMANUELE","CLUSTER":"3","ROUTE":"8","ENTE":"PROVINCIA DI MILANO","ENTE 2":null,"LUNGHEZZA":453.03,"SPAN":"8_2","LOTTO":"5","TRATTA_ID":"TR_0088","ENTE 3":null,"MOTIVO_NO":"Manca autorizz","STATO_AUTORIZZAZIONE":"IN ATTESA","STATO_NULLAOSTA":"NON NECESSARIO","STATO_ORDINANZA":"NON NECESSARIO","PROTOCOLLO_AUT":null,"PRATICA":null,"LAVORABILE":"NO","STATO_LEGENDA":"IN ATTESA","CAMPO AWS":"NOT STARTED"},"geometry":{"type":"MultiLineString","coordinates":[[[1027005.497230298817158,5673320.04350864328444,0.0],[1026978.328660852857865,5673306.568084418773651,0.0],[1026769.037497143493965,5673206.84578069485724,0.0],[1026602.047047061147168,5673150.266206050291657,0.0],[1026406.096403741277754,5673089.730489376932383,0.0]]]}},
{"type":"Feature","properties":{"fid":89,"TIPOLOGIA":"NO DIG","PROVINCIA":"MI","COMUNE":"CARPIANO","CLUSTER":"3","ROUTE":"8","ENTE":"PROVINCIA DI MILANO","ENTE 2":null,"LUNGHEZZA":543.76,"SPAN":"8_1","LOTTO":"5","TRATTA_ID":"TR_0089","ENTE 3":null,"MOTIVO_NO":"Manca autorizz","STATO_AUTORIZZAZIONE":"IN ATTESA","STATO_NULLAOSTA":"NON NECESSARIO","STATO_ORDINANZA":"NON NECESSARIO","PROTOCOLLO_AUT":null,"PRATICA":null,"LAVORABILE":"NO","STATO_LEGENDA":"IN ATTESA","CAMPO AWS":"NOT STARTED"},"geometry":{"type":"MultiLineString","coordinates":[[[1029554.059191883658059,5674594.176344668492675,0.0],[1029529.574532365077175,5674574.550491271540523,0.0],[1029469.076957444427535,5674541.360868480056524,0.0],[1029401.382814145763405,5674507.693116311915219,0.0],[1029306.042053610784933,5674460.258707719855011,0.0],[1029133.850535199744627,5674376.167279162444174,0.0],[1028958.635450719273649,5674290.301776381209493,0.0],[1028866.156308406498283,5674243.781226235441864,0.0]]]}},
{"type":"Feature","properties":{"fid":90,"TIPOLOGIA":"SCAVO","PROVINCIA":"MI","COMUNE":"SAN GIULIANO MILANESE","CLUSTER":"3","ROUTE":"15","ENTE":"PROVINCIA DI MILANO","ENTE 2":null,"LUNGHEZZA":125.9,"SPAN":"15","LOTTO":"5","TRATTA_ID":"TR_0090","ENTE 3":null,"MOTIVO_NO":"Manca autorizz","STATO_AUTORIZZAZIONE":"IN ATTESA","STATO_NULLAOSTA":"NON NECESSARIO","STATO_ORDINANZA":"NON NECESSARIO","PROTOCOLLO_AUT":null,"PRATICA":null,"LAVORABILE":"NO","STATO_LEGENDA":"IN ATTESA","CAMPO AWS":"NOT STARTED"},"geometry":{"type":"MultiLineString","coordinates":[[[1034113.440267537371255,5683061.825389294885099,0.0],[1034159.483569116331637,5682999.790254909545183,0.0],[1034176.11556981690228,5682954.014856401830912,0.0],[1034178.216599809238687,5682924.453215437941253,0.0],[1034175.926918996032327,5682900.712186633609235,0.0]]]}},
{"type":"Feature","properties":{"fid":91,"TIPOLOGIA":"SCAVO","PROVINCIA":"MI","COMUNE":"SAN GIULIANO MILANESE","CLUSTER":"3","ROUTE":"15","ENTE":"PROVINCIA DI MILANO","ENTE 2":null,"LUNGHEZZA":183.49,"SPAN":"15","LOTTO":"5","TRATTA_ID":"TR_0091","ENTE 3":null,"MOTIVO_NO":"Manca autorizz","STATO_AUTORIZZAZIONE":"IN ATTESA","STATO_NULLAOSTA":"NON NECESSARIO","STATO_ORDINANZA":"NON NECESSARIO","PROTOCOLLO_AUT":null,"PRATICA":null,"LAVORABILE":"NO","STATO_LEGENDA":"IN ATTESA","CAMPO AWS":"NOT STARTED"},"geometry":{"type":"MultiLineString","coordinates":[[[1034134.552323353127576,5682816.272855429910123,0.0],[1033952.989276165841147,5682628.398495640605688,0.0]]]}},
{"type":"Feature","properties":{"fid":92,"TIPOLOGIA":"SCAVO","PROVINCIA":"MI","COMUNE":"SAN GIULIANO MILANESE","CLUSTER":"3","ROUTE":"15","ENTE":"COMUNE","ENTE 2":null,"LUNGHEZZA":141.4,"SPAN":"15","LOTTO":"5","TRATTA_ID":"TR_0092","ENTE 3":null,"MOTIVO_NO":"Manca autorizz","STATO_AUTORIZZAZIONE":"IN ATTESA","STATO_NULLAOSTA":"NON NECESSARIO","STATO_ORDINANZA":"NON NECESSARIO","PROTOCOLLO_AUT":null,"PRATICA":null,"LAVORABILE":"NO","STATO_LEGENDA":"IN ATTESA","CAMPO AWS":"NOT STARTED"},"geometry":{"type":"MultiLineString","coordinates":[[[1033987.634376253932714,5679996.326707743108273,0.0],[1033987.424830778385513,5679974.737213667482138,0.0],[1033850.084271008148789,5679858.920502425171435,0.0]]]}},
{"type":"Feature","properties":{"fid":93,"TIPOLOGIA":"SCAVO","PROVINCIA":"MI","COMUNE":"SAN GIULIANO MILANESE","CLUSTER":"3","ROUTE":"15","ENTE":"COMUNE","ENTE 2":null,"LUNGHEZZA":132.2,"SPAN":"15","LOTTO":"5","TRATTA_ID":"TR_0093","ENTE 3":null,"MOTIVO_NO":"Manca autorizz","STATO_AUTORIZZAZIONE":"IN ATTESA","STATO_NULLAOSTA":"NON NECESSARIO","STATO_ORDINANZA":"NON NECESSARIO","PROTOCOLLO_AUT":null,"PRATICA":null,"LAVORABILE":"NO","STATO_LEGENDA":"IN ATTESA","CAMPO AWS":"NOT STARTED"},"geometry":{"type":"MultiLineString","coordinates":[[[1033740.374375097337179,5679762.95595234259963,0.0],[1033614.690359917236492,5679622.883479599840939,0.0]]]}},
{"type":"Feature","properties":{"fid":94,"TIPOLOGIA":"CANALETTA","PROVINCIA":"MI","COMUNE":"SAN GIULIANO MILANESE","CLUSTER":"3","ROUTE":"15","ENTE":"COMUNE","ENTE 2":"AIPO","LUNGHEZZA":20.48,"SPAN":"15","LOTTO":"5","TRATTA_ID":"TR_0094","ENTE 3":null,"MOTIVO_NO":"Manca autorizz","STATO_AUTORIZZAZIONE":"IN ATTESA","STATO_NULLAOSTA":"NON NECESSARIO","STATO_ORDINANZA":"NON NECESSARIO","PROTOCOLLO_AUT":null,"PRATICA":null,"LAVORABILE":"NO","STATO_LEGENDA":"IN ATTESA","CAMPO AWS":"NOT STARTED"},"geometry":{"type":"MultiLineString","coordinates":[[[1033824.49684364721179,5683500.741847211495042,0.0],[1033806.3917586322641,5683477.861298807896674,0.0]]]}},
{"type":"Feature","properties":{"fid":95,"TIPOLOGIA":"CANALETTA","PROVINCIA":"MI","COMUNE":"SAN GIULIANO MILANESE","CLUSTER":"3","ROUTE":"15","ENTE":"PROVINCIA DI MILANO","ENTE 2":"RFI","LUNGHEZZA":66.78,"SPAN":"15","LOTTO":"5","TRATTA_ID":"TR_0095","ENTE 3":null,"MOTIVO_NO":"Manca autorizz","STATO_AUTORIZZAZIONE":"IN ATTESA","STATO_NULLAOSTA":"NON NECESSARIO","STATO_ORDINANZA":"NON NECESSARIO","PROTOCOLLO_AUT":null,"PRATICA":null,"LAVORABILE":"NO","STATO_LEGENDA":"IN ATTESA","CAMPO AWS":"NOT STARTED"},"geometry":{"type":"MultiLineString","coordinates":[[[1034175.926918996032327,5682900.712186633609235,0.0],[1034167.665440909215249,5682872.624052853323519,0.0],[1034157.201064279885031,5682847.840498655103147,0.0],[1034146.186040349188261,5682829.665943524800241,0.0],[1034134.552323353127576,5682816.272855429910123,0.0]]]}},
{"type":"Feature","properties":{"fid":96,"TIPOLOGIA":"CANALETTA","PROVINCIA":"MI","COMUNE":"SAN GIULIANO MILANESE","CLUSTER":"3","ROUTE":"15","ENTE":"COMUNE","ENTE 2":"AUTOSTRADE","LUNGHEZZA":103.57,"SPAN":"15","LOTTO":"5","TRATTA_ID":"TR_0096","ENTE 3":null,"MOTIVO_NO":"Manca autorizz","STATO_AUTORIZZAZIONE":"IN ATTESA","STATO_NULLAOSTA":"NON NECESSARIO","STATO_ORDINANZA":"NON NECESSARIO","PROTOCOLLO_AUT":null,"PRATICA":null,"LAVORABILE":"NO","STATO_LEGENDA":"IN ATTESA","CAMPO AWS":"NOT STARTED"},"geometry":{"type":"MultiLineString","coordinates":[[[1033851.430880442261696,5679859.38604383263737,0.0],[1033739.709090196178295,5679763.269070990383625,0.0]]]}},
{"type":"Feature","properties":{"fid":97,"TIPOLOGIA":"NO DIG","PROVINCIA":"MI","COMUNE":"SAN GIULIANO MILANESE","CLUSTER":"3","ROUTE":"15","ENTE":"PROVINCIA DI MILANO","ENTE 2":null,"LUNGHEZZA":381.98,"SPAN":"15","LOTTO":"5","TRATTA_ID":"TR_0097","ENTE 3":null,"MOTIVO_NO":"Manca autorizz","STATO_AUTORIZZAZIONE":"IN ATTESA","STATO_NULLAOSTA":"NON NECESSARIO","STATO_ORDINANZA":"NON NECESSARIO","PROTOCOLLO_AUT":null,"PRATICA":null,"LAVORABILE":"NO","STATO_LEGENDA":"IN ATTESA","CAMPO AWS":"NOT STARTED"},"geometry":{"type":"MultiLineString","coordinates":[[[1033806.3917586322641,5683477.861298807896674,0.0],[1033787.051258753752336,5683427.789801410399377,0.0],[1033961.028957510250621,5683233.539872110821307,0.0],[1034062.173154034418985,5683121.710448445752263,0.0],[1034113.440267537371255,5683061.825389294885099,0.0]]]}},
{"type":"Feature","properties":{"fid":98,"TIPOLOGIA":"NO DIG","PROVINCIA":"MI","COMUNE":"SAN GIULIANO MILANESE","CLUSTER":"3","ROUTE":"15","ENTE":"PROVINCIA DI MILANO","ENTE 2":null,"LUNGHEZZA":1196.49,"SPAN":"15","LOTTO":"5","TRATTA_ID":"TR_0098","ENTE 3":null,"MOTIVO_NO":"Manca autorizz","STATO_AUTORIZZAZIONE":"IN ATTESA","STATO_NULLAOSTA":"NON NECESSARIO","STATO_ORDINANZA":"NON NECESSARIO","PROTOCOLLO_AUT":null,"PRATICA":null,"LAVORABILE":"NO","STATO_LEGENDA":"IN ATTESA","CAMPO AWS":"NOT STARTED"},"geometry":{"type":"MultiLineString","coordinates":[[[1033952.989276165841147,5682628.398495640605688,0.0],[1033807.875229674391448,5682472.306251496076584,0.0],[1033628.873623962746933,5682301.745224322192371,0.0],[1033501.079422605922446,5682178.368952329270542,0.0],[1033356.891975512960926,5682109.011331255547702,0.0],[1033292.398056479287334,5682094.411516538821161,0.0],[1033209.042948620859534,5682094.806065180338919,0.0],[1033063.076556581072509,5682107.757179025560617,0.0],[1032668.866740882862359,5682138.159377843141556,0.0],[1032456.846437262254767,5682151.287143616937101,0.0]]]}},
{"type":"Feature","properties":{"fid":99,"TIPOLOGIA":"NO DIG","PROVINCIA":"MI","COMUNE":"SAN GIULIANO MILANESE","CLUSTER":"3","ROUTE":"15","ENTE":"COMUNE","ENTE 2":"AUTOSTRADE","LUNGHEZZA":976.59,"SPAN":"15","LOTTO":"5","TRATTA_ID":"TR_0099","ENTE 3":null,"MOTIVO_NO":"Manca autorizz","STATO_AUTORIZZAZIONE":"IN ATTESA","STATO_NULLAOSTA":"NON NECESSARIO","STATO_ORDINANZA":"NON NECESSARIO","PROTOCOLLO_AUT":null,"PRATICA":null,"LAVORABILE":"NO","STATO_LEGENDA":"IN ATTESA","CAMPO AWS":"NOT STARTED"},"geometry":{"type":"MultiLineString","coordinates":[[[1033049.550593738909811,5680763.750110566616058,0.0],[1033207.425033116829582,5680566.079182133078575,0.0],[1033330.832619091379456,5680416.679144403897226,0.0],[1033433.74516842328012,5680292.492724980227649,0.0],[1033513.005924044409767,5680198.985217311419547,0.0],[1033629.112465440412052,5680055.445824604481459,0.0],[1033735.85941967042163,5679926.131858792155981,0.0],[1033774.208796732709743,5679886.10495020262897,0.0],[1033798.755067156627774,5679880.038408135063946,0.0],[1033822.000306527595967,5679882.055187338963151,0.0],[1033988.657501654233783,5679998.474014540202916,0.0]]]}},
{"type":"Feature","properties":{"fid":100,"TIPOLOGIA":"NO DIG","PROVINCIA":"MI","COMUNE":"SAN GIULIANO MILANESE","CLUSTER":"3","ROUTE":"15","ENTE":"COMUNE","ENTE 2":null,"LUNGHEZZA":910.21,"SPAN":"15","LOTTO":"5","TRATTA_ID":"TR_0100","ENTE 3":null,"MOTIVO_NO":"Manca autorizz","STATO_AUTORIZZAZIONE":"IN ATTESA","STATO_NULLAOSTA":"NON NECESSARIO","STATO_ORDINANZA":"NON NECESSARIO","PROTOCOLLO_AUT":null,"PRATICA":null,"LAVORABILE":"NO","STATO_LEGENDA":"IN ATTESA","CAMPO AWS":"NOT STARTED"},"geometry":{"type":"MultiLineString","coordinates":[[[1033614.750899327802472,5679622.57922821585089,0.0],[1033348.591158930328675,5679393.942571930587292,0.0],[1033190.373291981639341,5679257.630043166689575,0.0],[1033171.998337369645014,5679243.973452599719167,0.0],[1032967.672643183497712,5679076.202411936596036,0.0],[1032588.304787438595667,5678838.079322858713567,0.0]]]}},
{"type":"Feature","properties":{"fid":101,"TIPOLOGIA":"NO DIG","PROVINCIA":"MI","COMUNE":"CARPIANO","CLUSTER":"3","ROUTE":"15","ENTE":"COMUNE","ENTE 2":null,"LUNGHEZZA":1920.94,"SPAN":"15","LOTTO":"5","TRATTA_ID":"TR_0101","ENTE 3":null,"MOTIVO_NO":"Manca autorizz","STATO_AUTORIZZAZIONE":"IN ATTESA","STATO_NULLAOSTA":"NON NECESSARIO","STATO_ORDINANZA":"NON NECESSARIO","PROTOCOLLO_AUT":null,"PRATICA":null,"LAVORABILE":"NO","STATO_LEGENDA":"IN ATTESA","CAMPO AWS":"NOT STARTED"},"geometry":{"type":"MultiLineString","coordinates":[[[1031006.594269298482686,5677401.509269044734538,0.0],[1030968.717711789533496,5677377.94177617225796,0.0],[1030934.370696776546538,5677348.217816217802465,0.0],[1030824.858796268817969,5677291.33205818478018,0.0],[1030649.208942073513754,5677208.158736071549356,0.0],[1030485.822093309252523,5677137.043911043554544,0.0],[1030516.801708994898945,5677064.638513815589249,0.0],[1030537.103315372951329,5676982.888932342641056,0.0],[1030562.406302026240155,5676933.591379452496767,0.0],[1030595.932192628737539,5676878.156708560883999,0.0],[1030643.380383967305534,5676827.81792383082211,0.0],[1030706.418307106592692,5676789.736578801646829,0.0],[1030773.439034121925943,5676758.524504010565579,0.0],[1030873.924684556783177,5676620.783297803252935,0.0],[1030935.866178969969042,5676486.843913750723004,0.0],[1030994.269134666887112,5676397.157660759054124,0.0],[1031072.576424913248047,5676294.268179736100137,0.0],[1031176.39839267602656,5676173.326485202647746,0.0],[1031212.247517090290785,5676138.081932598724961,0.0],[1031407.244090636144392,5675979.694114550948143,0.0],[1031608.864167658379301,5675803.731025908142328,0.0],[1031721.862100666505285,5675705.952094498090446,0.0],[1031749.199388862238266,5675701.628070158883929,0.0],[1031792.132858182070777,5675719.00990916416049,0.0],[1031832.49024564109277,5675754.884667292237282,0.0],[1031848.110312181757763,5675779.380191610194743,0.0],[1031894.300321843125857,5675744.886819711886346,0.0]]]}},
{"type":"Feature","properties":{"fid":102,"TIPOLOGIA":"NO DIG","PROVINCIA":"MI","COMUNE":"CARPIANO","CLUSTER":"3","ROUTE":"15","ENTE":"PROVINCIA DI MILANO","ENTE 2":null,"LUNGHEZZA":1102.37,"SPAN":"15","LOTTO":"5","TRATTA_ID":"TR_0102","ENTE 3":null,"MOTIVO_NO":"Manca autorizz","STATO_AUTORIZZAZIONE":"IN ATTESA","STATO_NULLAOSTA":"NON NECESSARIO","STATO_ORDINANZA":"NON NECESSARIO","PROTOCOLLO_AUT":null,"PRATICA":null,"LAVORABILE":"NO","STATO_LEGENDA":"IN ATTESA","CAMPO AWS":"NOT STARTED"},"geometry":{"type":"MultiLineString","coordinates":[[[1030962.052922086208127,5675279.330092606134713,0.0],[1030761.795442576752976,5675180.312753643840551,0.0],[1030488.306174942292273,5675043.127988296560943,0.0],[1030200.623919254983775,5674901.612839048728347,0.0],[1029860.523459751508199,5674733.230850207619369,0.0],[1029647.806002846220508,5674626.669061351567507,0.0],[1029554.059191883658059,5674594.176344668492675,0.0]]]}},
{"type":"Feature","properties":{"fid":103,"TIPOLOGIA":"SCAVO","PROVINCIA":"MI","COMUNE":"PERO","CLUSTER":"3","ROUTE":"18","ENTE":"COMUNE","ENTE 2":"SATAP","LUNGHEZZA":701.58,"SPAN":"18","LOTTO":"1A","TRATTA_ID":"TR_0103","ENTE 3":"EST VILLORESI","MOTIVO_NO":"Manca autorizz | Manca nulla osta","STATO_AUTORIZZAZIONE":"PROTOCOLLATO","STATO_NULLAOSTA":"PROTOCOLLATO INTEGRAZIONE","STATO_ORDINANZA":"NON NECESSARIO","PROTOCOLLO_AUT":"2026/05/13","PRATICA":"AUT/24/1A | NO/22/1A | NO/26/1A | NO/28/1A","LAVORABILE":"NO","STATO_LEGENDA":"PROTOCOLLATO","CAMPO AWS":"ON GOING"},"geometry":{"type":"MultiLineString","coordinates":[[[1010443.678879097569734,5703051.879875035956502,0.0],[1010432.919929474592209,5703057.826639917679131,0.0],[1010415.705610077944584,5703067.529256307519972,0.0],[1010388.162699043052271,5703083.804612825624645,0.0],[1010287.693671291228384,5703133.88263288885355,0.0],[1010208.820789691526443,5703174.884011816233397,0.0],[1010128.382969964877702,5703232.160747263580561,0.0],[1009947.789110111887567,5703366.745426181703806,0.0],[1009897.085114797926508,5703407.746805110014975,0.0],[1009853.110353429801762,5703447.026752099394798,0.0],[1009811.952480690320954,5703481.142403266392648,0.0],[1009793.329716979176737,5703487.245661961846054,0.0],[1009807.883641559979878,5703501.956080353818834,0.0],[1009673.103345374111086,5703618.465723903849721,0.0],[1009666.256741068675183,5703632.315426332876086,0.0]]]}},
{"type":"Feature","properties":{"fid":104,"TIPOLOGIA":"NO DIG","PROVINCIA":"MI","COMUNE":"SAN DONATO MILANESE","CLUSTER":"3","ROUTE":"14","ENTE":"COMUNE","ENTE 2":null,"LUNGHEZZA":232.29,"SPAN":"14_1","LOTTO":"5","TRATTA_ID":"TR_0104","ENTE 3":null,"MOTIVO_NO":"Manca autorizz","STATO_AUTORIZZAZIONE":"IN ATTESA","STATO_NULLAOSTA":"NON NECESSARIO","STATO_ORDINANZA":"NON NECESSARIO","PROTOCOLLO_AUT":null,"PRATICA":null,"LAVORABILE":"NO","STATO_LEGENDA":"IN ATTESA","CAMPO AWS":"NOT STARTED"},"geometry":{"type":"MultiLineString","coordinates":[[[1031311.860418729833327,5686894.574975113384426,0.0],[1031299.13112546026241,5686906.104047704488039,0.0],[1031203.57376554433722,5687031.418455673381686,0.0],[1031114.381636016303673,5687159.76309719029814,0.0]]]}},
{"type":"Feature","properties":{"fid":105,"TIPOLOGIA":"NO DIG","PROVINCIA":"MI","COMUNE":"MILANO","CLUSTER":"3","ROUTE":"14","ENTE":"COMUNE","ENTE 2":null,"LUNGHEZZA":639.85,"SPAN":"14_1","LOTTO":"5","TRATTA_ID":"TR_0105","ENTE 3":null,"MOTIVO_NO":"Manca autorizz","STATO_AUTORIZZAZIONE":"IN ATTESA","STATO_NULLAOSTA":"NON NECESSARIO","STATO_ORDINANZA":"NON NECESSARIO","PROTOCOLLO_AUT":null,"PRATICA":null,"LAVORABILE":"NO","STATO_LEGENDA":"IN ATTESA","CAMPO AWS":"NOT STARTED"},"geometry":{"type":"MultiLineString","coordinates":[[[1029433.794004134717397,5689306.187069435603917,0.0],[1029416.97000436950475,5689321.962223232723773,0.0],[1029301.608450839295983,5689400.389785467647016,0.0],[1029232.481776539818384,5689470.936168629676104,0.0],[1029040.893632281804457,5689600.220958943478763,0.0],[1028872.347772699315101,5689716.173528855666518,0.0],[1028744.270158360130154,5689801.790506457909942,0.0],[1028694.880844717263244,5689836.104349385015666,0.0]]]}},
{"type":"Feature","properties":{"fid":106,"TIPOLOGIA":"SCAVO","PROVINCIA":"MI","COMUNE":"SAN DONATO MILANESE","CLUSTER":"3","ROUTE":"14","ENTE":"COMUNE","ENTE 2":null,"LUNGHEZZA":635.5,"SPAN":"14_1","LOTTO":"5","TRATTA_ID":"TR_0106","ENTE 3":null,"MOTIVO_NO":"Manca autorizz","STATO_AUTORIZZAZIONE":"IN ATTESA","STATO_NULLAOSTA":"NON NECESSARIO","STATO_ORDINANZA":"NON NECESSARIO","PROTOCOLLO_AUT":null,"PRATICA":null,"LAVORABILE":"NO","STATO_LEGENDA":"IN ATTESA","CAMPO AWS":"NOT STARTED"},"geometry":{"type":"MultiLineString","coordinates":[[[1031782.358769236481749,5686182.94116607028991,0.0],[1031771.238321078708395,5686196.525848623365164,0.0],[1031769.754023660556413,5686205.434771969914436,0.0],[1031769.654615335981362,5686206.344786473549902,0.0],[1031776.622897391789593,5686211.307052274234593,0.0],[1031786.336277878959663,5686222.815282819792628,0.0],[1031801.2231145669939,5686230.417036345228553,0.0],[1031798.583619602140971,5686235.590480367653072,0.0],[1031805.129623679444194,5686239.919263330288231,0.0],[1031791.676457121502608,5686260.711763372644782,0.0],[1031768.205975845106877,5686289.036238492466509,0.0],[1031745.507826710236259,5686305.72273628693074,0.0],[1031730.117369450163096,5686317.71324104629457,0.0],[1031709.748526583542116,5686342.545391325838864,0.0],[1031692.868753942893818,5686367.963361109606922,0.0],[1031653.600541905849241,5686421.115232264623046,0.0],[1031563.196551292319782,5686543.882125463336706,0.0],[1031547.282629962544888,5686566.974846036173403,0.0],[1031548.056944300886244,5686575.708369995467365,0.0],[1031484.674795086146332,5686664.574169107712805,0.0],[1031437.957429336966015,5686723.825807489454746,0.0],[1031390.563341780565679,5686788.162743076682091,0.0],[1031348.509543542517349,5686845.528671748936176,0.0],[1031311.860418729833327,5686894.574975113384426,0.0]]]}},
{"type":"Feature","properties":{"fid":107,"TIPOLOGIA":"SCAVO","PROVINCIA":"MI","COMUNE":"SAN DONATO MILANESE","CLUSTER":"3","ROUTE":"14","ENTE":"COMUNE","ENTE 2":null,"LUNGHEZZA":1318.86,"SPAN":"14_1","LOTTO":"5","TRATTA_ID":"TR_0107","ENTE 3":null,"MOTIVO_NO":"Manca autorizz","STATO_AUTORIZZAZIONE":"IN ATTESA","STATO_NULLAOSTA":"NON NECESSARIO","STATO_ORDINANZA":"NON NECESSARIO","PROTOCOLLO_AUT":null,"PRATICA":null,"LAVORABILE":"NO","STATO_LEGENDA":"IN ATTESA","CAMPO AWS":"NOT STARTED"},"geometry":{"type":"MultiLineString","coordinates":[[[1031114.381636016303673,5687159.76309719029814,0.0],[1031104.014941874542274,5687177.357965115457773,0.0],[1031096.976988107082434,5687179.260111930780113,0.0],[1031084.708079625735991,5687195.047961193136871,0.0],[1031082.520583175006323,5687201.039748537354171,0.0],[1031057.72542699764017,5687236.642695311456919,0.0],[1031016.901227715658024,5687293.732481120154262,0.0],[1030978.915489612845704,5687347.15905309189111,0.0],[1030928.884583909413777,5687417.951613035053015,0.0],[1030920.331564505584538,5687438.379754107445478,0.0],[1030901.418109970167279,5687465.095415590330958,0.0],[1030894.162311448948458,5687475.911914891563356,0.0],[1030892.310495909769088,5687484.376388470642269,0.0],[1030889.929700268548913,5687490.460211588069797,0.0],[1030886.623128064675257,5687495.0891780173406,0.0],[1030874.851969364681281,5687501.040532993152738,0.0],[1030867.313122174586169,5687504.875852714292705,0.0],[1030826.004418209777214,5687560.563701414503157,0.0],[1030776.023354571079835,5687630.094620029442012,0.0],[1030764.119307906250469,5687646.759822201915085,0.0],[1030765.177064952207729,5687655.356792108155787,0.0],[1030748.90799944428727,5687680.750233739614487,0.0],[1030738.856097745941952,5687682.204706567339599,0.0],[1030708.965341703384183,5687722.871602868661284,0.0],[1030664.975021757185459,5687783.797482954338193,0.0],[1030616.317994531826116,5687851.034907558001578,0.0],[1030585.82623907958623,5687892.725704171694815,0.0],[1030579.417118821060285,5687907.303558725863695,0.0],[1030578.49086521321442,5687914.181252550333738,0.0],[1030581.928837582119741,5687929.656415385194123,0.0],[1030580.208794178324752,5687939.928523817099631,0.0],[1030577.166230137459934,5687947.996501591056585,0.0],[1030572.801112049957737,5687954.344964443705976,0.0],[1030566.981117872521281,5687959.899754470214248,0.0],[1030559.177257501054555,5687963.470450260676444,0.0],[1030553.225207027280703,5687965.321804414503276,0.0],[1030548.199077007826418,5687966.115088333375752,0.0],[1030543.437517428188585,5687966.247062841430306,0.0],[1030538.543604875681922,5687967.701679229736328,0.0],[1030531.003836194169708,5687975.331500036641955,0.0],[1030524.654804918100126,5687979.96037554834038,0.0],[1030491.756665371241979,5688023.605871427804232,0.0],[1030462.400074941804633,5688064.025180969387293,0.0],[1030432.901459387387149,5688105.381173680536449,0.0],[1030430.241578872315586,5688114.725511536933482,0.0],[1030391.085620273370296,5688175.363341881893575,0.0],[1030382.840473104151897,5688192.58335005864501,0.0],[1030379.177735001314431,5688207.291268807835877,0.0],[1030381.080366137088276,5688230.756273992359638,0.0],[1030371.949476751149632,5688244.043280589394271,0.0],[1030361.648600314860232,5688249.704834802076221,0.0],[1030353.019182807416655,5688251.906308530829847,0.0],[1030338.915531091508456,5688251.906322982162237,0.0],[1030320.549483683775179,5688264.182716423645616,0.0],[1030292.587969124899246,5688303.418317749164999,0.0],[1030244.273567612399347,5688369.29413999710232,0.0],[1030213.182283879374154,5688411.683299707248807,0.0],[1030195.923839962575585,5688436.413698255084455,0.0],[1030195.407114793895744,5688445.357484064996243,0.0],[1030196.329156210646033,5688453.13021357730031,0.0],[1030200.017709699459374,5688463.669561576098204,0.0],[1030201.466783865820616,5688468.017044347710907,0.0],[1030177.07389227184467,5688494.781204995699227,0.0],[1030160.773681345395744,5688498.04414433799684,0.0],[1030136.161912362906151,5688513.247102114371955,0.0],[1030113.358942729071714,5688539.012618356384337,0.0],[1030070.208729666541331,5688589.386015963740647,0.0],[1030052.846113190753385,5688606.186570427380502,0.0],[1030035.345581357716583,5688591.346056348644197,0.0]]]}},
{"type":"Feature","properties":{"fid":108,"TIPOLOGIA":"SCAVO","PROVINCIA":"MI","COMUNE":"MILANO","CLUSTER":"3","ROUTE":"39","ENTE":"COMUNE","ENTE 2":null,"LUNGHEZZA":617.8,"SPAN":"39_1","LOTTO":"5","TRATTA_ID":"TR_0108","ENTE 3":null,"MOTIVO_NO":"Manca autorizz","STATO_AUTORIZZAZIONE":"IN ATTESA","STATO_NULLAOSTA":"NON NECESSARIO","STATO_ORDINANZA":"NON NECESSARIO","PROTOCOLLO_AUT":null,"PRATICA":null,"LAVORABILE":"NO","STATO_LEGENDA":"IN ATTESA","CAMPO AWS":"NOT STARTED"},"geometry":{"type":"MultiLineString","coordinates":[[[1028350.006356882047839,5694523.848300755955279,0.0],[1028412.839252369129099,5694523.23252369184047,0.0],[1028428.470924746361561,5694513.295687130652368,0.0],[1028463.282244757865556,5694525.768514210358262,0.0],[1028554.078586982563138,5694528.753242079168558,0.0],[1028589.948368491604924,5694531.123236934654415,0.0],[1028640.391747978050262,5694538.139230863191187,0.0],[1028687.814888482564129,5694538.800525295548141,0.0],[1028758.346036078990437,5694538.347585909068584,0.0],[1028858.788487646961585,5694539.225112386979163,0.0],[1029008.445651002926752,5694536.982153094373643,0.0],[1029142.587754515116103,5694537.181911400519311,0.0],[1029223.575724921538495,5694533.24047243129462,0.0]]]}},
{"type":"Feature","properties":{"fid":109,"TIPOLOGIA":"SCAVO","PROVINCIA":"MI","COMUNE":"SEGRATE","CLUSTER":"3","ROUTE":"39","ENTE":"PROVINCIA DI MILANO","ENTE 2":null,"LUNGHEZZA":693.99,"SPAN":"39_1","LOTTO":"5","TRATTA_ID":"TR_0109","ENTE 3":null,"MOTIVO_NO":"Manca autorizz","STATO_AUTORIZZAZIONE":"IN ATTESA","STATO_NULLAOSTA":"NON NECESSARIO","STATO_ORDINANZA":"NON NECESSARIO","PROTOCOLLO_AUT":null,"PRATICA":null,"LAVORABILE":"NO","STATO_LEGENDA":"IN ATTESA","CAMPO AWS":"NOT STARTED"},"geometry":{"type":"MultiLineString","coordinates":[[[1033841.052101558656432,5696470.84853670373559,0.0],[1033852.023378291982226,5696481.727997085079551,0.0],[1033877.757893367437646,5696494.784636715427041,0.0],[1033914.278278491110541,5696515.220963267609477,0.0],[1033960.827928868704475,5696554.390473791398108,0.0],[1033981.721489802002907,5696573.051569796167314,0.0],[1033994.96732975076884,5696571.726862385869026,0.0],[1034009.437481228262186,5696567.487679849378765,0.0],[1034030.991519504226744,5696578.044836143963039,0.0],[1034042.8682621717453,5696605.75728031154722,0.0],[1034065.302224997081794,5696634.789376310072839,0.0],[1034066.181988609605469,5696635.669137621298432,0.0],[1034092.135148893343285,5696661.622051309794188,0.0],[1034093.014915568986908,5696662.06192743871361,0.0],[1034118.688188593019731,5696676.375036835670471,0.0],[1034161.755773059208877,5696694.020372118800879,0.0],[1034217.441982950083911,5696716.749693593941629,0.0],[1034277.957938335021026,5696741.871265350840986,0.0],[1034341.394295388017781,5696767.105580153875053,0.0],[1034406.388476784690283,5696793.473437931388617,0.0],[1034448.26075971708633,5696810.519489540718496,0.0],[1034479.418221460538916,5696817.397042191587389,0.0],[1034525.477492308942601,5696825.769165246747434,0.0],[1034589.051261331769638,5696837.703347619622946,0.0],[1034638.699688245076686,5696844.579271885566413,0.0],[1034683.333536492311396,5696846.488279704004526,0.0],[1034715.004903984488919,5696841.387560397386551,0.0]]]}},
{"type":"Feature","properties":{"fid":110,"TIPOLOGIA":"SCAVO","PROVINCIA":"MI","COMUNE":"SEGRATE","CLUSTER":"3","ROUTE":"39","ENTE":"PROVINCIA DI MILANO","ENTE 2":null,"LUNGHEZZA":892.08,"SPAN":"39_1","LOTTO":"5","TRATTA_ID":"TR_0110","ENTE 3":null,"MOTIVO_NO":"Manca autorizz","STATO_AUTORIZZAZIONE":"IN ATTESA","STATO_NULLAOSTA":"NON NECESSARIO","STATO_ORDINANZA":"NON NECESSARIO","PROTOCOLLO_AUT":null,"PRATICA":null,"LAVORABILE":"NO","STATO_LEGENDA":"IN ATTESA","CAMPO AWS":"NOT STARTED"},"geometry":{"type":"MultiLineString","coordinates":[[[1034868.888381301192567,5696866.024759754538536,0.0],[1034890.814954346162267,5696872.742946855723858,0.0],[1034984.808982103597373,5696888.295700329355896,0.0],[1035041.160737426369451,5696899.339977218769491,0.0],[1035097.416936942259781,5696912.863398566842079,0.0],[1035117.02721715066582,5696907.678648579865694,0.0],[1035136.186769264284521,5696905.649550471454859,0.0],[1035163.911980118486099,5696908.128310183994472,0.0],[1035235.751898318179883,5696919.847184682264924,0.0],[1035302.085548283066601,5696929.762486829422414,0.0],[1035347.339635457610711,5696939.678322657011449,0.0],[1035378.446466518449597,5696949.594751900993288,0.0],[1035401.725319008459337,5696957.482683448120952,0.0],[1035445.535924945026636,5696959.734279820695519,0.0],[1035502.62409871420823,5696959.054542833007872,0.0],[1035554.78889093210455,5696959.276354358531535,0.0],[1035590.403409891645424,5696961.302444543689489,0.0],[1035619.030255405348726,5696961.976515229791403,0.0],[1035641.571198483579792,5696963.327218625694513,0.0],[1035663.857391197467223,5696958.817143676802516,0.0],[1035665.779775611823425,5696942.626388290897012,0.0],[1035671.46549548546318,5696932.597194336354733,0.0],[1035671.937801619758829,5696932.355174902826548,0.0],[1035680.530543151311576,5696925.389497292228043,0.0],[1035692.241134417708963,5696922.299692147411406,0.0],[1035727.361068113241345,5696922.773356606252491,0.0],[1035732.178238601773046,5696936.241569673642516,0.0],[1035738.277042620000429,5696947.844360289163888,0.0],[1035746.4235302307643,5696960.499362044036388,0.0],[1035758.081138449371792,5696971.911321567371488,0.0],[1035769.200782661791891,5696981.446906532160938,0.0],[1035778.934120721882209,5696985.703261765651405,0.0],[1035798.944102553767152,5696988.788005573675036,0.0],[1035828.798960598418489,5696991.970858897082508,0.0],[1035853.956009734189138,5696994.395795731805265,0.0],[1035867.446270331740379,5696994.698772151954472,0.0],[1035878.056574605638161,5696993.94074206519872,0.0],[1035878.359727747621946,5696993.940737644210458,0.0],[1035912.616070169373415,5697000.306384637951851,0.0],[1035947.20765175903216,5697005.796394889242947,0.0],[1035994.348263439256698,5697016.860309856943786,0.0],[1036039.343653935124166,5697026.256659267470241,0.0],[1036056.775243067881092,5697032.319171834737062,0.0],[1036065.263783091446385,5697037.624089795164764,0.0]]]}},
{"type":"Feature","properties":{"fid":111,"TIPOLOGIA":"SCAVO","PROVINCIA":"MI","COMUNE":"PIOLTELLO","CLUSTER":"3","ROUTE":"39","ENTE":"COMUNE","ENTE 2":null,"LUNGHEZZA":299.39,"SPAN":"39_1","LOTTO":"5","TRATTA_ID":"TR_0111","ENTE 3":null,"MOTIVO_NO":"Manca autorizz","STATO_AUTORIZZAZIONE":"IN ATTESA","STATO_NULLAOSTA":"NON NECESSARIO","STATO_ORDINANZA":"NON NECESSARIO","PROTOCOLLO_AUT":null,"PRATICA":null,"LAVORABILE":"NO","STATO_LEGENDA":"IN ATTESA","CAMPO AWS":"NOT STARTED"},"geometry":{"type":"MultiLineString","coordinates":[[[1036065.433871147804894,5697037.742938596755266,0.0],[1036108.370281306910329,5697044.093030080199242,0.0],[1036139.249824016820639,5697046.990531953051686,0.0],[1036172.896941094310023,5697049.701073077507317,0.0],[1036200.848859607242048,5697053.000437019392848,0.0],[1036208.02390100993216,5697055.529478890821338,0.0],[1036259.039269051980227,5697061.777205622754991,0.0],[1036310.228003259981051,5697067.466684632003307,0.0],[1036360.823458673432469,5697071.011063796468079,0.0],[1036417.939173634513281,5697072.786342104896903,0.0],[1036455.193443048628978,5697071.574376031756401,0.0],[1036471.654871898237616,5697068.831371747888625,0.0],[1036482.852103664423339,5697082.472504670731723,0.0]]]}},
{"type":"Feature","properties":{"fid":112,"TIPOLOGIA":"SCAVO","PROVINCIA":"MI","COMUNE":"PIOLTELLO","CLUSTER":"3","ROUTE":"39","ENTE":"COMUNE","ENTE 2":null,"LUNGHEZZA":709.83,"SPAN":"39_1","LOTTO":"5","TRATTA_ID":"TR_0112","ENTE 3":null,"MOTIVO_NO":"Manca autorizz","STATO_AUTORIZZAZIONE":"IN ATTESA","STATO_NULLAOSTA":"NON NECESSARIO","STATO_ORDINANZA":"NON NECESSARIO","PROTOCOLLO_AUT":null,"PRATICA":null,"LAVORABILE":"NO","STATO_LEGENDA":"IN ATTESA","CAMPO AWS":"NOT STARTED"},"geometry":{"type":"MultiLineString","coordinates":[[[1037403.128977863234468,5697597.166959755122662,0.0],[1037411.999681485700421,5697599.487099416553974,0.0],[1037423.732062427559868,5697603.3095045639202,0.0],[1037431.234451173222624,5697600.346391793340445,0.0],[1037449.606261302600615,5697600.469470971263945,0.0],[1037475.611387331038713,5697606.301008032634854,0.0],[1037509.661030076793395,5697615.961504386737943,0.0],[1037547.124558356590569,5697632.416146107017994,0.0],[1037568.551020260667428,5697641.462476532906294,0.0],[1037590.824125129613094,5697647.862823412753642,0.0],[1037608.455839920905419,5697652.15241118054837,0.0],[1037628.104489612043835,5697655.109173736535013,0.0],[1037653.50589139026124,5697655.430588956922293,0.0],[1037730.369216285995208,5697655.965641349554062,0.0],[1037814.286681040422991,5697656.071154407225549,0.0],[1037836.580034992890432,5697653.712642226368189,0.0],[1037856.197792953113094,5697651.568510124459863,0.0],[1037884.707270095706917,5697650.281490102410316,0.0],[1037881.386704387958162,5697711.690124601125717,0.0],[1037879.45965878572315,5697780.078012779355049,0.0],[1037876.032541596679948,5697864.183708448894322,0.0],[1037874.533841170603409,5697922.856944555416703,0.0],[1037872.27931070420891,5697979.867877376265824,0.0],[1037888.043468994204886,5697983.900033910758793,0.0],[1037847.721707218675874,5698152.462166234850883,0.0],[1037847.57158526184503,5698153.172619842924178,0.0]]]}},
{"type":"Feature","properties":{"fid":113,"TIPOLOGIA":"SCAVO","PROVINCIA":"MI","COMUNE":"PIOLTELLO","CLUSTER":"3","ROUTE":"39","ENTE":"COMUNE","ENTE 2":null,"LUNGHEZZA":367.02,"SPAN":"39_1","LOTTO":"5","TRATTA_ID":"TR_0113","ENTE 3":null,"MOTIVO_NO":"Manca autorizz","STATO_AUTORIZZAZIONE":"IN ATTESA","STATO_NULLAOSTA":"NON NECESSARIO","STATO_ORDINANZA":"NON NECESSARIO","PROTOCOLLO_AUT":null,"PRATICA":null,"LAVORABILE":"NO","STATO_LEGENDA":"IN ATTESA","CAMPO AWS":"NOT STARTED"},"geometry":{"type":"MultiLineString","coordinates":[[[1037346.947696442017332,5700575.217697489075363,0.0],[1037347.82631451357156,5700577.545379789546132,0.0],[1037484.21338551514782,5700602.695492443628609,0.0],[1037646.671840754570439,5700633.231270919553936,0.0],[1037805.504149691900238,5700662.86330006737262,0.0],[1037858.709806532948278,5700675.83175415173173,0.0]]]}},
{"type":"Feature","properties":{"fid":114,"TIPOLOGIA":"SCAVO","PROVINCIA":"MI","COMUNE":"PIOLTELLO","CLUSTER":"3","ROUTE":"39","ENTE":"COMUNE","ENTE 2":null,"LUNGHEZZA":735.75,"SPAN":"39_1","LOTTO":"5","TRATTA_ID":"TR_0114","ENTE 3":null,"MOTIVO_NO":"Manca autorizz","STATO_AUTORIZZAZIONE":"IN ATTESA","STATO_NULLAOSTA":"NON NECESSARIO","STATO_ORDINANZA":"NON NECESSARIO","PROTOCOLLO_AUT":null,"PRATICA":null,"LAVORABILE":"NO","STATO_LEGENDA":"IN ATTESA","CAMPO AWS":"NOT STARTED"},"geometry":{"type":"MultiLineString","coordinates":[[[1037930.695190583821386,5702534.851299162954092,0.0],[1038071.530875969561748,5702527.547644686885178,0.0],[1038287.09150983847212,5702522.179844628088176,0.0],[1038384.352859622682445,5702520.116172920912504,0.0],[1038418.785159946186468,5702525.859114715829492,0.0],[1038423.683883621008135,5702543.889961319044232,0.0],[1038421.54478823277168,5702717.507044180296361,0.0],[1038416.343193104956299,5702803.563751131296158,0.0],[1038414.4060617670184,5702844.007565540261567,0.0],[1038432.503260805271566,5702859.174057471565902,0.0],[1038433.841718893265352,5702859.183830450288951,0.0],[1038468.648319080471992,5702860.214550951495767,0.0],[1038549.645356917520985,5702874.10771824605763,0.0],[1038574.889621048467234,5702879.032056016847491,0.0],[1038579.59557103656698,5702889.416182187385857,0.0],[1038579.870919639710337,5702904.746371048502624,0.0],[1038559.77935623342637,5702913.583347230218351,0.0],[1038552.602359838667326,5702921.770731091499329,0.0],[1038550.496385714504868,5702935.924139089882374,0.0]]]}},
{"type":"Feature","properties":{"fid":116,"TIPOLOGIA":"NO DIG","PROVINCIA":"MI","COMUNE":"SEGRATE","CLUSTER":"3","ROUTE":"39","ENTE":"PROVINCIA DI MILANO","ENTE 2":null,"LUNGHEZZA":2237.76,"SPAN":"39_1","LOTTO":"5","TRATTA_ID":"TR_0116","ENTE 3":null,"MOTIVO_NO":"Manca autorizz","STATO_AUTORIZZAZIONE":"IN ATTESA","STATO_NULLAOSTA":"NON NECESSARIO","STATO_ORDINANZA":"NON NECESSARIO","PROTOCOLLO_AUT":null,"PRATICA":null,"LAVORABILE":"NO","STATO_LEGENDA":"IN ATTESA","CAMPO AWS":"NOT STARTED"},"geometry":{"type":"MultiLineString","coordinates":[[[1032106.087131580221467,5694507.743070698343217,0.0],[1032110.71165934484452,5694538.342845874838531,0.0],[1032358.258987858658656,5694537.168769302777946,0.0],[1032400.145011548534967,5694547.299526067450643,0.0],[1032437.675212431582622,5694569.01645989343524,0.0],[1032488.2048393903533,5694613.899554778821766,0.0],[1032576.967548307497054,5694702.797889622859657,0.0],[1032636.224941678578034,5694799.185630739666522,0.0],[1032680.128289483371191,5694868.333519789390266,0.0],[1032729.709453748888336,5694929.689149711281061,0.0],[1032785.043279980192892,5694979.801094916649163,0.0],[1032841.128755929064937,5695015.058268868364394,0.0],[1032910.891676287981682,5695042.404293251223862,0.0],[1033004.748620892874897,5695058.525644763372838,0.0],[1033156.561403575353324,5695054.35172722954303,0.0],[1033344.475625428487547,5695047.199261151254177,0.0],[1033426.548950261087157,5695045.383316372521222,0.0],[1033488.473441677400842,5695059.705161812715232,0.0],[1033524.295197333907709,5695080.079001344740391,0.0],[1033547.589004501700401,5695117.707481170073152,0.0],[1033556.077880426077172,5695156.976095784455538,0.0],[1033578.081679703318514,5695191.576177841052413,0.0],[1033623.122721903608181,5695192.128628139384091,0.0],[1033625.753932046121918,5695246.595918472856283,0.0],[1033639.518554645590484,5695367.505702803842723,0.0],[1033652.196746829664335,5695484.979724966920912,0.0],[1033668.812581582926214,5695642.378766150213778,0.0],[1033677.695742558338679,5695723.628678289242089,0.0],[1033674.963193454314023,5695781.827811452560127,0.0],[1033658.887767222244292,5695947.67265154607594,0.0],[1033653.050038618268445,5696009.70740566868335,0.0],[1033655.04783315747045,5696063.0540088461712,0.0],[1033664.828482723678462,5696131.694582486525178,0.0],[1033682.510060197673738,5696288.736587949097157,0.0],[1033704.402778722229414,5696323.359931588172913,0.0],[1033730.249958690837957,5696337.497381652705371,0.0],[1033749.348930440959521,5696345.341577113606036,0.0],[1033769.138235098798759,5696364.810977739281952,0.0],[1033782.423724782071076,5696399.383851554244757,0.0],[1033841.052101558656432,5696470.84853670373559,0.0]]]}},
{"type":"Feature","properties":{"fid":117,"TIPOLOGIA":"NO DIG","PROVINCIA":"MI","COMUNE":"SEGRATE","CLUSTER":"3","ROUTE":"39","ENTE":"PROVINCIA DI MILANO","ENTE 2":null,"LUNGHEZZA":109.65,"SPAN":"39_1","LOTTO":"5","TRATTA_ID":"TR_0117","ENTE 3":null,"MOTIVO_NO":"Manca autorizz","STATO_AUTORIZZAZIONE":"IN ATTESA","STATO_NULLAOSTA":"NON NECESSARIO","STATO_ORDINANZA":"NON NECESSARIO","PROTOCOLLO_AUT":null,"PRATICA":null,"LAVORABILE":"NO","STATO_LEGENDA":"IN ATTESA","CAMPO AWS":"NOT STARTED"},"geometry":{"type":"MultiLineString","coordinates":[[[1034715.004903984488919,5696841.387560397386551,0.0],[1034755.421900372952223,5696844.610283672809601,0.0],[1034789.106794152292423,5696848.729771020822227,0.0],[1034868.888381301192567,5696866.024759754538536,0.0]]]}},
{"type":"Feature","properties":{"fid":118,"TIPOLOGIA":"NO DIG","PROVINCIA":"MI","COMUNE":"PIOLTELLO","CLUSTER":"3","ROUTE":"39","ENTE":"COMUNE","ENTE 2":null,"LUNGHEZZA":640.35,"SPAN":"39_1","LOTTO":"5","TRATTA_ID":"TR_0118","ENTE 3":null,"MOTIVO_NO":"Manca autorizz","STATO_AUTORIZZAZIONE":"IN ATTESA","STATO_NULLAOSTA":"NON NECESSARIO","STATO_ORDINANZA":"NON NECESSARIO","PROTOCOLLO_AUT":null,"PRATICA":null,"LAVORABILE":"NO","STATO_LEGENDA":"IN ATTESA","CAMPO AWS":"NOT STARTED"},"geometry":{"type":"MultiLineString","coordinates":[[[1036818.532819459913298,5697179.464196543209255,0.0],[1036813.537366403616033,5697224.271500231698155,0.0],[1036822.191038176417351,5697243.15099321026355,0.0],[1036822.192058620858006,5697282.877186544239521,0.0],[1036792.696148900315166,5697462.53755524661392,0.0],[1037403.128977863234468,5697597.166959755122662,0.0]]]}},
{"type":"Feature","properties":{"fid":119,"TIPOLOGIA":"NO DIG","PROVINCIA":"MI","COMUNE":"PIOLTELLO","CLUSTER":"3","ROUTE":"39","ENTE":"COMUNE","ENTE 2":null,"LUNGHEZZA":1302.17,"SPAN":"39_1","LOTTO":"5","TRATTA_ID":"TR_0119","ENTE 3":null,"MOTIVO_NO":"Manca autorizz","STATO_AUTORIZZAZIONE":"IN ATTESA","STATO_NULLAOSTA":"NON NECESSARIO","STATO_ORDINANZA":"NON NECESSARIO","PROTOCOLLO_AUT":null,"PRATICA":null,"LAVORABILE":"NO","STATO_LEGENDA":"IN ATTESA","CAMPO AWS":"NOT STARTED"},"geometry":{"type":"MultiLineString","coordinates":[[[1037858.709806532948278,5700675.83175415173173,0.0],[1037885.472360398736782,5701201.763478809967637,0.0],[1037900.481065684696659,5701869.773092017509043,0.0],[1037907.80680569796823,5702289.579964521341026,0.0],[1037930.695190583821386,5702534.851299162954092,0.0]]]}},
{"type":"Feature","properties":{"fid":120,"TIPOLOGIA":"SCAVO","PROVINCIA":"MI","COMUNE":"MILANO","CLUSTER":"3","ROUTE":"4","ENTE":"COMUNE","ENTE 2":null,"LUNGHEZZA":3234.39,"SPAN":"4_1_1","LOTTO":"3","TRATTA_ID":"TR_0120","ENTE 3":null,"MOTIVO_NO":"Manca autorizz","STATO_AUTORIZZAZIONE":"IN ATTESA","STATO_NULLAOSTA":"NON NECESSARIO","STATO_ORDINANZA":"NON NECESSARIO","PROTOCOLLO_AUT":null,"PRATICA":null,"LAVORABILE":"NO","STATO_LEGENDA":"IN ATTESA","CAMPO AWS":"NOT STARTED"},"geometry":{"type":"MultiLineString","coordinates":[[[1030678.96563185332343,5702500.497360055334866,0.0],[1030608.045916975359432,5702485.449669236317277,0.0],[1030591.058352085645311,5702552.814517833292484,0.0],[1030589.227675204980187,5702554.594946024939418,0.0],[1030580.376870606211014,5702570.739207960665226,0.0],[1030571.2429044037126,5702583.451634679920971,0.0],[1030539.787703158566728,5702606.502448986284435,0.0],[1030515.034052819712088,5702608.373469930142164,0.0],[1030514.246429505408742,5702608.373736884444952,0.0],[1030494.141484311665408,5702606.517906813882291,0.0],[1030471.883975558332168,5702592.647511762566864,0.0],[1030455.16827380808536,5702572.587981357239187,0.0],[1030457.495784995844588,5702572.587216082029045,0.0],[1030416.867382919648662,5702498.057939629070461,0.0],[1030310.200655816821381,5702401.484898051247001,0.0],[1030006.541675565647893,5702320.779730697162449,0.0],[1029720.810832458315417,5702243.643323972821236,0.0],[1029612.364095042576082,5702214.539720530621707,0.0],[1029558.900582525529899,5702198.300553239881992,0.0],[1029432.169332977966405,5702096.046027809381485,0.0],[1029326.83044286374934,5701985.629145513288677,0.0],[1029214.017289455980062,5701863.262836582027376,0.0],[1029040.059949352173135,5701669.87336450535804,0.0],[1028662.46103628363926,5701261.354222399182618,0.0],[1028569.831990789971314,5701160.457242408767343,0.0],[1028230.661794342449866,5700787.435492321848869,0.0],[1028056.861207195091993,5700606.692267809063196,0.0],[1027943.864778408315033,5700482.715790348127484,0.0],[1027711.65557102789171,5700219.989797806367278,0.0],[1027342.403322926606052,5699822.656739043071866,0.0],[1027314.772074594511651,5699796.825686751864851,0.0]]]}},
{"type":"Feature","properties":{"fid":121,"TIPOLOGIA":"SCAVO","PROVINCIA":"MI","COMUNE":"MILANO","CLUSTER":"3","ROUTE":"4","ENTE":"COMUNE","ENTE 2":null,"LUNGHEZZA":88.64,"SPAN":"4_1_1","LOTTO":"3","TRATTA_ID":"TR_0121","ENTE 3":null,"MOTIVO_NO":"Manca autorizz","STATO_AUTORIZZAZIONE":"IN ATTESA","STATO_NULLAOSTA":"NON NECESSARIO","STATO_ORDINANZA":"NON NECESSARIO","PROTOCOLLO_AUT":null,"PRATICA":null,"LAVORABILE":"NO","STATO_LEGENDA":"IN ATTESA","CAMPO AWS":"NOT STARTED"},"geometry":{"type":"MultiLineString","coordinates":[[[1026006.181878871517256,5698513.30994476377964,0.0],[1025998.225282242055982,5698507.158626358024776,0.0],[1025927.843541306327097,5698414.426812100224197,0.0]]]}},
{"type":"Feature","properties":{"fid":122,"TIPOLOGIA":"NO DIG","PROVINCIA":"MI","COMUNE":"CERNUSCO SUL NAVIGLIO","CLUSTER":"3","ROUTE":"4","ENTE":"ANAS","ENTE 2":"COMUNE","LUNGHEZZA":1994.9,"SPAN":"4_1_1","LOTTO":"3","TRATTA_ID":"TR_0122","ENTE 3":null,"MOTIVO_NO":"Manca autorizz","STATO_AUTORIZZAZIONE":"IN ATTESA","STATO_NULLAOSTA":"NON NECESSARIO","STATO_ORDINANZA":"NON NECESSARIO","PROTOCOLLO_AUT":null,"PRATICA":null,"LAVORABILE":"NO","STATO_LEGENDA":"IN ATTESA","CAMPO AWS":"NOT STARTED"},"geometry":{"type":"MultiLineString","coordinates":[[[1038550.496385714504868,5702935.924139089882374,0.0],[1037784.68925426050555,5702886.36140813305974,0.0],[1037661.772394743049517,5702871.129982679150999,0.0],[1037627.500309552648105,5702865.572273954749107,0.0],[1037539.5737854486797,5702859.483485611155629,0.0],[1037492.756008647498675,5702841.080601866357028,0.0],[1037392.692982959211804,5702830.436101743020117,0.0],[1037305.400719305267558,5702812.220860746689141,0.0],[1037061.571991768898442,5702769.983009765855968,0.0],[1037007.781612208927982,5702758.477122542448342,0.0],[1036966.350260501494631,5702752.234179711900651,0.0],[1036907.218266184558161,5702752.204661469906569,0.0],[1036856.432466872851364,5702754.460688299499452,0.0],[1036706.992257574223913,5702765.376974607817829,0.0],[1036632.374890344333835,5702780.450109271332622,0.0],[1036561.58694932598155,5702782.11552204284817,0.0],[1036485.986352380830795,5702786.916664936579764,0.0],[1036429.974416153971106,5702785.199025725014508,0.0],[1036274.944587232777849,5702767.776735682971776,0.0],[1036159.581198721774854,5702753.697532955557108,0.0],[1036007.654508296283893,5702731.370662218891084,0.0],[1035913.95240199950058,5702723.988871100358665,0.0],[1035832.643404359812848,5702721.860508132725954,0.0],[1035728.769054583506659,5702724.943905022926629,0.0]]]}},
{"type":"Feature","properties":{"fid":123,"TIPOLOGIA":"NO DIG","PROVINCIA":"MI","COMUNE":"VIMODRONE","CLUSTER":"3","ROUTE":"4","ENTE":"COMUNE","ENTE 2":null,"LUNGHEZZA":2331.9,"SPAN":"4_1_1","LOTTO":"3","TRATTA_ID":"TR_0123","ENTE 3":null,"MOTIVO_NO":"Manca autorizz","STATO_AUTORIZZAZIONE":"IN ATTESA","STATO_NULLAOSTA":"NON NECESSARIO","STATO_ORDINANZA":"NON NECESSARIO","PROTOCOLLO_AUT":null,"PRATICA":null,"LAVORABILE":"NO","STATO_LEGENDA":"IN ATTESA","CAMPO AWS":"NOT STARTED"},"geometry":{"type":"MultiLineString","coordinates":[[[1035325.16131729062181,5702745.083553325384855,0.0],[1035287.719468967989087,5702744.82922793738544,0.0],[1035286.36808199423831,5702744.829636891372502,0.0],[1035215.980424270150252,5702746.24156788457185,0.0],[1035188.879435418755747,5702754.611596543341875,0.0],[1035147.306295799207874,5702757.417600998654962,0.0],[1035130.606915690004826,5702748.354373407550156,0.0],[1034831.63768337003421,5702707.398278404027224,0.0],[1034736.019933065748774,5702697.01025568973273,0.0],[1034643.210210773278959,5702684.277864516712725,0.0],[1034450.269842701265588,5702654.435090713202953,0.0],[1034294.091669138404541,5702634.091129851527512,0.0],[1034178.977116707363166,5702620.978116825222969,0.0],[1033990.006176525377668,5702556.882373315282166,0.0],[1033786.135517197428271,5702486.150916077196598,0.0],[1033718.87296912597958,5702460.183746824972332,0.0],[1033660.400044843321666,5702452.068758362904191,0.0],[1033651.489427309366874,5702460.200596074573696,0.0],[1033650.317525176913477,5702460.200886360369623,0.0],[1033564.704655745998025,5702444.035298247821629,0.0],[1033430.121116720838472,5702451.501620152033865,0.0],[1032988.614735603681765,5702482.751487963832915,0.0],[1032930.596643450437114,5702484.554842697456479,0.0],[1032874.827364550787024,5702490.900974789634347,0.0],[1032504.058118167566136,5702509.415950766764581,0.0],[1032050.740869540954009,5702538.692006813362241,0.0]]]}},
{"type":"Feature","properties":{"fid":124,"TIPOLOGIA":"NO DIG","PROVINCIA":"MI","COMUNE":"MILANO","CLUSTER":"3","ROUTE":"4","ENTE":"COMUNE","ENTE 2":"","LUNGHEZZA":153.19,"SPAN":"4_1_1","LOTTO":"3","TRATTA_ID":"TR_0124","ENTE 3":null,"MOTIVO_NO":"Manca autorizz","STATO_AUTORIZZAZIONE":"IN ATTESA","STATO_NULLAOSTA":"NON NECESSARIO","STATO_ORDINANZA":"NON NECESSARIO","PROTOCOLLO_AUT":null,"PRATICA":null,"LAVORABILE":"NO","STATO_LEGENDA":"IN ATTESA","CAMPO AWS":"NOT STARTED"},"geometry":{"type":"MultiLineString","coordinates":[[[1031282.426785702933557,5702572.722762606106699,0.0],[1031094.489737427560613,5702581.279295202344656,0.0],[1031064.412114051403478,5702580.166829513385892,0.0]]]}},
{"type":"Feature","properties":{"fid":125,"TIPOLOGIA":"CANALETTA","PROVINCIA":"MI","COMUNE":"MILANO","CLUSTER":"3","ROUTE":"4","ENTE":"COMUNE","ENTE 2":"AIPO","LUNGHEZZA":91.45,"SPAN":"4_1_1","LOTTO":"3","TRATTA_ID":"TR_0125","ENTE 3":null,"MOTIVO_NO":"Manca autorizz","STATO_AUTORIZZAZIONE":"IN ATTESA","STATO_NULLAOSTA":"NON NECESSARIO","STATO_ORDINANZA":"NON NECESSARIO","PROTOCOLLO_AUT":null,"PRATICA":null,"LAVORABILE":"NO","STATO_LEGENDA":"IN ATTESA","CAMPO AWS":"NOT STARTED"},"geometry":{"type":"MultiLineString","coordinates":[[[1030806.250151587184519,5702528.33305948972702,0.0],[1030678.96563185332343,5702500.497360055334866,0.0]]]}},
{"type":"Feature","properties":{"fid":126,"TIPOLOGIA":"CANALETTA","PROVINCIA":"BG","COMUNE":"CANONICA D'ADDA","CLUSTER":"3","ROUTE":"4","ENTE":"PROVINCIA DI BERGAMO","ENTE 2":"AIPO","LUNGHEZZA":66.22,"SPAN":"4_1_2","LOTTO":"3","TRATTA_ID":"TR_0126","ENTE 3":null,"MOTIVO_NO":"Manca autorizz","STATO_AUTORIZZAZIONE":"IN ATTESA","STATO_NULLAOSTA":"NON NECESSARIO","STATO_ORDINANZA":"NON NECESSARIO","PROTOCOLLO_AUT":null,"PRATICA":null,"LAVORABILE":"NO","STATO_LEGENDA":"IN ATTESA","CAMPO AWS":"NOT STARTED"},"geometry":{"type":"MultiLineString","coordinates":[[[1061500.497398702194914,5712826.561084639281034,0.0],[1061406.67530344100669,5712837.437730978243053,0.0]]]}},
{"type":"Feature","properties":{"fid":127,"TIPOLOGIA":"SCAVO","PROVINCIA":"BG","COMUNE":"BOLTIERE","CLUSTER":"3","ROUTE":"4","ENTE":"PROVINCIA DI BERGAMO","ENTE 2":null,"LUNGHEZZA":670.58,"SPAN":"4_1_2","LOTTO":"3","TRATTA_ID":"TR_0127","ENTE 3":null,"MOTIVO_NO":"Manca autorizz","STATO_AUTORIZZAZIONE":"IN ATTESA","STATO_NULLAOSTA":"NON NECESSARIO","STATO_ORDINANZA":"NON NECESSARIO","PROTOCOLLO_AUT":null,"PRATICA":null,"LAVORABILE":"NO","STATO_LEGENDA":"IN ATTESA","CAMPO AWS":"NOT STARTED"},"geometry":{"type":"MultiLineString","coordinates":[[[1066432.88056367286481,5716837.333420175127685,0.0],[1066398.595055276993662,5716603.858734156005085,0.0],[1066356.512997787911445,5716459.050262282602489,0.0],[1066328.76676077558659,5716433.307322616688907,0.0],[1066273.887354520149529,5716411.551846818067133,0.0],[1066268.60470612719655,5716371.236301589757204,0.0],[1066252.136661217780784,5716278.159712648950517,0.0],[1066186.637937924358994,5716149.428128786385059,0.0],[1066097.94921286101453,5715974.503187742084265,0.0]]]}},
{"type":"Feature","properties":{"fid":128,"TIPOLOGIA":"SCAVO","PROVINCIA":"BG","COMUNE":"CANONICA D'ADDA","CLUSTER":"3","ROUTE":"4","ENTE":"PROVINCIA DI BERGAMO","ENTE 2":null,"LUNGHEZZA":1082.97,"SPAN":"4_1_2","LOTTO":"3","TRATTA_ID":"TR_0128","ENTE 3":null,"MOTIVO_NO":"Manca autorizz","STATO_AUTORIZZAZIONE":"IN ATTESA","STATO_NULLAOSTA":"NON NECESSARIO","STATO_ORDINANZA":"NON NECESSARIO","PROTOCOLLO_AUT":null,"PRATICA":null,"LAVORABILE":"NO","STATO_LEGENDA":"IN ATTESA","CAMPO AWS":"NOT STARTED"},"geometry":{"type":"MultiLineString","coordinates":[[[1063022.779460097895935,5713019.53536042291671,0.0],[1062772.292880490655079,5712966.075459629297256,0.0],[1062396.649809655034915,5712896.95133557356894,0.0],[1062053.699824561364949,5712837.371505932882428,0.0],[1061906.975911848712713,5712807.24201974645257,0.0],[1061851.392440777970478,5712799.750110145658255,0.0],[1061748.234798531048,5712805.207416312769055,0.0],[1061606.289598073810339,5712807.976383160799742,0.0],[1061500.497398702194914,5712826.561084639281034,0.0]]]}},
{"type":"Feature","properties":{"fid":129,"TIPOLOGIA":"SCAVO","PROVINCIA":"BG","COMUNE":"VAPRIO D'ADDA","CLUSTER":"3","ROUTE":"4","ENTE":"PROVINCIA DI MILANO","ENTE 2":null,"LUNGHEZZA":291.74,"SPAN":"4_1_2","LOTTO":"3","TRATTA_ID":"TR_0129","ENTE 3":null,"MOTIVO_NO":"Manca autorizz","STATO_AUTORIZZAZIONE":"IN ATTESA","STATO_NULLAOSTA":"NON NECESSARIO","STATO_ORDINANZA":"NON NECESSARIO","PROTOCOLLO_AUT":null,"PRATICA":null,"LAVORABILE":"NO","STATO_LEGENDA":"IN ATTESA","CAMPO AWS":"NOT STARTED"},"geometry":{"type":"MultiLineString","coordinates":[[[1061366.519115564646199,5712842.092978043481708,0.0],[1061364.261538398917764,5712844.177957787178457,0.0],[1061359.635560204042122,5712862.161239691078663,0.0],[1061381.67891099723056,5712923.342601359821856,0.0],[1061383.812466754112393,5712970.64784839656204,0.0],[1061371.244185562478378,5713001.470801522023976,0.0],[1061371.810042575700209,5713002.8126165503636,0.0],[1061371.369520172011107,5713046.299850892275572,0.0],[1061380.309547625947744,5713078.198215725831687,0.0],[1061366.138970728730783,5713234.945894214324653,0.0],[1061370.259463794296607,5713248.993751556612551,0.0]]]}},
{"type":"Feature","properties":{"fid":130,"TIPOLOGIA":"SCAVO","PROVINCIA":"MI","COMUNE":"BELLINZAGO LOMBARDO","CLUSTER":"3","ROUTE":"4","ENTE":"ANAS","ENTE 2":"AUTOSTRADE","LUNGHEZZA":99.82,"SPAN":"4_1_2","LOTTO":"3","TRATTA_ID":"TR_0130","ENTE 3":null,"MOTIVO_NO":"Manca autorizz","STATO_AUTORIZZAZIONE":"IN ATTESA","STATO_NULLAOSTA":"NON NECESSARIO","STATO_ORDINANZA":"NON NECESSARIO","PROTOCOLLO_AUT":null,"PRATICA":null,"LAVORABILE":"NO","STATO_LEGENDA":"IN ATTESA","CAMPO AWS":"NOT STARTED"},"geometry":{"type":"MultiLineString","coordinates":[[[1050180.885990472510457,5707079.175226072780788,0.0],[1050054.216298372717574,5707014.191591246984899,0.0]]]}},
{"type":"Feature","properties":{"fid":131,"TIPOLOGIA":"NO DIG","PROVINCIA":"MI","COMUNE":"GORGONZOLA","CLUSTER":"3","ROUTE":"4","ENTE":"ANAS","ENTE 2":null,"LUNGHEZZA":3173.49,"SPAN":"4_1_2","LOTTO":"3","TRATTA_ID":"TR_0131","ENTE 3":null,"MOTIVO_NO":"Manca autorizz","STATO_AUTORIZZAZIONE":"IN ATTESA","STATO_NULLAOSTA":"NON NECESSARIO","STATO_ORDINANZA":"NON NECESSARIO","PROTOCOLLO_AUT":null,"PRATICA":null,"LAVORABILE":"NO","STATO_LEGENDA":"IN ATTESA","CAMPO AWS":"NOT STARTED"},"geometry":{"type":"MultiLineString","coordinates":[[[1049921.361424343893304,5706937.334763096645474,0.0],[1049774.650556940119714,5706872.152879226952791,0.0],[1049686.985528425779194,5706857.141586049459875,0.0],[1049588.245258782990277,5706777.804508225992322,0.0],[1049449.554757508449256,5706617.854069708846509,0.0],[1049388.517733240732923,5706533.730904882773757,0.0],[1049184.257950267056003,5706188.788199788890779,0.0],[1049062.324531077640131,5706031.750871301628649,0.0],[1048805.727123412536457,5705742.167321795597672,0.0],[1048481.534552832017653,5705400.444371175952256,0.0],[1048147.100480535416864,5705086.910932615399361,0.0],[1047602.240200627944432,5704652.985150765627623,0.0],[1047250.470991432317533,5704367.826745719648898,0.0],[1046900.672663479810581,5704098.907640942372382,0.0],[1046698.882675006054342,5703943.051954020746052,0.0],[1046642.183566250256263,5703914.434951015748084,0.0],[1046630.297506009810604,5703911.110453918576241,0.0]]]}},
{"type":"Feature","properties":{"fid":133,"TIPOLOGIA":"NO DIG","PROVINCIA":"MI","COMUNE":"CASSINA DE PECCHI","CLUSTER":"3","ROUTE":"4","ENTE":"COMUNE","ENTE 2":null,"LUNGHEZZA":1675.89,"SPAN":"4_1_2","LOTTO":"3","TRATTA_ID":"TR_0133","ENTE 3":null,"MOTIVO_NO":"Manca autorizz","STATO_AUTORIZZAZIONE":"IN ATTESA","STATO_NULLAOSTA":"NON NECESSARIO","STATO_ORDINANZA":"NON NECESSARIO","PROTOCOLLO_AUT":null,"PRATICA":null,"LAVORABILE":"NO","STATO_LEGENDA":"IN ATTESA","CAMPO AWS":"NOT STARTED"},"geometry":{"type":"MultiLineString","coordinates":[[[1043313.792521666386165,5704051.897004455327988,0.0],[1043235.866388593567535,5704032.038526552729309,0.0],[1043125.53083870280534,5703997.211262728087604,0.0],[1043046.078127715620212,5703969.779353347606957,0.0],[1042874.302228330518119,5703891.938566121272743,0.0],[1042682.699588623130694,5703798.233157909475267,0.0],[1042496.447803878341801,5703701.442866956815124,0.0],[1042365.796685690525919,5703623.403154249303043,0.0],[1042319.399902151082642,5703599.019975994713604,0.0],[1042294.085365774575621,5703589.909672688692808,0.0],[1042292.820931768394075,5703589.90964895952493,0.0],[1042189.798589123645797,5703568.04277556668967,0.0],[1042044.794162398669869,5703540.275971183553338,0.0],[1041907.334216804825701,5703511.419841985218227,0.0],[1041739.792084149899893,5703474.4499143762514,0.0],[1041498.305841472814791,5703422.435034575872123,0.0],[1041314.162310413084924,5703378.711663717404008,0.0],[1041249.342744841822423,5703375.992732284590602,0.0],[1041124.166842672042549,5703338.336841059848666,0.0],[1041058.835132248117588,5703323.37621134519577,0.0]]]}},
{"type":"Feature","properties":{"fid":134,"TIPOLOGIA":"NO DIG","PROVINCIA":"MI","COMUNE":"CERNUSCO SUL NAVIGLIO","CLUSTER":"3","ROUTE":"4","ENTE":"COMUNE","ENTE 2":null,"LUNGHEZZA":1611.4,"SPAN":"4_1_2","LOTTO":"3","TRATTA_ID":"TR_0134","ENTE 3":null,"MOTIVO_NO":"Manca autorizz","STATO_AUTORIZZAZIONE":"IN ATTESA","STATO_NULLAOSTA":"NON NECESSARIO","STATO_ORDINANZA":"NON NECESSARIO","PROTOCOLLO_AUT":null,"PRATICA":null,"LAVORABILE":"NO","STATO_LEGENDA":"IN ATTESA","CAMPO AWS":"NOT STARTED"},"geometry":{"type":"MultiLineString","coordinates":[[[1040817.965313210734166,5703269.016899249516428,0.0],[1040813.443270789342932,5703270.654354229569435,0.0],[1040808.816397101734765,5703270.653320452198386,0.0],[1040728.167188799474388,5703255.971337770111859,0.0],[1040723.343680914724246,5703252.848698052577674,0.0],[1040548.4692978837993,5703216.91921529173851,0.0],[1040246.631090519484133,5703149.793892046436667,0.0],[1040143.740214849705808,5703128.795641342177987,0.0],[1040063.046345780254342,5703114.669773096218705,0.0],[1039947.906393091194332,5703103.466256165876985,0.0],[1039625.610594138503075,5703064.795954228378832,0.0],[1039578.774168213247322,5703059.967688682489097,0.0],[1039497.00026935513597,5703045.626739523373544,0.0],[1039411.895986843388528,5703040.873198598623276,0.0],[1038983.96524301439058,5702994.487662577070296,0.0],[1038619.684695138479583,5702953.893747890368104,0.0],[1038550.496385714504868,5702935.924139089882374,0.0]]]}},
{"type":"Feature","properties":{"fid":135,"TIPOLOGIA":"NO DIG","PROVINCIA":"BG","COMUNE":"BOLTIERE","CLUSTER":"3","ROUTE":"4","ENTE":"PROVINCIA DI BERGAMO","ENTE 2":null,"LUNGHEZZA":631.65,"SPAN":"4_1_2","LOTTO":"3","TRATTA_ID":"TR_0135","ENTE 3":null,"MOTIVO_NO":"Manca autorizz","STATO_AUTORIZZAZIONE":"IN ATTESA","STATO_NULLAOSTA":"NON NECESSARIO","STATO_ORDINANZA":"NON NECESSARIO","PROTOCOLLO_AUT":null,"PRATICA":null,"LAVORABILE":"NO","STATO_LEGENDA":"IN ATTESA","CAMPO AWS":"NOT STARTED"},"geometry":{"type":"MultiLineString","coordinates":[[[1066897.261529953218997,5717604.366350307129323,0.0],[1066885.66482724272646,5717580.467567456886172,0.0],[1066846.689204860944301,5717542.296641110442579,0.0],[1066811.383709874702618,5717463.946367240510881,0.0],[1066657.432514501269907,5717230.427054279483855,0.0],[1066524.037054690066725,5717031.612248871475458,0.0],[1066450.817743178689852,5716914.201283820904791,0.0],[1066432.88056367286481,5716837.333420175127685,0.0]]]}},
{"type":"Feature","properties":{"fid":136,"TIPOLOGIA":"NO DIG","PROVINCIA":"BG","COMUNE":"BOLTIERE","CLUSTER":"3","ROUTE":"4","ENTE":"PROVINCIA DI BERGAMO","ENTE 2":null,"LUNGHEZZA":952.32,"SPAN":"4_1_2","LOTTO":"3","TRATTA_ID":"TR_0136","ENTE 3":null,"MOTIVO_NO":"Manca autorizz","STATO_AUTORIZZAZIONE":"IN ATTESA","STATO_NULLAOSTA":"NON NECESSARIO","STATO_ORDINANZA":"NON NECESSARIO","PROTOCOLLO_AUT":null,"PRATICA":null,"LAVORABILE":"NO","STATO_LEGENDA":"IN ATTESA","CAMPO AWS":"NOT STARTED"},"geometry":{"type":"MultiLineString","coordinates":[[[1066097.94921286101453,5715974.503187742084265,0.0],[1066031.789975899271667,5715854.056114628911018,0.0],[1065983.644653384108096,5715763.412546155974269,0.0],[1065956.082538017304614,5715706.575566516257823,0.0],[1065925.156796491704881,5715652.156275355257094,0.0],[1065897.761043388163671,5715618.296878058463335,0.0],[1065769.2179868852254,5715478.145012655295432,0.0],[1065744.86166387819685,5715445.874652321450412,0.0],[1065695.630375657929108,5715390.108073235489428,0.0],[1065492.06204763869755,5715167.328945389948785,0.0],[1065261.309924794593826,5714910.552591640502214,0.0]]]}},
{"type":"Feature","properties":{"fid":137,"TIPOLOGIA":"NO DIG","PROVINCIA":"BG","COMUNE":"PONTIROLO NUOVO","CLUSTER":"3","ROUTE":"4","ENTE":"PROVINCIA DI BERGAMO","ENTE 2":null,"LUNGHEZZA":1958.56,"SPAN":"4_1_2","LOTTO":"3","TRATTA_ID":"TR_0137","ENTE 3":null,"MOTIVO_NO":"Manca autorizz","STATO_AUTORIZZAZIONE":"IN ATTESA","STATO_NULLAOSTA":"NON NECESSARIO","STATO_ORDINANZA":"NON NECESSARIO","PROTOCOLLO_AUT":null,"PRATICA":null,"LAVORABILE":"NO","STATO_LEGENDA":"IN ATTESA","CAMPO AWS":"NOT STARTED"},"geometry":{"type":"MultiLineString","coordinates":[[[1065261.309924794593826,5714910.552591640502214,0.0],[1064987.378238819306716,5714608.693746315315366,0.0],[1064772.869638967793435,5714380.067726889625192,0.0],[1064653.169332317076623,5714249.603743381798267,0.0],[1064413.692281765863299,5713995.029664743691683,0.0],[1064184.952306252904236,5713746.607206030748785,0.0],[1063892.822406303370371,5713426.627677057869732,0.0],[1063783.787961289053783,5713296.646899960003793,0.0],[1063681.768092836020514,5713204.800536564551294,0.0],[1063640.645227533299476,5713159.885575782507658,0.0],[1063530.343960368772969,5713116.023933365941048,0.0],[1063241.792096612975001,5713066.278221959248185,0.0]]]}},
{"type":"Feature","properties":{"fid":138,"TIPOLOGIA":"NO DIG","PROVINCIA":"BG","COMUNE":"VAPRIO D'ADDA","CLUSTER":"3","ROUTE":"4","ENTE":"PROVINCIA DI MILANO","ENTE 2":null,"LUNGHEZZA":1481.59,"SPAN":"4_1_2","LOTTO":"3","TRATTA_ID":"TR_0138","ENTE 3":null,"MOTIVO_NO":"Manca autorizz","STATO_AUTORIZZAZIONE":"IN ATTESA","STATO_NULLAOSTA":"NON NECESSARIO","STATO_ORDINANZA":"NON NECESSARIO","PROTOCOLLO_AUT":null,"PRATICA":null,"LAVORABILE":"NO","STATO_LEGENDA":"IN ATTESA","CAMPO AWS":"NOT STARTED"},"geometry":{"type":"MultiLineString","coordinates":[[[1060336.211390144657344,5712541.335114451125264,0.0],[1060087.716050526825711,5712405.865461103618145,0.0],[1059823.756991193396971,5712256.629595261998475,0.0],[1059800.287397022359073,5712258.306634096428752,0.0],[1059759.498862167820334,5712244.4299356630072,0.0],[1059743.339398505166173,5712217.988394147716463,0.0],[1059397.072826443705708,5712034.818139004521072,0.0],[1058923.168994235573336,5711776.572422382421792,0.0],[1058485.061417239252478,5711537.209043968468904,0.0]]]}},
{"type":"Feature","properties":{"fid":139,"TIPOLOGIA":"NO DIG","PROVINCIA":"MI","COMUNE":"INZAGO","CLUSTER":"3","ROUTE":"4","ENTE":"PROVINCIA DI MILANO","ENTE 2":null,"LUNGHEZZA":2957.19,"SPAN":"4_1_2","LOTTO":"3","TRATTA_ID":"TR_0139","ENTE 3":null,"MOTIVO_NO":"Manca autorizz","STATO_AUTORIZZAZIONE":"IN ATTESA","STATO_NULLAOSTA":"NON NECESSARIO","STATO_ORDINANZA":"NON NECESSARIO","PROTOCOLLO_AUT":null,"PRATICA":null,"LAVORABILE":"NO","STATO_LEGENDA":"IN ATTESA","CAMPO AWS":"NOT STARTED"},"geometry":{"type":"MultiLineString","coordinates":[[[1056028.244675372960046,5710174.810955571942031,0.0],[1056023.16373711801134,5710169.104967208579183,0.0],[1055539.504788148216903,5709901.988524354062974,0.0],[1055148.247034883126616,5709688.527493620291352,0.0],[1054372.200169899733737,5709251.802311150357127,0.0],[1053875.856737123103812,5708974.839819725602865,0.0],[1053195.763879049103707,5708617.869337227195501,0.0],[1052731.430711393244565,5708371.327090136706829,0.0],[1052322.122645830968395,5708160.244044037535787,0.0]]]}},
{"type":"Feature","properties":{"fid":140,"TIPOLOGIA":"NO DIG","PROVINCIA":"MI","COMUNE":"BELLINZAGO LOMBARDO","CLUSTER":"3","ROUTE":"4","ENTE":"COMUNE","ENTE 2":null,"LUNGHEZZA":1166.98,"SPAN":"4_1_2","LOTTO":"3","TRATTA_ID":"TR_0140","ENTE 3":null,"MOTIVO_NO":"Manca autorizz","STATO_AUTORIZZAZIONE":"IN ATTESA","STATO_NULLAOSTA":"NON NECESSARIO","STATO_ORDINANZA":"NON NECESSARIO","PROTOCOLLO_AUT":null,"PRATICA":null,"LAVORABILE":"NO","STATO_LEGENDA":"IN ATTESA","CAMPO AWS":"NOT STARTED"},"geometry":{"type":"MultiLineString","coordinates":[[[1052127.967921162489802,5708056.806502094492316,0.0],[1052002.203620001440868,5707989.801617700606585,0.0],[1051486.231492368271574,5707720.227969051338732,0.0],[1051293.183236909331754,5707632.265057522803545,0.0],[1050989.277245252626017,5707483.656593373976648,0.0],[1050640.067953105084598,5707311.2603290816769,0.0]]]}},
{"type":"Feature","properties":{"fid":141,"TIPOLOGIA":"NO DIG","PROVINCIA":"MI","COMUNE":"BELLINZAGO LOMBARDO","CLUSTER":"3","ROUTE":"4","ENTE":"ANAS","ENTE 2":null,"LUNGHEZZA":360.73,"SPAN":"4_1_2","LOTTO":"3","TRATTA_ID":"TR_0141","ENTE 3":null,"MOTIVO_NO":"Manca autorizz","STATO_AUTORIZZAZIONE":"IN ATTESA","STATO_NULLAOSTA":"NON NECESSARIO","STATO_ORDINANZA":"NON NECESSARIO","PROTOCOLLO_AUT":null,"PRATICA":null,"LAVORABILE":"NO","STATO_LEGENDA":"IN ATTESA","CAMPO AWS":"NOT STARTED"},"geometry":{"type":"MultiLineString","coordinates":[[[1050640.067953105084598,5707311.2603290816769,0.0],[1050180.885990472510457,5707079.175226072780788,0.0]]]}},
{"type":"Feature","properties":{"fid":142,"TIPOLOGIA":"NO DIG","PROVINCIA":"MI","COMUNE":"BELLINZAGO LOMBARDO","CLUSTER":"3","ROUTE":"4","ENTE":"ANAS","ENTE 2":null,"LUNGHEZZA":108.39,"SPAN":"4_1_2","LOTTO":"3","TRATTA_ID":"TR_0142","ENTE 3":null,"MOTIVO_NO":"Manca autorizz","STATO_AUTORIZZAZIONE":"IN ATTESA","STATO_NULLAOSTA":"NON NECESSARIO","STATO_ORDINANZA":"NON NECESSARIO","PROTOCOLLO_AUT":null,"PRATICA":null,"LAVORABILE":"NO","STATO_LEGENDA":"IN ATTESA","CAMPO AWS":"NOT STARTED"},"geometry":{"type":"MultiLineString","coordinates":[[[1050055.526014386676252,5707014.191495981067419,0.0],[1049921.361424343893304,5706937.334763096645474,0.0]]]}},
{"type":"Feature","properties":{"fid":143,"TIPOLOGIA":"NO DIG","PROVINCIA":"PV","COMUNE":"LANDRIANO","CLUSTER":"5","ROUTE":"27","ENTE":"PROVINCIA DI PAVIA","ENTE 2":null,"LUNGHEZZA":949.46,"SPAN":"27_1","LOTTO":"8","TRATTA_ID":"TR_0143","ENTE 3":null,"MOTIVO_NO":"Manca autorizz","STATO_AUTORIZZAZIONE":"IN REDAZIONE","STATO_NULLAOSTA":"NON NECESSARIO","STATO_ORDINANZA":"NON NECESSARIO","PROTOCOLLO_AUT":null,"PRATICA":"AUT/5/8","LAVORABILE":"NO","STATO_LEGENDA":"IN REDAZIONE","CAMPO AWS":"NOT STARTED"},"geometry":{"type":"MultiLineString","coordinates":[[[1030050.129556520958431,5668628.770482426509261,0.0],[1030057.606859146151692,5668634.749929281882942,0.0],[1030057.606859146151692,5668634.749929281882942,0.0],[1030163.66412106284406,5668728.575710322707891,0.0],[1030206.660597439971752,5668743.916160644963384,0.0],[1030229.392027995199896,5668786.91639285068959,0.0],[1030287.006412451388314,5668835.891091179102659,0.0],[1030514.510704552289099,5669038.8714630138129,0.0],[1030883.739628788782284,5669345.310240224003792,0.0],[1031075.726874522631988,5669495.311160746030509,0.0]]]}},
{"type":"Feature","properties":{"fid":145,"TIPOLOGIA":"NO DIG","PROVINCIA":"PV","COMUNE":"LANDRIANO","CLUSTER":"5","ROUTE":"27","ENTE":"COMUNE","ENTE 2":null,"LUNGHEZZA":3105.46,"SPAN":"27_1","LOTTO":"8","TRATTA_ID":"TR_0145","ENTE 3":null,"MOTIVO_NO":"Manca autorizz","STATO_AUTORIZZAZIONE":"IN REDAZIONE","STATO_NULLAOSTA":"NON NECESSARIO","STATO_ORDINANZA":"NON NECESSARIO","PROTOCOLLO_AUT":null,"PRATICA":"AUT/7/8","LAVORABILE":"NO","STATO_LEGENDA":"IN REDAZIONE","CAMPO AWS":"NOT STARTED"},"geometry":{"type":"MultiLineString","coordinates":[[[1031791.298016065731645,5670090.969271188601851,0.0],[1031755.889495055191219,5670167.229809681884944,0.0],[1031741.738047392689623,5670253.081925500184298,0.0],[1031770.04094271780923,5670355.915778513997793,0.0],[1031769.097512873471715,5670450.258762930519879,0.0],[1031734.190608639502898,5670568.1874934528023,0.0],[1031605.88414983311668,5670825.74384090770036,0.0],[1031587.251410411088727,5670875.038050268776715,0.0],[1031574.986822436912917,5670931.643840916454792,0.0],[1031620.743169878725894,5670976.928473435342312,0.0],[1031317.902189902029932,5671420.812215114943683,0.0],[1031233.936933771241456,5671545.344954545609653,0.0],[1031178.334684699890204,5671629.856597067788243,0.0],[1031043.441870705457404,5671565.270764765329659,0.0],[1030820.398498571943492,5671452.048294804990292,0.0],[1030598.437610850902274,5671341.052244246937335,0.0],[1030581.778379718656652,5671349.511968674138188,0.0],[1030555.760355579899624,5671393.058585518971086,0.0],[1030402.034284271881916,5671641.01517026592046,0.0],[1030169.295347625389695,5672021.570099196396768,0.0],[1029990.431096306303516,5672318.416089166887105,0.0],[1029796.411610751529224,5672651.609082263894379,0.0],[1029609.273335733567365,5672964.740782920271158,0.0],[1029552.926382249919698,5673070.838448562659323,0.0]]]}},
{"type":"Feature","properties":{"fid":146,"TIPOLOGIA":"NO DIG","PROVINCIA":"MI","COMUNE":"CARPIANO","CLUSTER":"5","ROUTE":"27","ENTE":"COMUNE","ENTE 2":null,"LUNGHEZZA":940.37,"SPAN":"27_1","LOTTO":"8","TRATTA_ID":"TR_0146","ENTE 3":null,"MOTIVO_NO":"Manca autorizz","STATO_AUTORIZZAZIONE":"IN REDAZIONE","STATO_NULLAOSTA":"NON NECESSARIO","STATO_ORDINANZA":"NON NECESSARIO","PROTOCOLLO_AUT":null,"PRATICA":"AUT/8/8","LAVORABILE":"NO","STATO_LEGENDA":"IN REDAZIONE","CAMPO AWS":"NOT STARTED"},"geometry":{"type":"MultiLineString","coordinates":[[[1029552.926382249919698,5673070.838448562659323,0.0],[1029476.335278408951126,5673188.639025325886905,0.0],[1029403.074815313098952,5673314.699968705885112,0.0],[1029293.264059873181395,5673499.057774673216045,0.0],[1029211.415917967096902,5673637.085097155533731,0.0],[1029171.503642323077656,5673703.634726972319186,0.0],[1029115.829502820968628,5673809.056076006032526,0.0],[1028989.578755454625934,5674018.110563730821013,0.0],[1028880.84024881280493,5674201.099127166904509,0.0],[1028871.212854464189149,5674222.396263241767883,0.0]]]}},
{"type":"Feature","properties":{"fid":147,"TIPOLOGIA":"NO DIG","PROVINCIA":"PV","COMUNE":"SIZIANO","CLUSTER":"5","ROUTE":"26","ENTE":"COMUNE","ENTE 2":"","LUNGHEZZA":58.03,"SPAN":"26_2","LOTTO":"8","TRATTA_ID":"TR_0147","ENTE 3":null,"MOTIVO_NO":"Manca autorizz","STATO_AUTORIZZAZIONE":"IN REDAZIONE","STATO_NULLAOSTA":"NON NECESSARIO","STATO_ORDINANZA":"NON NECESSARIO","PROTOCOLLO_AUT":null,"PRATICA":"AUT/2/8","LAVORABILE":"NO","STATO_LEGENDA":"IN REDAZIONE","CAMPO AWS":"NOT STARTED"},"geometry":{"type":"MultiLineString","coordinates":[[[1024255.868380479863845,5672884.336654282175004,0.0],[1024260.607272227993235,5672873.441729253157973,0.0],[1024276.893569649546407,5672840.835584067739546,0.0],[1024290.635640782653354,5672809.408155874349177,0.0]]]}},
{"type":"Feature","properties":{"fid":148,"TIPOLOGIA":"NO DIG","PROVINCIA":"PV","COMUNE":"BORNASCO","CLUSTER":"5","ROUTE":"26","ENTE":"PROVINCIA DI PAVIA","ENTE 2":null,"LUNGHEZZA":738.67,"SPAN":"26_3","LOTTO":"8","TRATTA_ID":"TR_0148","ENTE 3":null,"MOTIVO_NO":"Manca autorizz","STATO_AUTORIZZAZIONE":"IN REDAZIONE","STATO_NULLAOSTA":"NON NECESSARIO","STATO_ORDINANZA":"NON NECESSARIO","PROTOCOLLO_AUT":null,"PRATICA":"AUT/2/8","LAVORABILE":"NO","STATO_LEGENDA":"IN REDAZIONE","CAMPO AWS":"NOT STARTED"},"geometry":{"type":"MultiLineString","coordinates":[[[1025409.076955407159403,5664535.812887515872717,0.0],[1025416.987058220547624,5664474.783933538012207,0.0],[1025413.384842460975051,5664338.316677463240921,0.0],[1025412.460853288765065,5664236.573452528566122,0.0],[1025405.31424107553903,5664105.302650439552963,0.0],[1025400.837700668955222,5663998.594268630258739,0.0],[1025393.630557151744142,5663937.783024826087058,0.0],[1025382.816005069180392,5663887.504987585358322,0.0],[1025359.252129417494871,5663817.99287310987711,0.0],[1025321.20893460221123,5663749.57673579081893,0.0],[1025256.213769209338352,5663624.103205040097237,0.0],[1025201.429159102845006,5663531.85515979770571,0.0]]]}},
{"type":"Feature","properties":{"fid":149,"TIPOLOGIA":"CANALETTA","PROVINCIA":"MI","COMUNE":"MELEGNANO","CLUSTER":"3","ROUTE":"40","ENTE":"PROVINCIA DI MILANO","ENTE 2":"AUTOSTRADE","LUNGHEZZA":72.78,"SPAN":"40","LOTTO":"4","TRATTA_ID":"TR_0149","ENTE 3":null,"MOTIVO_NO":"Manca autorizz","STATO_AUTORIZZAZIONE":"IN ATTESA","STATO_NULLAOSTA":"NON NECESSARIO","STATO_ORDINANZA":"NON NECESSARIO","PROTOCOLLO_AUT":null,"PRATICA":null,"LAVORABILE":"NO","STATO_LEGENDA":"IN ATTESA","CAMPO AWS":"NOT STARTED"},"geometry":{"type":"MultiLineString","coordinates":[[[1035580.676574999233708,5677553.877121522091329,0.0],[1035611.749671444064006,5677568.805925729684532,0.0],[1035673.766950785066001,5677599.005325139500201,0.0]]]}},
{"type":"Feature","properties":{"fid":150,"TIPOLOGIA":"NO DIG","PROVINCIA":"MI","COMUNE":"LOCATE TRIULZI","CLUSTER":"3","ROUTE":"40","ENTE":"COMUNE","ENTE 2":"RIM","LUNGHEZZA":14.53,"SPAN":"40","LOTTO":"4","TRATTA_ID":"TR_0150","ENTE 3":null,"MOTIVO_NO":"Manca autorizz","STATO_AUTORIZZAZIONE":"IN ATTESA","STATO_NULLAOSTA":"NON NECESSARIO","STATO_ORDINANZA":"NON NECESSARIO","PROTOCOLLO_AUT":null,"PRATICA":null,"LAVORABILE":"NO","STATO_LEGENDA":"IN ATTESA","CAMPO AWS":"NOT STARTED"},"geometry":{"type":"MultiLineString","coordinates":[[[1028639.436226178426296,5673409.893077327869833,0.0],[1028642.572496392764151,5673430.346598370932043,0.0]]]}},
{"type":"Feature","properties":{"fid":151,"TIPOLOGIA":"CANALETTA","PROVINCIA":"MI","COMUNE":"LOCATE TRIULZI","CLUSTER":"3","ROUTE":"40","ENTE":"COMUNE","ENTE 2":"AIPO","LUNGHEZZA":27.61,"SPAN":"40","LOTTO":"4","TRATTA_ID":"TR_0151","ENTE 3":null,"MOTIVO_NO":"Manca autorizz","STATO_AUTORIZZAZIONE":"IN ATTESA","STATO_NULLAOSTA":"NON NECESSARIO","STATO_ORDINANZA":"NON NECESSARIO","PROTOCOLLO_AUT":null,"PRATICA":null,"LAVORABILE":"NO","STATO_LEGENDA":"IN ATTESA","CAMPO AWS":"NOT STARTED"},"geometry":{"type":"MultiLineString","coordinates":[[[1028503.59946904075332,5673294.713600241579115,0.0],[1028506.574789798934944,5673315.593694104813039,0.0],[1028509.7842652174877,5673333.549891767092049,0.0]]]}},
{"type":"Feature","properties":{"fid":152,"TIPOLOGIA":"SCAVO","PROVINCIA":"PV","COMUNE":"SIZIANO","CLUSTER":"3","ROUTE":"40","ENTE":"COMUNE","ENTE 2":null,"LUNGHEZZA":26.09,"SPAN":"40","LOTTO":"4","TRATTA_ID":"TR_0152","ENTE 3":null,"MOTIVO_NO":"Manca autorizz","STATO_AUTORIZZAZIONE":"IN ATTESA","STATO_NULLAOSTA":"NON NECESSARIO","STATO_ORDINANZA":"NON NECESSARIO","PROTOCOLLO_AUT":null,"PRATICA":null,"LAVORABILE":"NO","STATO_LEGENDA":"IN ATTESA","CAMPO AWS":"NOT STARTED"},"geometry":{"type":"MultiLineString","coordinates":[[[1028488.783050723024644,5673269.223404034040868,0.0],[1028490.023217494715936,5673273.842565845698118,0.0],[1028494.907776826410554,5673285.387423489242792,0.0],[1028495.410050728358328,5673290.008963233791292,0.0],[1028503.903073206311092,5673288.226714577525854,0.0],[1028503.59946904075332,5673294.713600241579115,0.0]]]}},
{"type":"Feature","properties":{"fid":153,"TIPOLOGIA":"NO DIG","PROVINCIA":"MI","COMUNE":"LOCATE TRIULZI","CLUSTER":"3","ROUTE":"40","ENTE":"COMUNE","ENTE 2":null,"LUNGHEZZA":140.87,"SPAN":"40","LOTTO":"4","TRATTA_ID":"TR_0153","ENTE 3":null,"MOTIVO_NO":"Manca autorizz","STATO_AUTORIZZAZIONE":"IN ATTESA","STATO_NULLAOSTA":"NON NECESSARIO","STATO_ORDINANZA":"NON NECESSARIO","PROTOCOLLO_AUT":null,"PRATICA":null,"LAVORABILE":"NO","STATO_LEGENDA":"IN ATTESA","CAMPO AWS":"NOT STARTED"},"geometry":{"type":"MultiLineString","coordinates":[[[1028509.7842652174877,5673333.549891767092049,0.0],[1028518.119696891750209,5673361.755823574960232,0.0],[1028532.43286504317075,5673396.92823423910886,0.0],[1028545.22585788439028,5673422.7315061558038,0.0],[1028573.651778992731124,5673413.029850319027901,0.0],[1028608.458046064479277,5673404.561104725115001,0.0],[1028637.753274227143265,5673401.223039732314646,0.0],[1028639.436226178426296,5673409.893077327869833,0.0]]]}},
{"type":"Feature","properties":{"fid":154,"TIPOLOGIA":"SCAVO","PROVINCIA":"MI","COMUNE":"MELEGNANO","CLUSTER":"3","ROUTE":"40","ENTE":"PROVINCIA DI MILANO","ENTE 2":null,"LUNGHEZZA":20.9,"SPAN":"40","LOTTO":"4","TRATTA_ID":"TR_0154","ENTE 3":null,"MOTIVO_NO":"Manca autorizz","STATO_AUTORIZZAZIONE":"IN ATTESA","STATO_NULLAOSTA":"NON NECESSARIO","STATO_ORDINANZA":"NON NECESSARIO","PROTOCOLLO_AUT":null,"PRATICA":null,"LAVORABILE":"NO","STATO_LEGENDA":"IN ATTESA","CAMPO AWS":"NOT STARTED"},"geometry":{"type":"MultiLineString","coordinates":[[[1035673.766950785066001,5677599.005325139500201,0.0],[1035697.961549549712799,5677616.280028840526938,0.0]]]}},
{"type":"Feature","properties":{"fid":155,"TIPOLOGIA":"SCAVO","PROVINCIA":"MI","COMUNE":"MELEGNANO","CLUSTER":"3","ROUTE":"40","ENTE":"PROVINCIA DI MILANO","ENTE 2":null,"LUNGHEZZA":15.71,"SPAN":"40","LOTTO":"4","TRATTA_ID":"TR_0155","ENTE 3":null,"MOTIVO_NO":"Manca autorizz","STATO_AUTORIZZAZIONE":"IN ATTESA","STATO_NULLAOSTA":"NON NECESSARIO","STATO_ORDINANZA":"NON NECESSARIO","PROTOCOLLO_AUT":null,"PRATICA":null,"LAVORABILE":"NO","STATO_LEGENDA":"IN ATTESA","CAMPO AWS":"NOT STARTED"},"geometry":{"type":"MultiLineString","coordinates":[[[1035559.023191068088636,5677548.423534099943936,0.0],[1035580.676574999233708,5677553.877121522091329,0.0]]]}},
{"type":"Feature","properties":{"fid":156,"TIPOLOGIA":"NO DIG","PROVINCIA":"MI","COMUNE":"MELEGNANO","CLUSTER":"3","ROUTE":"40","ENTE":"PROVINCIA DI MILANO","ENTE 2":null,"LUNGHEZZA":377.84,"SPAN":"40","LOTTO":"4","TRATTA_ID":"TR_0156","ENTE 3":null,"MOTIVO_NO":"Manca autorizz","STATO_AUTORIZZAZIONE":"IN ATTESA","STATO_NULLAOSTA":"NON NECESSARIO","STATO_ORDINANZA":"NON NECESSARIO","PROTOCOLLO_AUT":null,"PRATICA":null,"LAVORABILE":"NO","STATO_LEGENDA":"IN ATTESA","CAMPO AWS":"NOT STARTED"},"geometry":{"type":"MultiLineString","coordinates":[[[1035697.961549549712799,5677616.280028840526938,0.0],[1035769.212158280075528,5677649.690363401547074,0.0],[1035834.310861070407555,5677675.453274293802679,0.0],[1035906.146587441209704,5677692.854959217831492,0.0],[1035984.937230567215011,5677726.730969089083374,0.0],[1036016.202848383574747,5677752.97701471298933,0.0],[1036090.696347010903992,5677821.616999813355505,0.0],[1036153.117207897128537,5677881.886176001280546,0.0]]]}},
{"type":"Feature","properties":{"fid":157,"TIPOLOGIA":"NO DIG","PROVINCIA":"MI","COMUNE":"LOCATE TRIULZI","CLUSTER":"3","ROUTE":"40","ENTE":"COMUNE","ENTE 2":null,"LUNGHEZZA":139.08,"SPAN":"40","LOTTO":"4","TRATTA_ID":"TR_0157","ENTE 3":null,"MOTIVO_NO":"Manca autorizz","STATO_AUTORIZZAZIONE":"IN ATTESA","STATO_NULLAOSTA":"NON NECESSARIO","STATO_ORDINANZA":"NON NECESSARIO","PROTOCOLLO_AUT":null,"PRATICA":null,"LAVORABILE":"NO","STATO_LEGENDA":"IN ATTESA","CAMPO AWS":"NOT STARTED"},"geometry":{"type":"MultiLineString","coordinates":[[[1028642.572496392764151,5673430.346598370932043,0.0],[1028651.182482801727019,5673428.459813829511404,0.0],[1028685.841980432160199,5673431.462917760945857,0.0],[1028723.438495342270471,5673435.115025551989675,0.0],[1028752.058819215162657,5673437.992758054286242,0.0],[1028773.183112311875448,5673443.003770136274397,0.0],[1028803.753146775416099,5673451.338016260415316,0.0],[1028835.429545466206037,5673463.656333579681814,0.0]]]}},
{"type":"Feature","properties":{"fid":158,"TIPOLOGIA":"NO DIG","PROVINCIA":"PV","COMUNE":"SIZIANO","CLUSTER":"3","ROUTE":"40","ENTE":"COMUNE","ENTE 2":null,"LUNGHEZZA":2232.62,"SPAN":"40","LOTTO":"4","TRATTA_ID":"TR_0158","ENTE 3":null,"MOTIVO_NO":"Manca autorizz","STATO_AUTORIZZAZIONE":"IN ATTESA","STATO_NULLAOSTA":"NON NECESSARIO","STATO_ORDINANZA":"NON NECESSARIO","PROTOCOLLO_AUT":null,"PRATICA":null,"LAVORABILE":"NO","STATO_LEGENDA":"IN ATTESA","CAMPO AWS":"NOT STARTED"},"geometry":{"type":"MultiLineString","coordinates":[[[1025212.280293744872324,5672830.212527711875737,0.0],[1025218.016681116074324,5672794.836986876092851,0.0],[1025222.267774755368009,5672769.377755582332611,0.0],[1025237.306814644834958,5672699.332022448070347,0.0],[1025245.683063042815775,5672639.289610020816326,0.0],[1025258.731083991006017,5672577.033157047815621,0.0],[1025274.707098267739639,5672509.363035570830107,0.0],[1025285.610594094614498,5672476.983320627361536,0.0],[1025296.864893853547983,5672453.321394952945411,0.0],[1025337.76946278475225,5672391.024757891893387,0.0],[1025372.948005416314118,5672341.365932131186128,0.0],[1025394.93203194544185,5672305.71301983948797,0.0],[1025408.767189476406202,5672276.257742271758616,0.0],[1025419.063798707327805,5672266.716131842695177,0.0],[1025432.146328684873879,5672260.429485807195306,0.0],[1025464.88047874905169,5672257.30831453204155,0.0],[1025517.333881553029642,5672256.271272210404277,0.0],[1025650.260763360885903,5672253.113510824739933,0.0],[1025730.913021683809347,5672255.578795803710818,0.0],[1025790.170491405762732,5672255.578402834944427,0.0],[1025828.688072850927711,5672255.578010451979935,0.0],[1025849.948205850087106,5672251.268379890359938,0.0],[1025868.449735191534273,5672248.816344944760203,0.0],[1025894.185580025543459,5672247.59295819234103,0.0],[1026010.747869269456714,5672243.509773696772754,0.0],[1026104.216740458388813,5672253.335274347104132,0.0],[1026313.385252042440698,5672269.773767400532961,0.0],[1026373.525552021921612,5672278.106075113639235,0.0],[1026407.683514431817457,5672277.461693499237299,0.0],[1026426.587191226542927,5672277.461508453823626,0.0],[1026436.318323605693877,5672267.226490869186819,0.0],[1026437.81909484800417,5672265.956404136493802,0.0],[1026449.33760993857868,5672253.992136070504785,0.0],[1026450.501586093916558,5672253.992119306698442,0.0],[1026456.450443063862622,5672225.766994192264974,0.0],[1026462.526327703031711,5672198.273258408531547,0.0],[1026469.853070802171715,5672176.609791020862758,0.0],[1026475.417331697884947,5672159.998876424506307,0.0],[1026480.315779794589616,5672144.295568506233394,0.0],[1026484.498047768254764,5672136.825719415210187,0.0],[1026486.491826943587512,5672135.435385584831238,0.0],[1026487.517210497055203,5672134.510288197547197,0.0],[1026495.714477534173056,5672130.364897445775568,0.0],[1026504.14316986547783,5672127.617195216007531,0.0],[1026504.592452778131701,5672127.617200643755496,0.0],[1026517.123599261976779,5672128.074437855742872,0.0],[1026539.523301831563003,5672134.048881131224334,0.0],[1026540.426712455344386,5672134.048890077508986,0.0],[1026584.862827565404586,5672149.012792929075658,0.0],[1026640.129112256458029,5672169.228359644301236,0.0],[1026679.573637274326757,5672183.083166586235166,0.0],[1026761.921101060230285,5672224.082939112558961,0.0],[1026824.816554760676809,5672259.774584105238318,0.0],[1026904.577236247714609,5672298.226990441791713,0.0],[1026967.378983535571024,5672326.911687090061605,0.0],[1027003.004579748492688,5672341.984446819871664,0.0],[1027022.208525068708695,5672344.754745728336275,0.0],[1027050.157868257025257,5672352.42069982457906,0.0],[1027073.830944545334205,5672358.745565813034773,0.0],[1027210.915375680429861,5672380.26943819783628,0.0],[1027333.810205306857824,5672407.757827234454453,0.0],[1027398.328522029099986,5672420.618021694943309,0.0],[1027464.248738970491104,5672437.385617897845805,0.0],[1027536.409768890356645,5672466.665860888548195,0.0],[1027693.329783476307057,5672524.492210690863431,0.0],[1027795.221591971465386,5672565.721461159177125,0.0]]]}},
{"type":"Feature","properties":{"fid":159,"TIPOLOGIA":"NO DIG","PROVINCIA":"MI","COMUNE":"CARPIANO","CLUSTER":"3","ROUTE":"40","ENTE":"COMUNE","ENTE 2":null,"LUNGHEZZA":1327.37,"SPAN":"40","LOTTO":"4","TRATTA_ID":"TR_0159","ENTE 3":null,"MOTIVO_NO":"Manca autorizz","STATO_AUTORIZZAZIONE":"IN ATTESA","STATO_NULLAOSTA":"NON NECESSARIO","STATO_ORDINANZA":"NON NECESSARIO","PROTOCOLLO_AUT":null,"PRATICA":null,"LAVORABILE":"NO","STATO_LEGENDA":"IN ATTESA","CAMPO AWS":"NOT STARTED"},"geometry":{"type":"MultiLineString","coordinates":[[[1029824.202759464271367,5674195.153720808215439,0.0],[1029859.972906419774517,5674225.57608166988939,0.0],[1029976.057673287694342,5674309.959043965674937,0.0],[1030069.672813594457693,5674395.516852352768183,0.0],[1030146.762815689551644,5674459.836320211179554,0.0],[1030182.166954855783843,5674476.277879839763045,0.0],[1030415.682360095670447,5674569.270667528733611,0.0],[1030660.729413969209418,5674663.733238071203232,0.0],[1030696.217992513324134,5674689.261046446859837,0.0],[1030815.409692572429776,5674769.516998612321913,0.0],[1030841.05162580718752,5674787.093906652182341,0.0],[1030960.382903565769084,5674882.949575137346983,0.0],[1031030.367763349437155,5674928.904917445033789,0.0],[1031087.834499949705787,5674948.334963001310825,0.0],[1031147.395666906493716,5674980.623665792867541,0.0],[1031328.229588943067938,5675061.569177933968604,0.0],[1031391.15356292843353,5675088.916365209035575,0.0],[1031446.949451623135246,5675123.369287156499922,0.0]]]}},
{"type":"Feature","properties":{"fid":160,"TIPOLOGIA":"NO DIG","PROVINCIA":"MI","COMUNE":"CARPIANO","CLUSTER":"3","ROUTE":"40","ENTE":"PROVINCIA DI MILANO","ENTE 2":null,"LUNGHEZZA":2374.23,"SPAN":"40","LOTTO":"4","TRATTA_ID":"TR_0160","ENTE 3":null,"MOTIVO_NO":"Manca autorizz","STATO_AUTORIZZAZIONE":"IN ATTESA","STATO_NULLAOSTA":"NON NECESSARIO","STATO_ORDINANZA":"NON NECESSARIO","PROTOCOLLO_AUT":null,"PRATICA":null,"LAVORABILE":"NO","STATO_LEGENDA":"IN ATTESA","CAMPO AWS":"NOT STARTED"},"geometry":{"type":"MultiLineString","coordinates":[[[1031972.804464728222229,5675733.539117872714996,0.0],[1031978.475110362283885,5675755.923811380751431,0.0],[1031990.657356521580368,5675772.257391531951725,0.0],[1032004.716867141774856,5675785.956128282472491,0.0],[1032027.893292962224223,5675799.543405644595623,0.0],[1032080.68245068367105,5675824.684082140214741,0.0],[1032149.973490596632473,5675859.174671274609864,0.0],[1032222.067589644924738,5675895.75271035078913,0.0],[1032361.334612398641184,5675962.997178308665752,0.0],[1032453.363620277959853,5676009.012256496585906,0.0],[1032536.085704854223877,5676050.392608259804547,0.0],[1032655.364563868381083,5676109.597163463011384,0.0],[1032773.360129669075832,5676167.116362408734858,0.0],[1032941.048287055455148,5676249.155190357938409,0.0],[1033089.155822484288365,5676324.052765465341508,0.0],[1033152.952022121171467,5676352.033914075233042,0.0],[1033203.249061544542201,5676375.707350543700159,0.0],[1033233.468164959340356,5676378.849896521307528,0.0],[1033275.096290043089539,5676386.44326910469681,0.0],[1033327.080745106795803,5676411.528198314830661,0.0],[1033346.498489139252342,5676432.552317474968731,0.0],[1033374.801005325396545,5676459.39470395911485,0.0],[1033411.771504311240278,5676486.656504238955677,0.0],[1033484.943851328920573,5676521.44285430945456,0.0],[1033573.131494658766314,5676563.798538065515459,0.0],[1033663.376215976779349,5676607.349514498375356,0.0],[1033777.716932006995194,5676660.695706326514482,0.0],[1033873.781724527245387,5676709.877534156665206,0.0],[1034037.853691238677129,5676794.266457293182611,0.0],[1034165.98282601556275,5676855.225358539260924,0.0],[1034322.036643069703132,5676931.300015619955957,0.0],[1034485.501000118209049,5677015.001910127699375,0.0],[1034627.802127869799733,5677084.331465640105307,0.0],[1034836.663644221029244,5677186.542169197462499,0.0],[1034964.354950330918655,5677253.598579362034798,0.0]]]}},
{"type":"Feature","properties":{"fid":161,"TIPOLOGIA":"NO DIG","PROVINCIA":"MI","COMUNE":"MELEGNANO","CLUSTER":"3","ROUTE":"40","ENTE":"PROVINCIA DI MILANO","ENTE 2":null,"LUNGHEZZA":469.36,"SPAN":"40","LOTTO":"4","TRATTA_ID":"TR_0161","ENTE 3":null,"MOTIVO_NO":"Manca autorizz","STATO_AUTORIZZAZIONE":"IN ATTESA","STATO_NULLAOSTA":"NON NECESSARIO","STATO_ORDINANZA":"NON NECESSARIO","PROTOCOLLO_AUT":null,"PRATICA":null,"LAVORABILE":"NO","STATO_LEGENDA":"IN ATTESA","CAMPO AWS":"NOT STARTED"},"geometry":{"type":"MultiLineString","coordinates":[[[1034964.354950330918655,5677253.598579362034798,0.0],[1034996.439320345874876,5677268.291762309148908,0.0],[1035046.273345707799308,5677293.489642568863928,0.0],[1035083.684882275178097,5677311.97608298342675,0.0],[1035155.732766394503415,5677347.964909383095801,0.0],[1035189.642017738427967,5677363.513899954967201,0.0],[1035210.726657071965747,5677367.930297368206084,0.0],[1035239.569122715620324,5677378.830812649801373,0.0],[1035256.949943747138605,5677395.327150984667242,0.0],[1035275.199944297783077,5677413.543587699532509,0.0],[1035306.988024499616586,5677431.274070264771581,0.0],[1035368.007810604642145,5677458.681615650653839,0.0],[1035419.296286504133604,5677480.638316703960299,0.0],[1035486.132713008671999,5677514.491631668992341,0.0],[1035559.023191068088636,5677548.423534099943936,0.0]]]}},
{"type":"Feature","properties":{"fid":162,"TIPOLOGIA":"NO DIG","PROVINCIA":"MI","COMUNE":"SAN GIULIANO MILANESE","CLUSTER":"3","ROUTE":"40","ENTE":"PROVINCIA DI MILANO","ENTE 2":null,"LUNGHEZZA":399.28,"SPAN":"40","LOTTO":"4","TRATTA_ID":"TR_0162","ENTE 3":null,"MOTIVO_NO":"Manca autorizz","STATO_AUTORIZZAZIONE":"IN ATTESA","STATO_NULLAOSTA":"NON NECESSARIO","STATO_ORDINANZA":"NON NECESSARIO","PROTOCOLLO_AUT":null,"PRATICA":null,"LAVORABILE":"NO","STATO_LEGENDA":"IN ATTESA","CAMPO AWS":"NOT STARTED"},"geometry":{"type":"MultiLineString","coordinates":[[[1036312.958297163015231,5678066.426090867258608,0.0],[1036335.059485548175871,5678101.347635078243911,0.0],[1036368.984670167788863,5678149.215595060959458,0.0],[1036410.285573451896198,5678204.302324446849525,0.0],[1036452.741119316197,5678255.804972669109702,0.0],[1036498.759877795120701,5678315.330869920551777,0.0],[1036549.124952978570946,5678374.495504239574075,0.0],[1036575.455089868162759,5678412.113350135274231,0.0],[1036623.858674499671906,5678495.074049671180546,0.0],[1036632.305833995342255,5678532.17698962520808,0.0]]]}},
{"type":"Feature","properties":{"fid":164,"TIPOLOGIA":"NO DIG","PROVINCIA":"MI","COMUNE":"MELEGNANO","CLUSTER":"3","ROUTE":"40","ENTE":"PROVINCIA DI MILANO","ENTE 2":null,"LUNGHEZZA":513.17,"SPAN":"40","LOTTO":"4","TRATTA_ID":"TR_0164","ENTE 3":null,"MOTIVO_NO":"Manca autorizz","STATO_AUTORIZZAZIONE":"IN ATTESA","STATO_NULLAOSTA":"NON NECESSARIO","STATO_ORDINANZA":"NON NECESSARIO","PROTOCOLLO_AUT":null,"PRATICA":null,"LAVORABILE":"NO","STATO_LEGENDA":"IN ATTESA","CAMPO AWS":"NOT STARTED"},"geometry":{"type":"MultiLineString","coordinates":[[[1037424.852853868971579,5679194.220911518670619,0.0],[1037446.065169356530532,5679214.980198007076979,0.0],[1037477.419881507754326,5679218.533676001243293,0.0],[1037503.947095902054571,5679238.509549158625305,0.0],[1037547.691356715862639,5679270.94419523794204,0.0],[1037619.964719276758842,5679340.78590399492532,0.0],[1037662.372931437799707,5679379.068662502802908,0.0],[1037709.846685628755949,5679412.552635652944446,0.0],[1037756.422519089188427,5679445.690870992839336,0.0],[1037810.269586662878282,5679475.324682237580419,0.0],[1038015.298810638953,5679571.095421160571277,0.0],[1038033.702681551454589,5679579.779632410034537,0.0]]]}},
{"type":"Feature","properties":{"fid":168,"TIPOLOGIA":"NO DIG","PROVINCIA":"MI","COMUNE":"MEDIGLIA","CLUSTER":"3","ROUTE":"40","ENTE":"PROVINCIA DI MILANO","ENTE 2":null,"LUNGHEZZA":3809.45,"SPAN":"40","LOTTO":"4","TRATTA_ID":"TR_0168","ENTE 3":null,"MOTIVO_NO":"Manca autorizz","STATO_AUTORIZZAZIONE":"IN ATTESA","STATO_NULLAOSTA":"NON NECESSARIO","STATO_ORDINANZA":"NON NECESSARIO","PROTOCOLLO_AUT":null,"PRATICA":null,"LAVORABILE":"NO","STATO_LEGENDA":"IN ATTESA","CAMPO AWS":"NOT STARTED"},"geometry":{"type":"MultiLineString","coordinates":[[[1041072.180722313467413,5684186.349456154741347,0.0],[1041104.149027940700762,5684237.678735658526421,0.0],[1041143.09855914930813,5684302.976682469248772,0.0],[1041182.801096108392812,5684377.686086360365152,0.0],[1041203.40523632359691,5684426.056039449758828,0.0],[1041227.18511561898049,5684488.78493077494204,0.0],[1041275.646708964486606,5684625.4110076893121,0.0],[1041323.49951427266933,5684760.008206236176193,0.0],[1041409.552016868488863,5684997.116021527908742,0.0],[1041469.067293738364242,5685134.211560987867415,0.0],[1041575.885344453970902,5685400.069414253346622,0.0],[1041636.719892076798715,5685531.9931123200804,0.0],[1041648.386536355712451,5685576.538029062561691,0.0],[1041670.899498340906575,5685682.555210287682712,0.0],[1041714.580465890234336,5685893.036718214862049,0.0],[1041748.760608955286443,5686058.851162752136588,0.0],[1041787.081989901605994,5686225.509334198199213,0.0],[1041811.66299328673631,5686319.808541943319142,0.0],[1041824.380929660168476,5686359.102879048325121,0.0],[1041843.00412746204529,5686393.566131269559264,0.0],[1041870.150446085608564,5686442.725689739920199,0.0],[1042007.634323336416855,5686661.711611244827509,0.0],[1042135.641902262228541,5686870.595717087388039,0.0],[1042280.242430912679993,5687097.701277331449091,0.0],[1042369.851021292502992,5687240.377115895040333,0.0],[1042486.387658519321121,5687433.562727710232139,0.0],[1042619.875630445429124,5687644.819267116487026,0.0],[1042668.53595693258103,5687720.157350730150938,0.0],[1042737.425718585029244,5687837.997424466535449,0.0],[1042799.186024888651446,5687942.62273365072906,0.0],[1042881.635633116355166,5688085.524024303071201,0.0],[1043042.900476237875409,5688344.408226486295462,0.0],[1043116.338551851687953,5688463.308110645972192,0.0],[1043205.669837597641163,5688613.117866025306284,0.0],[1043348.278862038976513,5688843.43762999586761,0.0],[1043383.603794023860246,5688903.923274838365614,0.0],[1043399.696523978025652,5688942.432734172791243,0.0],[1043412.9867698692251,5688974.685186043381691,0.0],[1043431.636782928253524,5689010.323107467964292,0.0],[1043434.810157786589116,5689029.478492582216859,0.0]]]}},
{"type":"Feature","properties":{"fid":169,"TIPOLOGIA":"NO DIG","PROVINCIA":"MI","COMUNE":"MEDIGLIA","CLUSTER":"3","ROUTE":"40","ENTE":"PROVINCIA DI MILANO","ENTE 2":null,"LUNGHEZZA":133.71,"SPAN":"40","LOTTO":"4","TRATTA_ID":"TR_0169","ENTE 3":null,"MOTIVO_NO":"Manca autorizz","STATO_AUTORIZZAZIONE":"IN ATTESA","STATO_NULLAOSTA":"NON NECESSARIO","STATO_ORDINANZA":"NON NECESSARIO","PROTOCOLLO_AUT":null,"PRATICA":null,"LAVORABILE":"NO","STATO_LEGENDA":"IN ATTESA","CAMPO AWS":"NOT STARTED"},"geometry":{"type":"MultiLineString","coordinates":[[[1043650.283170359442011,5689230.445927010849118,0.0],[1043660.329258463578299,5689275.172547492198646,0.0],[1043666.498740551876836,5689332.429135104641318,0.0],[1043668.776192426099442,5689348.5402936283499,0.0],[1043668.776192426099442,5689348.5402936283499,0.0],[1043670.827656136360019,5689350.525583716109395,0.0],[1043706.041659225244075,5689408.942613652907312,0.0]]]}},
{"type":"Feature","properties":{"fid":172,"TIPOLOGIA":"SCAVO","PROVINCIA":"MI","COMUNE":"SETTALA","CLUSTER":"3","ROUTE":"6","ENTE":"PROVINCIA DI MILANO","ENTE 2":null,"LUNGHEZZA":1179.47,"SPAN":"6_2","LOTTO":"4","TRATTA_ID":"TR_0172","ENTE 3":null,"MOTIVO_NO":"Manca autorizz","STATO_AUTORIZZAZIONE":"IN ATTESA","STATO_NULLAOSTA":"NON NECESSARIO","STATO_ORDINANZA":"NON NECESSARIO","PROTOCOLLO_AUT":null,"PRATICA":null,"LAVORABILE":"NO","STATO_LEGENDA":"IN ATTESA","CAMPO AWS":"NOT STARTED"},"geometry":{"type":"MultiLineString","coordinates":[[[1044682.103550305124372,5690991.679136336781085,0.0],[1044595.233579688239843,5690854.29598700068891,0.0],[1044441.059433237533085,5690607.083747799508274,0.0],[1044336.011596011347137,5690418.26213747356087,0.0],[1044166.803230005665682,5690168.92053484544158,0.0],[1044039.86619671434164,5689955.505534889176488,0.0],[1043857.254350528586656,5689645.667296584695578,0.0],[1043817.853085369686596,5689578.945663513615727,0.0],[1043806.779329469543882,5689556.223255203105509,0.0]]]}},
{"type":"Feature","properties":{"fid":173,"TIPOLOGIA":"SCAVO","PROVINCIA":"BG","COMUNE":"STEZZANO","CLUSTER":"3","ROUTE":"6","ENTE":"COMUNE","ENTE 2":null,"LUNGHEZZA":629.43,"SPAN":"6_2","LOTTO":"1","TRATTA_ID":"TR_0173","ENTE 3":null,"MOTIVO_NO":"Manca autorizz","STATO_AUTORIZZAZIONE":"IN ATTESA","STATO_NULLAOSTA":"NON NECESSARIO","STATO_ORDINANZA":"NON NECESSARIO","PROTOCOLLO_AUT":null,"PRATICA":null,"LAVORABILE":"NO","STATO_LEGENDA":"IN ATTESA","CAMPO AWS":"NOT STARTED"},"geometry":{"type":"MultiLineString","coordinates":[[[1074909.440616928506643,5725569.184433740563691,0.0],[1074864.284451996907592,5725387.824968620203435,0.0],[1074802.798285320634022,5725131.217362870462239,0.0],[1074735.800836849957705,5724860.379723127000034,0.0],[1074621.20349452807568,5724732.458185845986009,0.0]]]}},
{"type":"Feature","properties":{"fid":174,"TIPOLOGIA":"SCAVO","PROVINCIA":"BG","COMUNE":"STEZZANO","CLUSTER":"3","ROUTE":"6","ENTE":"COMUNE","ENTE 2":null,"LUNGHEZZA":161.96,"SPAN":"6_2","LOTTO":"1","TRATTA_ID":"TR_0174","ENTE 3":null,"MOTIVO_NO":"Manca autorizz","STATO_AUTORIZZAZIONE":"IN ATTESA","STATO_NULLAOSTA":"NON NECESSARIO","STATO_ORDINANZA":"NON NECESSARIO","PROTOCOLLO_AUT":null,"PRATICA":null,"LAVORABILE":"NO","STATO_LEGENDA":"IN ATTESA","CAMPO AWS":"NOT STARTED"},"geometry":{"type":"MultiLineString","coordinates":[[[1074621.20349452807568,5724732.458185845986009,0.0],[1074620.978040928952396,5724706.600495092570782,0.0],[1074612.183841648511589,5724673.262352449819446,0.0],[1074611.152036107843742,5724662.185857252217829,0.0],[1074548.17456846893765,5724592.347869870252907,0.0],[1074540.900817173533142,5724577.586382980458438,0.0],[1074538.601550501072779,5724527.700023174285889,0.0]]]}},
{"type":"Feature","properties":{"fid":175,"TIPOLOGIA":"SCAVO","PROVINCIA":"BG","COMUNE":"STEZZANO","CLUSTER":"3","ROUTE":"6","ENTE":"COMUNE","ENTE 2":null,"LUNGHEZZA":993.83,"SPAN":"6_2","LOTTO":"1","TRATTA_ID":"TR_0175","ENTE 3":null,"MOTIVO_NO":"Manca autorizz","STATO_AUTORIZZAZIONE":"IN ATTESA","STATO_NULLAOSTA":"NON NECESSARIO","STATO_ORDINANZA":"NON NECESSARIO","PROTOCOLLO_AUT":null,"PRATICA":null,"LAVORABILE":"NO","STATO_LEGENDA":"IN ATTESA","CAMPO AWS":"NOT STARTED"},"geometry":{"type":"MultiLineString","coordinates":[[[1074538.601550501072779,5724527.700023174285889,0.0],[1074521.208356407471001,5724478.460749587975442,0.0],[1074513.809094453463331,5724405.83130120113492,0.0],[1074502.127308042254299,5724340.875997435301542,0.0],[1074465.835448804777116,5724235.43990493286401,0.0],[1074424.528073299443349,5724143.898716501891613,0.0],[1074331.065101961838081,5723918.689766882918775,0.0],[1074245.901032756315544,5723712.583398653194308,0.0],[1074130.251546396175399,5723433.670398377813399,0.0],[1074032.972382228588685,5723201.96264314185828,0.0]]]}},
{"type":"Feature","properties":{"fid":176,"TIPOLOGIA":"SCAVO","PROVINCIA":"BG","COMUNE":"VERDELLO","CLUSTER":"3","ROUTE":"6","ENTE":"COMUNE","ENTE 2":null,"LUNGHEZZA":2452.5,"SPAN":"6_2","LOTTO":"4","TRATTA_ID":"TR_0176","ENTE 3":null,"MOTIVO_NO":"Manca autorizz","STATO_AUTORIZZAZIONE":"IN ATTESA","STATO_NULLAOSTA":"NON NECESSARIO","STATO_ORDINANZA":"NON NECESSARIO","PROTOCOLLO_AUT":null,"PRATICA":null,"LAVORABILE":"NO","STATO_LEGENDA":"IN ATTESA","CAMPO AWS":"NOT STARTED"},"geometry":{"type":"MultiLineString","coordinates":[[[1072345.607820882694796,5719071.024284028448164,0.0],[1072326.018054795684293,5719074.074922843836248,0.0],[1072283.294794828398153,5718970.055937541648746,0.0],[1072194.641205972060561,5718771.008304155431688,0.0],[1072085.409336837008595,5718507.141402809880674,0.0],[1072044.883429912151769,5718416.181142206303775,0.0],[1071926.141083730384707,5718113.787381417118013,0.0],[1071920.144308255985379,5718084.009887571446598,0.0],[1071911.939027111278847,5717893.981177773326635,0.0],[1071901.040817712666467,5717668.457875217311084,0.0],[1071937.689951991429552,5717521.787963121198118,0.0],[1071969.598090100102127,5717389.920145993120968,0.0],[1071983.84199136774987,5717327.383919297717512,0.0],[1071983.080421910854056,5717301.663461376912892,0.0],[1071980.319608096266165,5717287.512234884314239,0.0],[1071974.363443214679137,5717274.978645702823997,0.0],[1071959.986483519431204,5717254.840832275338471,0.0],[1071928.960923864739016,5717230.422157729975879,0.0],[1071883.947120053227991,5717208.002100397832692,0.0],[1071765.5524845297914,5717179.985926331020892,0.0],[1071612.919609731528908,5717162.330546023324132,0.0],[1071587.104218699038029,5717141.58892900776118,0.0],[1071569.420332998270169,5717119.112566845491529,0.0],[1071557.334407913964242,5717088.610052182339132,0.0],[1071546.571045309305191,5717056.086007196456194,0.0],[1071532.832664420129731,5717007.260406721383333,0.0],[1071481.09346770006232,5716827.362271657213569,0.0],[1071424.814508527517319,5716626.16902469098568,0.0],[1071373.192056546919048,5716448.429788836278021,0.0],[1071289.936028618365526,5716164.43271108623594,0.0],[1071261.751911788014695,5716052.54914343636483,0.0],[1071257.122043315088376,5716017.23741627857089,0.0]]]}},
{"type":"Feature","properties":{"fid":177,"TIPOLOGIA":"SCAVO","PROVINCIA":"BG","COMUNE":"ARCENE","CLUSTER":"3","ROUTE":"6","ENTE":"COMUNE","ENTE 2":null,"LUNGHEZZA":1666.44,"SPAN":"6_2","LOTTO":"4","TRATTA_ID":"TR_0177","ENTE 3":null,"MOTIVO_NO":"Manca autorizz","STATO_AUTORIZZAZIONE":"IN ATTESA","STATO_NULLAOSTA":"NON NECESSARIO","STATO_ORDINANZA":"NON NECESSARIO","PROTOCOLLO_AUT":null,"PRATICA":null,"LAVORABILE":"NO","STATO_LEGENDA":"IN ATTESA","CAMPO AWS":"NOT STARTED"},"geometry":{"type":"MultiLineString","coordinates":[[[1070675.384929538238794,5714019.011001896113157,0.0],[1070640.670485041337088,5713921.268770599737763,0.0],[1070587.246315687661991,5713749.952905122190714,0.0],[1070541.701916611520573,5713597.837082310579717,0.0],[1070504.587547176051885,5713469.584397349506617,0.0],[1070475.046716010663658,5713380.392815380357206,0.0],[1070438.820359963225201,5713253.452074160799384,0.0],[1070382.306791334180161,5713071.29682526551187,0.0],[1070348.160964542767033,5712950.438958114944398,0.0],[1070333.266801870428026,5712879.293688427656889,0.0],[1070342.377922664163634,5712802.528170441277325,0.0],[1070364.044271661667153,5712700.700020391494036,0.0],[1070379.555970470886678,5712600.211169538088143,0.0],[1070377.587128694402054,5712585.441269436851144,0.0],[1070368.973885465646163,5712509.473146975040436,0.0],[1070356.913393243215978,5712467.37919458001852,0.0],[1070306.699176288442686,5712401.169650899246335,0.0],[1070171.395511328941211,5712257.379618947394192,0.0],[1070150.226459962315857,5712251.470706098712981,0.0],[1070141.857548702973872,5712244.824035048484802,0.0],[1070138.411850958829746,5712236.45456619001925,0.0],[1070138.904911593068391,5712223.408405714668334,0.0],[1070109.690190771827474,5712117.035052197985351,0.0],[1070051.999375337036327,5711905.966707931831479,0.0],[1070018.011685067554936,5711800.819475410506129,0.0]]]}},
{"type":"Feature","properties":{"fid":178,"TIPOLOGIA":"NO DIG","PROVINCIA":"BG","COMUNE":"STEZZANO","CLUSTER":"3","ROUTE":"6","ENTE":"PROVINCIA DI BERGAMO","ENTE 2":null,"LUNGHEZZA":517.89,"SPAN":"6_2","LOTTO":"1","TRATTA_ID":"TR_0178","ENTE 3":null,"MOTIVO_NO":"Manca autorizz","STATO_AUTORIZZAZIONE":"IN ATTESA","STATO_NULLAOSTA":"NON NECESSARIO","STATO_ORDINANZA":"NON NECESSARIO","PROTOCOLLO_AUT":null,"PRATICA":null,"LAVORABILE":"NO","STATO_LEGENDA":"IN ATTESA","CAMPO AWS":"NOT STARTED"},"geometry":{"type":"MultiLineString","coordinates":[[[1073664.70489245490171,5722296.821034192107618,0.0],[1073474.338294299086556,5721834.603818729519844,0.0],[1073385.042282506125048,5721610.123189887963235,0.0]]]}},
{"type":"Feature","properties":{"fid":179,"TIPOLOGIA":"NO DIG","PROVINCIA":"BG","COMUNE":"LEVATE","CLUSTER":"3","ROUTE":"6","ENTE":"PROVINCIA DI BERGAMO","ENTE 2":null,"LUNGHEZZA":1156.38,"SPAN":"6_2","LOTTO":"1","TRATTA_ID":"TR_0179","ENTE 3":null,"MOTIVO_NO":"Manca autorizz","STATO_AUTORIZZAZIONE":"IN ATTESA","STATO_NULLAOSTA":"NON NECESSARIO","STATO_ORDINANZA":"NON NECESSARIO","PROTOCOLLO_AUT":null,"PRATICA":null,"LAVORABILE":"NO","STATO_LEGENDA":"IN ATTESA","CAMPO AWS":"NOT STARTED"},"geometry":{"type":"MultiLineString","coordinates":[[[1073213.781361266272143,5721203.849526808597147,0.0],[1073201.254211169434711,5721174.131125721149147,0.0],[1073026.373872418655083,5720752.655237763188779,0.0],[1072759.649779400555417,5720113.058830790221691,0.0],[1072576.35771578294225,5719676.203899570740759,0.0]]]}},
{"type":"Feature","properties":{"fid":180,"TIPOLOGIA":"NO DIG","PROVINCIA":"BG","COMUNE":"VERDELLO","CLUSTER":"3","ROUTE":"6","ENTE":"PROVINCIA DI BERGAMO","ENTE 2":null,"LUNGHEZZA":155.62,"SPAN":"6_2","LOTTO":"4","TRATTA_ID":"TR_0180","ENTE 3":null,"MOTIVO_NO":"Manca autorizz","STATO_AUTORIZZAZIONE":"IN ATTESA","STATO_NULLAOSTA":"NON NECESSARIO","STATO_ORDINANZA":"NON NECESSARIO","PROTOCOLLO_AUT":null,"PRATICA":null,"LAVORABILE":"NO","STATO_LEGENDA":"IN ATTESA","CAMPO AWS":"NOT STARTED"},"geometry":{"type":"MultiLineString","coordinates":[[[1072416.354632294271141,5719281.771178089082241,0.0],[1072377.460071359062567,5719188.317615010775626,0.0],[1072345.607820882694796,5719071.024284028448164,0.0]]]}},
{"type":"Feature","properties":{"fid":182,"TIPOLOGIA":"NO DIG","PROVINCIA":"BG","COMUNE":"ARCENE","CLUSTER":"3","ROUTE":"6","ENTE":"PROVINCIA DI BERGAMO","ENTE 2":null,"LUNGHEZZA":464.13,"SPAN":"6_2","LOTTO":"4","TRATTA_ID":"TR_0182","ENTE 3":null,"MOTIVO_NO":"Manca autorizz","STATO_AUTORIZZAZIONE":"IN ATTESA","STATO_NULLAOSTA":"NON NECESSARIO","STATO_ORDINANZA":"NON NECESSARIO","PROTOCOLLO_AUT":null,"PRATICA":null,"LAVORABILE":"NO","STATO_LEGENDA":"IN ATTESA","CAMPO AWS":"NOT STARTED"},"geometry":{"type":"MultiLineString","coordinates":[[[1070859.974010140635073,5714656.927181030623615,0.0],[1070675.384929538238794,5714019.011001896113157,0.0]]]}},
{"type":"Feature","properties":{"fid":183,"TIPOLOGIA":"NO DIG","PROVINCIA":"BG","COMUNE":"ARCENE","CLUSTER":"3","ROUTE":"6","ENTE":"PROVINCIA DI BERGAMO","ENTE 2":null,"LUNGHEZZA":568.77,"SPAN":"6_2","LOTTO":"4","TRATTA_ID":"TR_0183","ENTE 3":null,"MOTIVO_NO":"Manca autorizz","STATO_AUTORIZZAZIONE":"IN ATTESA","STATO_NULLAOSTA":"NON NECESSARIO","STATO_ORDINANZA":"NON NECESSARIO","PROTOCOLLO_AUT":null,"PRATICA":null,"LAVORABILE":"NO","STATO_LEGENDA":"IN ATTESA","CAMPO AWS":"NOT STARTED"},"geometry":{"type":"MultiLineString","coordinates":[[[1070018.011685067554936,5711800.819475410506129,0.0],[1069889.297691176878288,5711317.254851639270782,0.0],[1069807.649657943053171,5711014.91480893548578,0.0]]]}},
{"type":"Feature","properties":{"fid":184,"TIPOLOGIA":"NO DIG","PROVINCIA":"BG","COMUNE":"TREVIGLIO","CLUSTER":"3","ROUTE":"6","ENTE":"PROVINCIA DI BERGAMO","ENTE 2":null,"LUNGHEZZA":3185.89,"SPAN":"6_2","LOTTO":"4","TRATTA_ID":"TR_0184","ENTE 3":null,"MOTIVO_NO":"Manca autorizz","STATO_AUTORIZZAZIONE":"IN ATTESA","STATO_NULLAOSTA":"NON NECESSARIO","STATO_ORDINANZA":"NON NECESSARIO","PROTOCOLLO_AUT":null,"PRATICA":null,"LAVORABILE":"NO","STATO_LEGENDA":"IN ATTESA","CAMPO AWS":"NOT STARTED"},"geometry":{"type":"MultiLineString","coordinates":[[[1069807.649657943053171,5711014.91480893548578,0.0],[1069671.85380911687389,5710504.866976199671626,0.0],[1069503.571293101180345,5709919.262224816717207,0.0],[1069369.229459312278777,5709428.223325609229505,0.0],[1069294.577616577735171,5709155.547550764866173,0.0],[1069184.833772995742038,5708753.013216650113463,0.0],[1069072.834974206984043,5708373.181578926742077,0.0],[1068941.366556621156633,5707878.923345169983804,0.0],[1068838.036093139555305,5707508.701484623365104,0.0],[1068735.556978044798598,5707143.948151558637619,0.0],[1068631.352536950726062,5706760.435965386219323,0.0],[1068600.850572860101238,5706622.265284116379917,0.0]]]}},
{"type":"Feature","properties":{"fid":185,"TIPOLOGIA":"NO DIG","PROVINCIA":"BG","COMUNE":"TREVIGLIO","CLUSTER":"3","ROUTE":"6","ENTE":"COMUNE","ENTE 2":null,"LUNGHEZZA":746.64,"SPAN":"6_2","LOTTO":"4","TRATTA_ID":"TR_0185","ENTE 3":null,"MOTIVO_NO":"Manca autorizz","STATO_AUTORIZZAZIONE":"IN ATTESA","STATO_NULLAOSTA":"NON NECESSARIO","STATO_ORDINANZA":"NON NECESSARIO","PROTOCOLLO_AUT":null,"PRATICA":null,"LAVORABILE":"NO","STATO_LEGENDA":"IN ATTESA","CAMPO AWS":"NOT STARTED"},"geometry":{"type":"MultiLineString","coordinates":[[[1068600.850572860101238,5706622.265284116379917,0.0],[1068330.331636810442433,5705589.737652816809714,0.0]]]}},
{"type":"Feature","properties":{"fid":186,"TIPOLOGIA":"NO DIG","PROVINCIA":"BG","COMUNE":"TREVIGLIO","CLUSTER":"3","ROUTE":"6","ENTE":"COMUNE","ENTE 2":null,"LUNGHEZZA":1091.25,"SPAN":"6_2","LOTTO":"4","TRATTA_ID":"TR_0186","ENTE 3":null,"MOTIVO_NO":"Manca autorizz","STATO_AUTORIZZAZIONE":"IN ATTESA","STATO_NULLAOSTA":"NON NECESSARIO","STATO_ORDINANZA":"NON NECESSARIO","PROTOCOLLO_AUT":null,"PRATICA":null,"LAVORABILE":"NO","STATO_LEGENDA":"IN ATTESA","CAMPO AWS":"NOT STARTED"},"geometry":{"type":"MultiLineString","coordinates":[[[1066703.554099293192849,5704784.177254226058722,0.0],[1066675.506480434676632,5704766.768074598163366,0.0],[1066538.424783109687269,5704683.0624780934304,0.0],[1066275.691067232983187,5704522.909839328378439,0.0],[1066003.052459610626101,5704358.464923728257418,0.0],[1065798.707812543259934,5704233.16162568423897,0.0],[1065721.185419515706599,5704204.18088311702013,0.0],[1065661.470207622740418,5704195.304301053285599,0.0],[1065309.233426094288006,5704223.379733801819384,0.0]]]}},
{"type":"Feature","properties":{"fid":187,"TIPOLOGIA":"NO DIG","PROVINCIA":"CR","COMUNE":"RIVOLTA D'ADDA","CLUSTER":"3","ROUTE":"6","ENTE":"PROVINCIA DI MILANO","ENTE 2":null,"LUNGHEZZA":503.54,"SPAN":"6_2","LOTTO":"4","TRATTA_ID":"TR_0187","ENTE 3":null,"MOTIVO_NO":"Manca autorizz","STATO_AUTORIZZAZIONE":"IN ATTESA","STATO_NULLAOSTA":"NON NECESSARIO","STATO_ORDINANZA":"NON NECESSARIO","PROTOCOLLO_AUT":null,"PRATICA":null,"LAVORABILE":"NO","STATO_LEGENDA":"IN ATTESA","CAMPO AWS":"NOT STARTED"},"geometry":{"type":"MultiLineString","coordinates":[[[1058090.907865922665223,5696608.728762317448854,0.0],[1057918.742745254188776,5696643.791304023005068,0.0],[1057626.63598026195541,5696719.617378832772374,0.0],[1057395.297900278586894,5696781.687731962651014,0.0]]]}},
{"type":"Feature","properties":{"fid":188,"TIPOLOGIA":"NO DIG","PROVINCIA":"BG","COMUNE":"TREVIGLIO","CLUSTER":"3","ROUTE":"6","ENTE":"ANAS","ENTE 2":null,"LUNGHEZZA":1460.41,"SPAN":"6_2","LOTTO":"4","TRATTA_ID":"TR_0188","ENTE 3":null,"MOTIVO_NO":"Manca autorizz","STATO_AUTORIZZAZIONE":"IN ATTESA","STATO_NULLAOSTA":"NON NECESSARIO","STATO_ORDINANZA":"NON NECESSARIO","PROTOCOLLO_AUT":null,"PRATICA":null,"LAVORABILE":"NO","STATO_LEGENDA":"IN ATTESA","CAMPO AWS":"NOT STARTED"},"geometry":{"type":"MultiLineString","coordinates":[[[1065206.961297884816304,5704232.920846682041883,0.0],[1064631.006243891781196,5704286.630415989086032,0.0],[1064163.738153468817472,5704329.216355254873633,0.0],[1063383.750356420874596,5704399.914028503932059,0.0],[1063134.922025930369273,5704425.301238252781332,0.0]]]}},
{"type":"Feature","properties":{"fid":190,"TIPOLOGIA":"NO DIG","PROVINCIA":"CR","COMUNE":"RIVOLTA D'ADDA","CLUSTER":"3","ROUTE":"6","ENTE":"PROVINCIA DI MILANO","ENTE 2":null,"LUNGHEZZA":226.21,"SPAN":"6_2","LOTTO":"4","TRATTA_ID":"TR_0190","ENTE 3":null,"MOTIVO_NO":"Manca autorizz","STATO_AUTORIZZAZIONE":"IN ATTESA","STATO_NULLAOSTA":"NON NECESSARIO","STATO_ORDINANZA":"NON NECESSARIO","PROTOCOLLO_AUT":null,"PRATICA":null,"LAVORABILE":"NO","STATO_LEGENDA":"IN ATTESA","CAMPO AWS":"NOT STARTED"},"geometry":{"type":"MultiLineString","coordinates":[[[1057142.160662050591782,5696847.8466940773651,0.0],[1056830.451789015671238,5696929.105766860768199,0.0]]]}},
{"type":"Feature","properties":{"fid":194,"TIPOLOGIA":"NO DIG","PROVINCIA":"MI","COMUNE":"SETTALA","CLUSTER":"3","ROUTE":"6","ENTE":"PROVINCIA DI MILANO","ENTE 2":null,"LUNGHEZZA":2636.97,"SPAN":"6_2","LOTTO":"4","TRATTA_ID":"TR_0194","ENTE 3":null,"MOTIVO_NO":"Manca autorizz","STATO_AUTORIZZAZIONE":"IN ATTESA","STATO_NULLAOSTA":"NON NECESSARIO","STATO_ORDINANZA":"NON NECESSARIO","PROTOCOLLO_AUT":null,"PRATICA":null,"LAVORABILE":"NO","STATO_LEGENDA":"IN ATTESA","CAMPO AWS":"NOT STARTED"},"geometry":{"type":"MultiLineString","coordinates":[[[1047263.23521064594388,5695144.822765689343214,0.0],[1047213.446149912546389,5695100.938280276954174,0.0],[1047193.280079187825322,5695075.913218345493078,0.0],[1047147.250330286333337,5695000.523879741318524,0.0],[1047095.850506856804714,5694915.473549163900316,0.0],[1047027.686778106493875,5694802.216290235519409,0.0],[1046940.53302066156175,5694661.785106729716063,0.0],[1046849.124570625368506,5694513.863178426399827,0.0],[1046752.652745383093134,5694355.236675222404301,0.0],[1046645.835103219375014,5694179.773735853843391,0.0],[1046569.791546756285243,5694055.130015602335334,0.0],[1046494.078583825728856,5693930.005984746851027,0.0],[1046421.853950986638665,5693811.843188056722283,0.0],[1046325.237027118331753,5693647.414035675115883,0.0],[1046288.909831841476262,5693575.404835648834705,0.0],[1046199.269741195370443,5693430.353929956443608,0.0],[1045941.808630103245378,5693006.170412261039019,0.0],[1045718.606712466105819,5692660.275663948617876,0.0],[1045269.167826472432353,5691959.340072066523135,0.0]]]}},
{"type":"Feature","properties":{"fid":196,"TIPOLOGIA":"NO DIG","PROVINCIA":"MI","COMUNE":"CASSANO D'ADDA","CLUSTER":"3","ROUTE":"6","ENTE":"ANAS","ENTE 2":null,"LUNGHEZZA":683.82,"SPAN":"6_2","LOTTO":"4","TRATTA_ID":"TR_0196","ENTE 3":null,"MOTIVO_NO":"Manca autorizz","STATO_AUTORIZZAZIONE":"IN ATTESA","STATO_NULLAOSTA":"NON NECESSARIO","STATO_ORDINANZA":"NON NECESSARIO","PROTOCOLLO_AUT":null,"PRATICA":null,"LAVORABILE":"NO","STATO_LEGENDA":"IN ATTESA","CAMPO AWS":"NOT STARTED"},"geometry":{"type":"MultiLineString","coordinates":[[[1061242.526601842138916,5704606.926155271008611,0.0],[1061201.511921052122489,5704604.607101828791201,0.0],[1061179.828540248796344,5704599.389901884831488,0.0],[1060916.733231126330793,5704416.003376347012818,0.0],[1060595.713532310212031,5704186.720913944765925,0.0],[1060455.479053216055036,5704083.980989861302078,0.0],[1060436.248772865626961,5704071.435600784607232,0.0]]]}},
{"type":"Feature","properties":{"fid":197,"TIPOLOGIA":"NO DIG","PROVINCIA":"MI","COMUNE":"CASSANO D'ADDA","CLUSTER":"3","ROUTE":"6","ENTE":"PROVINCIA DI CREMONA","ENTE 2":null,"LUNGHEZZA":721.45,"SPAN":"6_2","LOTTO":"4","TRATTA_ID":"TR_0197","ENTE 3":null,"MOTIVO_NO":"Manca autorizz","STATO_AUTORIZZAZIONE":"IN ATTESA","STATO_NULLAOSTA":"NON NECESSARIO","STATO_ORDINANZA":"NON NECESSARIO","PROTOCOLLO_AUT":null,"PRATICA":null,"LAVORABILE":"NO","STATO_LEGENDA":"IN ATTESA","CAMPO AWS":"NOT STARTED"},"geometry":{"type":"MultiLineString","coordinates":[[[1060347.292217714712024,5703486.723478543572128,0.0],[1060318.521837055683136,5703312.358231418766081,0.0],[1060262.290624004788697,5703173.261278638616204,0.0],[1060105.389926917850971,5702846.238725762814283,0.0],[1060048.237632238073274,5702703.665306157432497,0.0],[1060011.031943427864462,5702602.040517448447645,0.0],[1059996.88255136506632,5702523.809085860848427,0.0]]]}},
{"type":"Feature","properties":{"fid":198,"TIPOLOGIA":"NO DIG","PROVINCIA":"CR","COMUNE":"RIVOLTA D'ADDA","CLUSTER":"3","ROUTE":"6","ENTE":"PROVINCIA DI CREMONA","ENTE 2":null,"LUNGHEZZA":1802.45,"SPAN":"6_2","LOTTO":"4","TRATTA_ID":"TR_0198","ENTE 3":null,"MOTIVO_NO":"Manca autorizz","STATO_AUTORIZZAZIONE":"IN ATTESA","STATO_NULLAOSTA":"NON NECESSARIO","STATO_ORDINANZA":"NON NECESSARIO","PROTOCOLLO_AUT":null,"PRATICA":null,"LAVORABILE":"NO","STATO_LEGENDA":"IN ATTESA","CAMPO AWS":"NOT STARTED"},"geometry":{"type":"MultiLineString","coordinates":[[[1059804.919293768703938,5700997.655898050405085,0.0],[1059853.227377492235973,5700691.066653196699917,0.0],[1059882.904799383599311,5700585.584903253242373,0.0],[1059963.989114215830341,5700436.378240370191634,0.0],[1059979.530207379488274,5700188.435034213587642,0.0],[1059996.464244525646791,5699778.141802346333861,0.0],[1060009.722415938740596,5699315.583122043870389,0.0],[1060023.561547918478027,5699008.920463148504496,0.0],[1060042.459620490437374,5698565.107258011586964,0.0],[1060046.679175914032385,5698452.69055185187608,0.0]]]}},
{"type":"Feature","properties":{"fid":199,"TIPOLOGIA":"NO DIG","PROVINCIA":"BG","COMUNE":"CASIRATE D'ADDA","CLUSTER":"3","ROUTE":"6","ENTE":"PROVINCIA DI BERGAMO","ENTE 2":null,"LUNGHEZZA":464.01,"SPAN":"6_2","LOTTO":"4","TRATTA_ID":"TR_0199","ENTE 3":null,"MOTIVO_NO":"Manca autorizz","STATO_AUTORIZZAZIONE":"IN ATTESA","STATO_NULLAOSTA":"NON NECESSARIO","STATO_ORDINANZA":"NON NECESSARIO","PROTOCOLLO_AUT":null,"PRATICA":null,"LAVORABILE":"NO","STATO_LEGENDA":"IN ATTESA","CAMPO AWS":"NOT STARTED"},"geometry":{"type":"MultiLineString","coordinates":[[[1059849.231593484757468,5701817.305504295043647,0.0],[1059828.383917532861233,5701218.587405040860176,0.0],[1059815.637610711622983,5701155.819829732179642,0.0]]]}},
{"type":"Feature","properties":{"fid":200,"TIPOLOGIA":"NO DIG","PROVINCIA":"MI","COMUNE":"CASSANO D'ADDA","CLUSTER":"3","ROUTE":"6","ENTE":"PROVINCIA DI CREMONA","ENTE 2":null,"LUNGHEZZA":348.83,"SPAN":"6_2","LOTTO":"4","TRATTA_ID":"TR_0200","ENTE 3":null,"MOTIVO_NO":"Manca autorizz","STATO_AUTORIZZAZIONE":"IN ATTESA","STATO_NULLAOSTA":"NON NECESSARIO","STATO_ORDINANZA":"NON NECESSARIO","PROTOCOLLO_AUT":null,"PRATICA":null,"LAVORABILE":"NO","STATO_LEGENDA":"IN ATTESA","CAMPO AWS":"NOT STARTED"},"geometry":{"type":"MultiLineString","coordinates":[[[1060436.248772865626961,5704071.435600784607232,0.0],[1060357.630349619546905,5703579.05165795981884,0.0]]]}},
{"type":"Feature","properties":{"fid":202,"TIPOLOGIA":"CANALETTA","PROVINCIA":"MI","COMUNE":"MEDIGLIA","CLUSTER":"3","ROUTE":"6","ENTE":"PROVINCIA DI MILANO","ENTE 2":"RIB","LUNGHEZZA":31.7,"SPAN":"6_2","LOTTO":"4","TRATTA_ID":"TR_0202","ENTE 3":null,"MOTIVO_NO":"Manca autorizz","STATO_AUTORIZZAZIONE":"IN ATTESA","STATO_NULLAOSTA":"NON NECESSARIO","STATO_ORDINANZA":"NON NECESSARIO","PROTOCOLLO_AUT":null,"PRATICA":null,"LAVORABILE":"NO","STATO_LEGENDA":"IN ATTESA","CAMPO AWS":"NOT STARTED"},"geometry":{"type":"MultiLineString","coordinates":[[[1043806.779329469543882,5689556.223255203105509,0.0],[1043783.344149732147343,5689517.566393624991179,0.0]]]}},
{"type":"Feature","properties":{"fid":203,"TIPOLOGIA":"NO DIG","PROVINCIA":"MI","COMUNE":"MILANO","CLUSTER":"3","ROUTE":"20","ENTE":"COMUNE","ENTE 2":null,"LUNGHEZZA":1644.99,"SPAN":"20","LOTTO":"5","TRATTA_ID":"TR_0203","ENTE 3":null,"MOTIVO_NO":"Manca autorizz","STATO_AUTORIZZAZIONE":"IN ATTESA","STATO_NULLAOSTA":"NON NECESSARIO","STATO_ORDINANZA":"NON NECESSARIO","PROTOCOLLO_AUT":null,"PRATICA":null,"LAVORABILE":"NO","STATO_LEGENDA":"IN ATTESA","CAMPO AWS":"NOT STARTED"},"geometry":{"type":"MultiLineString","coordinates":[[[1028225.331713294493966,5693657.549914904870093,0.0],[1028209.778575075208209,5693657.072701209224761,0.0],[1028052.843526454991661,5693652.225671808235347,0.0],[1027830.57646967668552,5693645.209548014216125,0.0],[1027602.9575879186159,5693636.796154445037246,0.0],[1027446.760515937698074,5693633.984657198190689,0.0],[1027401.605091082630679,5693630.318640308454633,0.0],[1027405.988733907113783,5693478.807007811032236,0.0],[1027411.700398162822239,5693230.186797453090549,0.0],[1027418.110645582550205,5692865.687098749913275,0.0],[1027424.096621766220778,5692498.981591993011534,0.0],[1027428.271326591726393,5692440.488044274970889,0.0],[1027444.376870817271993,5692396.075006426312029,0.0],[1027431.125136356567964,5692357.217675576917827,0.0],[1027430.999412711593322,5692296.251728171482682,0.0],[1027428.227466967422515,5692114.001525480300188,0.0]]]}},
{"type":"Feature","properties":{"fid":204,"TIPOLOGIA":"SCAVO","PROVINCIA":"MI","COMUNE":"MILANO","CLUSTER":"3","ROUTE":"20","ENTE":"COMUNE","ENTE 2":null,"LUNGHEZZA":3945.05,"SPAN":"20","LOTTO":"5","TRATTA_ID":"TR_0204","ENTE 3":null,"MOTIVO_NO":"Manca autorizz","STATO_AUTORIZZAZIONE":"IN ATTESA","STATO_NULLAOSTA":"NON NECESSARIO","STATO_ORDINANZA":"NON NECESSARIO","PROTOCOLLO_AUT":null,"PRATICA":null,"LAVORABILE":"NO","STATO_LEGENDA":"IN ATTESA","CAMPO AWS":"NOT STARTED"},"geometry":{"type":"MultiLineString","coordinates":[[[1027432.428844507783651,5691829.422609956003726,0.0],[1027389.525562871596776,5691810.902376912534237,0.0],[1027289.946958549902774,5691804.062556474469602,0.0],[1027209.865078976261429,5691799.326136159710586,0.0],[1027075.241351082338952,5691785.179573736153543,0.0],[1026914.835910587222315,5691768.298860548064113,0.0],[1026873.491665244917385,5691769.932618016377091,0.0],[1026829.13514409319032,5691781.35383057128638,0.0],[1026799.845733867143281,5691771.686250972561538,0.0],[1026785.832359912106767,5691749.712017723359168,0.0],[1026750.492962138378061,5691720.868950115516782,0.0],[1026562.50844497513026,5691621.290145706385374,0.0],[1026430.894093947135843,5691552.956910114735365,0.0],[1026271.834593856357969,5691470.05461401399225,0.0],[1026165.139150702860206,5691416.959257377311587,0.0],[1025961.687831537798047,5691305.745820540003479,0.0],[1025860.134377331938595,5691252.396933890879154,0.0],[1025750.446587311336771,5691227.087192243896425,0.0],[1025715.956214292207733,5691232.151151157915592,0.0],[1025681.380348275182769,5691245.053337124176323,0.0],[1025653.969736191793345,5691244.175126458518207,0.0],[1025632.054451402626,5691235.618753694929183,0.0],[1025624.662600858137012,5691211.040755532681942,0.0],[1025587.734804639592767,5691194.569346078671515,0.0],[1025391.851559036411345,5691148.358901938423514,0.0],[1025271.730564963305369,5691129.605264185927808,0.0],[1024938.157864375505596,5691058.757046750746667,0.0],[1024779.10104450432118,5691025.339648335240781,0.0],[1024646.291853482602164,5690995.50263072643429,0.0],[1024586.552629183628596,5690971.857588122598827,0.0],[1024556.330939623760059,5690962.521966278553009,0.0],[1024524.591974826878868,5690962.522694015875459,0.0],[1024490.068597653647885,5690944.053810632787645,0.0],[1024393.657152908854187,5690930.423801446333528,0.0],[1024147.874357847147621,5690893.42388273589313,0.0],[1024101.212049434543587,5691198.28729334846139,0.0],[1024054.672223603352904,5691299.866207088343799,0.0],[1023688.141185596003197,5691287.640236262232065,0.0],[1023242.877390909707174,5691265.713905014097691,0.0],[1023125.509738643770106,5691263.885871853679419,0.0],[1023001.685281485551968,5691316.812295967712998,0.0],[1022932.165897386264987,5691361.700810544192791,0.0],[1022854.943976184586063,5691445.875038739293814,0.0],[1022833.66780355386436,5691446.284601432271302,0.0],[1022808.693625781219453,5691448.249991247430444,0.0],[1022772.099783133133315,5691445.174441993236542,0.0],[1022772.296032572980039,5691620.275678569450974,0.0],[1022764.736319897579961,5691796.444745474494994,0.0],[1022763.990294694085605,5691801.557751446962357,0.0]]]}},
{"type":"Feature","properties":{"fid":205,"TIPOLOGIA":"CANALETTA","PROVINCIA":"MI","COMUNE":"MILANO","CLUSTER":"3","ROUTE":"17","ENTE":"COMUNE","ENTE 2":"RIB","LUNGHEZZA":32.43,"SPAN":"17_2","LOTTO":"6","TRATTA_ID":"TR_0205","ENTE 3":null,"MOTIVO_NO":"Manca autorizz","STATO_AUTORIZZAZIONE":"IN ATTESA","STATO_NULLAOSTA":"NON NECESSARIO","STATO_ORDINANZA":"NON NECESSARIO","PROTOCOLLO_AUT":null,"PRATICA":null,"LAVORABILE":"NO","STATO_LEGENDA":"IN ATTESA","CAMPO AWS":"NOT STARTED"},"geometry":{"type":"MultiLineString","coordinates":[[[1021444.949077387340367,5691616.742738141678274,0.0],[1021485.403905531042255,5691613.753605181351304,0.0],[1021486.65995138976723,5691619.214844460599124,0.0]]]}},
{"type":"Feature","properties":{"fid":206,"TIPOLOGIA":"SCAVO","PROVINCIA":"MI","COMUNE":"MILANO","CLUSTER":"3","ROUTE":"17","ENTE":"COMUNE","ENTE 2":null,"LUNGHEZZA":437.85,"SPAN":"17_2","LOTTO":"6","TRATTA_ID":"TR_0206","ENTE 3":null,"MOTIVO_NO":"Manca autorizz","STATO_AUTORIZZAZIONE":"IN ATTESA","STATO_NULLAOSTA":"NON NECESSARIO","STATO_ORDINANZA":"NON NECESSARIO","PROTOCOLLO_AUT":null,"PRATICA":null,"LAVORABILE":"NO","STATO_LEGENDA":"IN ATTESA","CAMPO AWS":"NOT STARTED"},"geometry":{"type":"MultiLineString","coordinates":[[[1014768.606119519798085,5691573.134845301508904,0.0],[1014780.34486720059067,5691570.880671828053892,0.0],[1014814.315548526705243,5691484.388620032928884,0.0],[1014849.68470856314525,5691396.24577271938324,0.0],[1014891.535409387783147,5691300.585063519887626,0.0],[1014927.317133561940864,5691220.575667670927942,0.0],[1014942.888397920760326,5691203.171095622703433,0.0],[1014944.190334405517206,5691203.171059102751315,0.0],[1014954.991770817432553,5691196.976653598248959,0.0],[1014966.454915780108422,5691193.449409886263311,0.0],[1014993.972354151075706,5691148.164705221541226,0.0],[1014976.761149778612889,5691138.105285151861608,0.0],[1014973.91588015051093,5691112.380574026145041,0.0],[1015019.250647571869195,5691056.056404732167721,0.0],[1015026.950896864989772,5691046.351991491392255,0.0]]]}},
{"type":"Feature","properties":{"fid":207,"TIPOLOGIA":"SCAVO","PROVINCIA":"MI","COMUNE":"SETTIMO MILANESE","CLUSTER":"3","ROUTE":"17","ENTE":"COMUNE","ENTE 2":null,"LUNGHEZZA":917.54,"SPAN":"17_1","LOTTO":"6","TRATTA_ID":"TR_0207","ENTE 3":null,"MOTIVO_NO":"Manca autorizz","STATO_AUTORIZZAZIONE":"IN ATTESA","STATO_NULLAOSTA":"NON NECESSARIO","STATO_ORDINANZA":"NON NECESSARIO","PROTOCOLLO_AUT":null,"PRATICA":null,"LAVORABILE":"NO","STATO_LEGENDA":"IN ATTESA","CAMPO AWS":"NOT STARTED"},"geometry":{"type":"MultiLineString","coordinates":[[[1008660.079318764386699,5695672.305914624594152,0.0],[1008739.548980354447849,5695246.647427836433053,0.0],[1008751.790549304801971,5695199.468617204576731,0.0],[1008779.978484887746163,5695156.677822263911366,0.0],[1008802.47873819747474,5695130.479823783040047,0.0],[1008845.097390948212706,5695106.353036213666201,0.0],[1008895.808878547279164,5695081.435719207860529,0.0],[1009066.105775538482703,5694979.763564161024988,0.0],[1009266.787830938235857,5694862.636034177616239,0.0],[1009455.10142261418514,5694782.642218898050487,0.0]]]}},
{"type":"Feature","properties":{"fid":208,"TIPOLOGIA":"SCAVO","PROVINCIA":"MI","COMUNE":"SETTIMO MILANESE","CLUSTER":"3","ROUTE":"17","ENTE":"COMUNE","ENTE 2":null,"LUNGHEZZA":699.54,"SPAN":"17_1","LOTTO":"6","TRATTA_ID":"TR_0208","ENTE 3":null,"MOTIVO_NO":"Manca autorizz","STATO_AUTORIZZAZIONE":"IN ATTESA","STATO_NULLAOSTA":"NON NECESSARIO","STATO_ORDINANZA":"NON NECESSARIO","PROTOCOLLO_AUT":null,"PRATICA":null,"LAVORABILE":"NO","STATO_LEGENDA":"IN ATTESA","CAMPO AWS":"NOT STARTED"},"geometry":{"type":"MultiLineString","coordinates":[[[1009455.10142261418514,5694782.642218898050487,0.0],[1009592.794853920466267,5694720.174382725730538,0.0],[1009727.266834856010973,5694539.976400590501726,0.0],[1010090.623686821199954,5694035.714885602705181,0.0]]]}},
{"type":"Feature","properties":{"fid":214,"TIPOLOGIA":"NO DIG","PROVINCIA":"MI","COMUNE":"SETTIMO MILANESE","CLUSTER":"3","ROUTE":"17","ENTE":"COMUNE","ENTE 2":null,"LUNGHEZZA":981.71,"SPAN":"17_1","LOTTO":"6","TRATTA_ID":"TR_0214","ENTE 3":null,"MOTIVO_NO":"Manca autorizz","STATO_AUTORIZZAZIONE":"IN ATTESA","STATO_NULLAOSTA":"NON NECESSARIO","STATO_ORDINANZA":"NON NECESSARIO","PROTOCOLLO_AUT":null,"PRATICA":null,"LAVORABILE":"NO","STATO_LEGENDA":"IN ATTESA","CAMPO AWS":"NOT STARTED"},"geometry":{"type":"MultiLineString","coordinates":[[[1008268.052627894678153,5696978.637328347191215,0.0],[1008267.15055876004044,5696976.299885590560734,0.0],[1008273.04640100162942,5696924.643407075665891,0.0],[1008339.830093212076463,5696855.021181310527027,0.0],[1008392.612372932606377,5696786.9961326578632,0.0],[1008439.746706673176959,5696713.645104024559259,0.0],[1008492.278438713983633,5696617.126077455468476,0.0],[1008552.837918330566026,5696492.259094579145312,0.0],[1008593.934098475845531,5696374.879770701751113,0.0],[1008611.020399906788953,5696135.158301866613328,0.0],[1008620.656934409635141,5695926.742334842681885,0.0],[1008628.055966470041312,5695863.105976271443069,0.0],[1008659.004844408133067,5695674.330257961526513,0.0]]]}},
{"type":"Feature","properties":{"fid":215,"TIPOLOGIA":"NO DIG","PROVINCIA":"MI","COMUNE":"MILANO","CLUSTER":"3","ROUTE":"17","ENTE":"COMUNE","ENTE 2":null,"LUNGHEZZA":740.71,"SPAN":"17_1","LOTTO":"6","TRATTA_ID":"TR_0215","ENTE 3":null,"MOTIVO_NO":"Manca autorizz","STATO_AUTORIZZAZIONE":"IN ATTESA","STATO_NULLAOSTA":"NON NECESSARIO","STATO_ORDINANZA":"NON NECESSARIO","PROTOCOLLO_AUT":null,"PRATICA":null,"LAVORABILE":"NO","STATO_LEGENDA":"IN ATTESA","CAMPO AWS":"NOT STARTED"},"geometry":{"type":"MultiLineString","coordinates":[[[1010517.72184055543039,5694204.075640507973731,0.0],[1011498.952550291432999,5694590.88571276795119,0.0]]]}},
{"type":"Feature","properties":{"fid":216,"TIPOLOGIA":"NO DIG","PROVINCIA":"MI","COMUNE":"CORSICO","CLUSTER":"3","ROUTE":"17","ENTE":"ANAS","ENTE 2":null,"LUNGHEZZA":1045.34,"SPAN":"17_1","LOTTO":"6","TRATTA_ID":"TR_0216","ENTE 3":null,"MOTIVO_NO":"Manca autorizz","STATO_AUTORIZZAZIONE":"IN ATTESA","STATO_NULLAOSTA":"NON NECESSARIO","STATO_ORDINANZA":"NON NECESSARIO","PROTOCOLLO_AUT":null,"PRATICA":null,"LAVORABILE":"NO","STATO_LEGENDA":"IN ATTESA","CAMPO AWS":"NOT STARTED"},"geometry":{"type":"MultiLineString","coordinates":[[[1013562.083325292100199,5690790.287374486215413,0.0],[1013587.581055161659606,5690733.316106674261391,0.0],[1013861.892310662427917,5690859.544441004283726,0.0],[1014108.123555213212967,5691050.68061660695821,0.0],[1014330.918046801351011,5691238.174630868248641,0.0],[1014635.499512619688176,5691500.661777466535568,0.0],[1014740.653010845649987,5691557.915322097949684,0.0]]]}},
{"type":"Feature","properties":{"fid":217,"TIPOLOGIA":"SCAVO","PROVINCIA":"MI","COMUNE":"BINASCO","CLUSTER":"3","ROUTE":"11","ENTE":"COMUNE","ENTE 2":null,"LUNGHEZZA":537.31,"SPAN":"11_1","LOTTO":"6","TRATTA_ID":"TR_0217","ENTE 3":null,"MOTIVO_NO":"Manca autorizz","STATO_AUTORIZZAZIONE":"IN ATTESA","STATO_NULLAOSTA":"NON NECESSARIO","STATO_ORDINANZA":"NON NECESSARIO","PROTOCOLLO_AUT":null,"PRATICA":null,"LAVORABILE":"NO","STATO_LEGENDA":"IN ATTESA","CAMPO AWS":"NOT STARTED"},"geometry":{"type":"MultiLineString","coordinates":[[[1013437.459887721110135,5674185.745356342755258,0.0],[1013417.474231030908413,5674204.287954926490784,0.0],[1013371.654037395492196,5674252.486834391020238,0.0],[1013317.325535621843301,5674307.658958977088332,0.0],[1013266.413575991871767,5674363.223238105885684,0.0],[1013256.841201056726277,5674368.770197574049234,0.0],[1013229.295290728099644,5674354.443415370769799,0.0],[1013162.151270241127349,5674313.008018583059311,0.0],[1013097.599476595176384,5674279.234843702986836,0.0],[1013031.938055788166821,5674258.018752576783299,0.0],[1012948.396318474551663,5674234.001318491064012,0.0],[1012797.555677288444713,5674198.951856494881213,0.0],[1012785.142542967223562,5674200.320177068002522,0.0]]]}},
{"type":"Feature","properties":{"fid":218,"TIPOLOGIA":"NO DIG","PROVINCIA":"MI","COMUNE":"BINASCO","CLUSTER":"3","ROUTE":"11","ENTE":"COMUNE","ENTE 2":null,"LUNGHEZZA":335.91,"SPAN":"11_1","LOTTO":"6","TRATTA_ID":"TR_0218","ENTE 3":null,"MOTIVO_NO":"Manca autorizz","STATO_AUTORIZZAZIONE":"IN ATTESA","STATO_NULLAOSTA":"NON NECESSARIO","STATO_ORDINANZA":"NON NECESSARIO","PROTOCOLLO_AUT":null,"PRATICA":null,"LAVORABILE":"NO","STATO_LEGENDA":"IN ATTESA","CAMPO AWS":"NOT STARTED"},"geometry":{"type":"MultiLineString","coordinates":[[[1012785.142542967223562,5674200.320177068002522,0.0],[1012772.274021293502301,5674210.855991173535585,0.0],[1012745.693519682623446,5674236.61512241512537,0.0],[1012718.573193855467252,5674274.359728313982487,0.0],[1012647.963549200328998,5674389.923955618403852,0.0],[1012604.102197920205072,5674463.867853034287691,0.0],[1012560.445848596165888,5674535.746158123016357,0.0],[1012535.416570372064598,5674586.047844344750047,0.0],[1012529.130277166259475,5674601.145840890705585,0.0]]]}},
{"type":"Feature","properties":{"fid":219,"TIPOLOGIA":"NO DIG","PROVINCIA":"MI","COMUNE":"NOVIGLIO","CLUSTER":"3","ROUTE":"11","ENTE":"PROVINCIA DI MILANO","ENTE 2":null,"LUNGHEZZA":421.7,"SPAN":"11_1","LOTTO":"6","TRATTA_ID":"TR_0219","ENTE 3":null,"MOTIVO_NO":"Manca autorizz","STATO_AUTORIZZAZIONE":"IN ATTESA","STATO_NULLAOSTA":"NON NECESSARIO","STATO_ORDINANZA":"NON NECESSARIO","PROTOCOLLO_AUT":null,"PRATICA":null,"LAVORABILE":"NO","STATO_LEGENDA":"IN ATTESA","CAMPO AWS":"NOT STARTED"},"geometry":{"type":"MultiLineString","coordinates":[[[1012156.427843244164251,5675077.006805660203099,0.0],[1012098.130394202074967,5675208.201599312014878,0.0],[1012060.520141789107583,5675275.967674130573869,0.0],[1012024.968226320343092,5675335.633177150040865,0.0],[1011992.008997261640616,5675389.256364794448018,0.0],[1011959.16808359278366,5675449.252188170328736,0.0],[1011905.504233409417793,5675532.05785340256989,0.0],[1011873.143991824588738,5675592.149283487349749,0.0],[1011863.4705003866693,5675598.655247043818235,0.0]]]}},
{"type":"Feature","properties":{"fid":220,"TIPOLOGIA":"NO DIG","PROVINCIA":"MI","COMUNE":"NOVIGLIO","CLUSTER":"3","ROUTE":"11","ENTE":"PROVINCIA DI MILANO","ENTE 2":null,"LUNGHEZZA":2457.53,"SPAN":"11_1","LOTTO":"6","TRATTA_ID":"TR_0220","ENTE 3":null,"MOTIVO_NO":"Manca autorizz","STATO_AUTORIZZAZIONE":"IN ATTESA","STATO_NULLAOSTA":"NON NECESSARIO","STATO_ORDINANZA":"NON NECESSARIO","PROTOCOLLO_AUT":null,"PRATICA":null,"LAVORABILE":"NO","STATO_LEGENDA":"IN ATTESA","CAMPO AWS":"NOT STARTED"},"geometry":{"type":"MultiLineString","coordinates":[[[1008008.23008899227716,5677893.198155861347914,0.0],[1007974.533939950633794,5677953.709669920615852,0.0],[1007928.287772377487272,5678136.036904850043356,0.0],[1007892.146143352380022,5678294.564944426529109,0.0],[1007868.280046301078983,5678488.772401073016226,0.0],[1007840.904216197901405,5678729.182250282727182,0.0],[1007797.305050608585589,5679101.890357933938503,0.0],[1007787.716811868362129,5679137.813588668592274,0.0],[1007763.017862839391455,5679176.645258506760001,0.0],[1007700.591040726518258,5679232.621546090580523,0.0],[1007631.829658543341793,5679265.423422822728753,0.0],[1007544.812174141174182,5679309.10518882330507,0.0],[1007490.627596650621854,5679343.140859392471611,0.0],[1007458.926443868898787,5679376.660717409104109,0.0],[1007435.322734531830065,5679417.411677891388535,0.0],[1007425.552355610881932,5679459.512348368763924,0.0],[1007390.879635488847271,5679680.666001596488059,0.0],[1007362.633203123696148,5679880.891775475814939,0.0],[1007349.982418202911504,5679928.116801575757563,0.0],[1007334.857429132680409,5679967.235494649969041,0.0],[1007304.455361686297692,5680016.785597861744463,0.0],[1007263.737736723502167,5680067.851477959193289,0.0],[1007180.493240020237863,5680159.126663797535002,0.0],[1007078.899528403300792,5680288.437672225758433,0.0],[1007058.667170427041128,5680343.424411009997129,0.0],[1007026.744829331291839,5680426.900761478580534,0.0],[1006981.808909382903948,5680498.536564351059496,0.0],[1006929.326281566056423,5680570.191616170108318,0.0],[1006894.062099666567519,5680629.750237597152591,0.0],[1006772.093640048173256,5680762.022333387285471,0.0],[1006740.034986732178368,5680798.363000212237239,0.0],[1006668.331046111299656,5680963.523660352453589,0.0]]]}},
{"type":"Feature","properties":{"fid":221,"TIPOLOGIA":"NO DIG","PROVINCIA":"MI","COMUNE":"GAGGIANO","CLUSTER":"3","ROUTE":"11","ENTE":"COMUNE","ENTE 2":"RIB","LUNGHEZZA":38.07,"SPAN":"11_1","LOTTO":"6","TRATTA_ID":"TR_0221","ENTE 3":null,"MOTIVO_NO":"Manca autorizz","STATO_AUTORIZZAZIONE":"IN ATTESA","STATO_NULLAOSTA":"NON NECESSARIO","STATO_ORDINANZA":"NON NECESSARIO","PROTOCOLLO_AUT":null,"PRATICA":null,"LAVORABILE":"NO","STATO_LEGENDA":"IN ATTESA","CAMPO AWS":"NOT STARTED"},"geometry":{"type":"MultiLineString","coordinates":[[[1005247.061591926845722,5685675.319844310171902,0.0],[1005223.188016049331054,5685724.070995052345097,0.0]]]}},
{"type":"Feature","properties":{"fid":222,"TIPOLOGIA":"NO DIG","PROVINCIA":"MI","COMUNE":"GAGGIANO","CLUSTER":"3","ROUTE":"11","ENTE":"COMUNE","ENTE 2":null,"LUNGHEZZA":932.26,"SPAN":"11_1","LOTTO":"6","TRATTA_ID":"TR_0222","ENTE 3":null,"MOTIVO_NO":"Manca autorizz","STATO_AUTORIZZAZIONE":"IN ATTESA","STATO_NULLAOSTA":"NON NECESSARIO","STATO_ORDINANZA":"NON NECESSARIO","PROTOCOLLO_AUT":null,"PRATICA":null,"LAVORABILE":"NO","STATO_LEGENDA":"IN ATTESA","CAMPO AWS":"NOT STARTED"},"geometry":{"type":"MultiLineString","coordinates":[[[1005223.188016049331054,5685724.070995052345097,0.0],[1005285.409159250790253,5685729.126470936462283,0.0],[1005316.757812379859388,5685735.507410598918796,0.0],[1005364.692382864304818,5685743.3631029156968,0.0],[1005443.662860002019443,5685746.907207517884672,0.0],[1005532.227081681601703,5685750.45742585323751,0.0],[1005616.006044880719855,5685758.452169375494123,0.0],[1005661.427853646688163,5685773.10237395670265,0.0],[1005704.70644828514196,5685803.238969381898642,0.0],[1005773.635286014177836,5685850.538193042390049,0.0],[1005820.115640103234909,5685876.697062796913087,0.0],[1005892.586831897730008,5685901.282411360181868,0.0],[1006001.057556054322049,5685947.457039958797395,0.0],[1006147.456080682692118,5686018.985359449870884,0.0],[1006109.286601727479137,5686101.561697410419583,0.0],[1006070.325001429533586,5686185.261341046541929,0.0],[1006031.821461891639046,5686262.325902263633907,0.0],[1006008.105121077271178,5686315.37959573045373,0.0],[1006005.214684910024516,5686324.762034483253956,0.0]]]}},
{"type":"Feature","properties":{"fid":223,"TIPOLOGIA":"SCAVO","PROVINCIA":"MI","COMUNE":"RHO","CLUSTER":"1","ROUTE":"46","ENTE":"COMUNE","ENTE 2":null,"LUNGHEZZA":217.4,"SPAN":"46","LOTTO":"1A","TRATTA_ID":"TR_0223","ENTE 3":null,"MOTIVO_NO":"Manca autorizz","STATO_AUTORIZZAZIONE":"PROTOCOLLATO","STATO_NULLAOSTA":"NON NECESSARIO","STATO_ORDINANZA":"NON NECESSARIO","PROTOCOLLO_AUT":"2026/03/27","PRATICA":"AUT/23/1A","LAVORABILE":"NO","STATO_LEGENDA":"PROTOCOLLATO","CAMPO AWS":"ON GOING"},"geometry":{"type":"MultiLineString","coordinates":[[[1009469.231030884780921,5704384.111702533438802,0.0],[1009586.14110177278053,5704096.300194030627608,0.0]]]}},
{"type":"Feature","properties":{"fid":224,"TIPOLOGIA":"SCAVO","PROVINCIA":"MI","COMUNE":"SETTIMO MILANESE","CLUSTER":"1","ROUTE":"48","ENTE":"COMUNE","ENTE 2":null,"LUNGHEZZA":136.27,"SPAN":"48","LOTTO":"1B","TRATTA_ID":"TR_0224","ENTE 3":null,"MOTIVO_NO":"Manca autorizz","STATO_AUTORIZZAZIONE":"PROTOCOLLATO INTEGRAZIONE","STATO_NULLAOSTA":"NON NECESSARIO","STATO_ORDINANZA":"IN ATTESA","PROTOCOLLO_AUT":"2026/03/05","PRATICA":"AUT/1/1B","LAVORABILE":"NO","STATO_LEGENDA":"PROTOCOLLATO INTEGRAZIONE","CAMPO AWS":"DENIED"},"geometry":{"type":"MultiLineString","coordinates":[[[1005865.07904058508575,5696088.239147263579071,0.0],[1006039.136929442174733,5696174.180849346332252,0.0]]]}},
{"type":"Feature","properties":{"fid":227,"TIPOLOGIA":"NO DIG","PROVINCIA":"PV","COMUNE":"SIZIANO","CLUSTER":"2","ROUTE":"13","ENTE":"PROVINCIA DI PAVIA","ENTE 2":null,"LUNGHEZZA":741.7,"SPAN":"13_2","LOTTO":"2A","TRATTA_ID":"TR_0227","ENTE 3":null,"MOTIVO_NO":"Manca autorizz","STATO_AUTORIZZAZIONE":"PROTOCOLLATO INTEGRAZIONE","STATO_NULLAOSTA":"NON NECESSARIO","STATO_ORDINANZA":"NON NECESSARIO","PROTOCOLLO_AUT":"2026/04/27","PRATICA":"AUT/4/2A | AUT/11/2A","LAVORABILE":"NO","STATO_LEGENDA":"PROTOCOLLATO INTEGRAZIONE","CAMPO AWS":"ON GOING"},"geometry":{"type":"MultiLineString","coordinates":[[[1024240.455799843533896,5672922.234688092023134,0.0],[1024240.455799843533896,5672922.234688092023134,0.0],[1024285.005940854432993,5673005.184742748737335,0.0],[1024286.254944211803377,5673009.618857827968895,0.0],[1024290.753781785373576,5673068.084434930235147,0.0],[1024316.896491091814823,5673657.266573518514633,0.0],[1024322.118251922773197,5673951.130138712003827,0.0],[1024337.023997015669011,5673955.435703963041306,0.0]]]}},
{"type":"Feature","properties":{"fid":228,"TIPOLOGIA":"SCAVO","PROVINCIA":"MI","COMUNE":"PERO","CLUSTER":"3","ROUTE":"18","ENTE":"COMUNE","ENTE 2":null,"LUNGHEZZA":359.19,"SPAN":"18","LOTTO":"1A","TRATTA_ID":"TR_0228","ENTE 3":null,"MOTIVO_NO":"Manca autorizz","STATO_AUTORIZZAZIONE":"PROTOCOLLATO","STATO_NULLAOSTA":"NON NECESSARIO","STATO_ORDINANZA":"NON NECESSARIO","PROTOCOLLO_AUT":"2026/03/27","PRATICA":"AUT/23/1A","LAVORABILE":"NO","STATO_LEGENDA":"PROTOCOLLATO","CAMPO AWS":"ON GOING"},"geometry":{"type":"MultiLineString","coordinates":[[[1009666.256741068675183,5703632.315426332876086,0.0],[1009665.122160926228389,5703657.041448735632002,0.0],[1009666.374111427925527,5703674.881743385456502,0.0],[1009677.641665942268446,5703706.493493548594415,0.0],[1009705.184576976811513,5703785.679362771101296,0.0],[1009692.978059586603194,5703870.655503066256642,0.0],[1009623.807794374297373,5704056.100671113468707,0.0],[1009605.654512101435103,5704101.796864420175552,0.0],[1009586.14110177278053,5704096.300194030627608,0.0]]]}},
{"type":"Feature","properties":{"fid":229,"TIPOLOGIA":"NO DIG","PROVINCIA":"MI","COMUNE":"BINASCO","CLUSTER":"3","ROUTE":"11","ENTE":"COMUNE","ENTE 2":null,"LUNGHEZZA":207.93,"SPAN":"11_1","LOTTO":"6","TRATTA_ID":"TR_0229","ENTE 3":null,"MOTIVO_NO":"Manca autorizz","STATO_AUTORIZZAZIONE":"IN ATTESA","STATO_NULLAOSTA":"NON NECESSARIO","STATO_ORDINANZA":"NON NECESSARIO","PROTOCOLLO_AUT":null,"PRATICA":null,"LAVORABILE":"NO","STATO_LEGENDA":"IN ATTESA","CAMPO AWS":"NOT STARTED"},"geometry":{"type":"MultiLineString","coordinates":[[[1013770.145856227143668,5674500.954802854917943,0.0],[1013713.663203874835745,5674464.391650463454425,0.0],[1013647.540786890080199,5674398.390521127730608,0.0],[1013600.966245596762747,5674347.478636838495731,0.0],[1013558.861942856339738,5674296.578576747328043,0.0]]]}},
{"type":"Feature","properties":{"fid":230,"TIPOLOGIA":"SCAVO","PROVINCIA":"BG","COMUNE":"PONTE SAN PIETRO","CLUSTER":"3","ROUTE":"9","ENTE":"COMUNE","ENTE 2":null,"LUNGHEZZA":114.3,"SPAN":"9_1","LOTTO":"1","TRATTA_ID":"TR_0230","ENTE 3":null,"MOTIVO_NO":"Manca autorizz","STATO_AUTORIZZAZIONE":"IN ATTESA","STATO_NULLAOSTA":"NON NECESSARIO","STATO_ORDINANZA":"NON NECESSARIO","PROTOCOLLO_AUT":null,"PRATICA":null,"LAVORABILE":"NO","STATO_LEGENDA":"IN ATTESA","CAMPO AWS":"NOT STARTED"},"geometry":{"type":"MultiLineString","coordinates":[[[1067539.480643777409568,5732392.566081956960261,0.0],[1067508.924261344363913,5732387.631318210624158,0.0],[1067452.704382098047063,5732376.178831622935832,0.0],[1067447.416973766405135,5732375.615704787895083,0.0],[1067443.960987499915063,5732383.009716315194964,0.0],[1067413.836418726947159,5732376.463146613910794,0.0],[1067384.127950345398858,5732368.373474137857556,0.0]]]}},
{"type":"Feature","properties":{"fid":231,"TIPOLOGIA":"SCAVO","PROVINCIA":"BG","COMUNE":"PONTE SAN PIETRO","CLUSTER":"3","ROUTE":"9","ENTE":"COMUNE","ENTE 2":"RFI","LUNGHEZZA":368.73,"SPAN":"9_1","LOTTO":"1","TRATTA_ID":"TR_0231","ENTE 3":null,"MOTIVO_NO":"Manca autorizz","STATO_AUTORIZZAZIONE":"IN ATTESA","STATO_NULLAOSTA":"NON NECESSARIO","STATO_ORDINANZA":"NON NECESSARIO","PROTOCOLLO_AUT":null,"PRATICA":null,"LAVORABILE":"NO","STATO_LEGENDA":"IN ATTESA","CAMPO AWS":"NOT STARTED"},"geometry":{"type":"MultiLineString","coordinates":[[[1067317.750055368291214,5732350.147123347967863,0.0],[1067300.070643605897203,5732347.321868368424475,0.0],[1067284.140818819636479,5732347.987945714965463,0.0],[1067273.108740134164691,5732348.321455487981439,0.0],[1067262.627192785497755,5732344.340477200224996,0.0],[1067257.105978373205289,5732339.744581112638116,0.0],[1067250.101693791104481,5732333.268355836160481,0.0],[1067242.028387453174219,5732325.947724461555481,0.0],[1067228.567280004266649,5732321.245116625912488,0.0],[1067209.61524045933038,5732310.182346237823367,0.0],[1067183.772206250112504,5732300.310226392932236,0.0],[1067152.505734517006204,5732292.417322048917413,0.0],[1067107.573706179391593,5732281.524181172251701,0.0],[1067044.001295665977523,5732266.526042982004583,0.0],[1067011.240371622843668,5732261.11478344257921,0.0],[1066989.897596926894039,5732255.003456518054008,0.0],[1066953.305031262803823,5732242.639556609094143,0.0],[1066936.9727536176797,5732233.48260581959039,0.0],[1066930.873172424733639,5732229.869142240844667,0.0],[1066927.476953571196645,5732224.500715372152627,0.0],[1066919.70899927103892,5732221.309198679402471,0.0],[1066908.924942366778851,5732218.139522361569107,0.0],[1066843.404085827060044,5732204.498160880059004,0.0],[1066820.478343425085768,5732201.901153196580708,0.0]]]}},
{"type":"Feature","properties":{"fid":232,"TIPOLOGIA":"SCAVO","PROVINCIA":"BG","COMUNE":"PONTE SAN PIETRO","CLUSTER":"3","ROUTE":"9","ENTE":"COMUNE","ENTE 2":"RFI","LUNGHEZZA":375.26,"SPAN":"9_1","LOTTO":"1","TRATTA_ID":"TR_0232","ENTE 3":null,"MOTIVO_NO":"Manca autorizz","STATO_AUTORIZZAZIONE":"IN ATTESA","STATO_NULLAOSTA":"NON NECESSARIO","STATO_ORDINANZA":"NON NECESSARIO","PROTOCOLLO_AUT":null,"PRATICA":null,"LAVORABILE":"NO","STATO_LEGENDA":"IN ATTESA","CAMPO AWS":"NOT STARTED"},"geometry":{"type":"MultiLineString","coordinates":[[[1066820.478343425085768,5732201.901153196580708,0.0],[1066799.112945674685761,5732203.037905373610556,0.0],[1066783.109988112235442,5732203.989410512149334,0.0],[1066760.873376289382577,5732205.700757087208331,0.0],[1066734.622974558733404,5732206.438592359423637,0.0],[1066674.778033598791808,5732202.119352765381336,0.0],[1066611.434345467016101,5732200.32139496318996,0.0],[1066573.45644740248099,5732200.322553737089038,0.0],[1066547.688966456335038,5732199.924085054546595,0.0],[1066506.787622340489179,5732205.549921731464565,0.0],[1066431.184221160598099,5732217.066101965494454,0.0],[1066354.973391714738682,5732227.48290612641722,0.0],[1066336.435520086903125,5732232.013344436883926,0.0],[1066294.058162169530988,5732250.049793897196651,0.0],[1066290.835305769694969,5732251.368667792528868,0.0]]]}},
{"type":"Feature","properties":{"fid":233,"TIPOLOGIA":"SCAVO","PROVINCIA":"BG","COMUNE":"MADONE","CLUSTER":"3","ROUTE":"9","ENTE":"PROVINCIA DI BERGAMO","ENTE 2":null,"LUNGHEZZA":947.34,"SPAN":"9_1","LOTTO":"1","TRATTA_ID":"TR_0233","ENTE 3":null,"MOTIVO_NO":"Manca autorizz","STATO_AUTORIZZAZIONE":"IN ATTESA","STATO_NULLAOSTA":"NON NECESSARIO","STATO_ORDINANZA":"NON NECESSARIO","PROTOCOLLO_AUT":null,"PRATICA":null,"LAVORABILE":"NO","STATO_LEGENDA":"IN ATTESA","CAMPO AWS":"NOT STARTED"},"geometry":{"type":"MultiLineString","coordinates":[[[1063302.414536142954603,5724923.134952898137271,0.0],[1063292.790835219202563,5724884.104888617061079,0.0],[1063274.386644925456494,5724822.855615211650729,0.0],[1063252.783009607810527,5724762.933272529393435,0.0],[1063236.205901128705591,5724712.3751803310588,0.0],[1063222.217713448451832,5724665.963858880102634,0.0],[1063196.088816104456782,5724580.185226400382817,0.0],[1063167.677141189109534,5724503.635492754168808,0.0],[1063153.642239128239453,5724449.106186703778803,0.0],[1063132.13504887628369,5724387.30521949660033,0.0],[1063108.176149820908904,5724318.555654654279351,0.0],[1063093.666321295080706,5724296.964767914265394,0.0],[1063080.440327597782016,5724266.021195472218096,0.0],[1063013.419217462418601,5724150.018809958361089,0.0],[1062977.60048196814023,5724090.480864674784243,0.0],[1062928.661636759294197,5724004.461187829263508,0.0],[1062894.15925602754578,5723946.68298146687448,0.0],[1062875.263278615893796,5723910.194372209720314,0.0],[1062835.582139849662781,5723841.331575766205788,0.0],[1062803.331143404589966,5723786.164401471614838,0.0],[1062773.103473277995363,5723736.023506224155426,0.0],[1062744.5008210754022,5723701.695018159225583,0.0],[1062742.046428664354607,5723698.521759711205959,0.0]]]}},
{"type":"Feature","properties":{"fid":234,"TIPOLOGIA":"SCAVO","PROVINCIA":"BG","COMUNE":"BONATE SOPRA","CLUSTER":"3","ROUTE":"9","ENTE":"PROVINCIA DI BERGAMO","ENTE 2":"ANAS","LUNGHEZZA":100.54,"SPAN":"9_1","LOTTO":"1","TRATTA_ID":"TR_0234","ENTE 3":null,"MOTIVO_NO":"Manca autorizz","STATO_AUTORIZZAZIONE":"IN ATTESA","STATO_NULLAOSTA":"NON NECESSARIO","STATO_ORDINANZA":"NON NECESSARIO","PROTOCOLLO_AUT":null,"PRATICA":null,"LAVORABILE":"NO","STATO_LEGENDA":"IN ATTESA","CAMPO AWS":"NOT STARTED"},"geometry":{"type":"MultiLineString","coordinates":[[[1065412.036012101918459,5730051.384002303704619,0.0],[1065397.213618092238903,5730041.508518938906491,0.0],[1065381.926303011598065,5730030.436123657971621,0.0],[1065370.597561625065282,5730015.572471449151635,0.0],[1065359.508417436154559,5729989.566407820209861,0.0],[1065356.062210374046117,5729973.330127556808293,0.0],[1065355.515938371652737,5729959.183389608748257,0.0],[1065356.31041824654676,5729936.197883913293481,0.0],[1065356.323267786763608,5729929.576000564731658,0.0]]]}},
{"type":"Feature","properties":{"fid":235,"TIPOLOGIA":"SCAVO","PROVINCIA":"BG","COMUNE":"PONTE SAN PIETRO","CLUSTER":"3","ROUTE":"9","ENTE":"COMUNE","ENTE 2":null,"LUNGHEZZA":202.84,"SPAN":"9_1","LOTTO":"1","TRATTA_ID":"TR_0235","ENTE 3":null,"MOTIVO_NO":"Manca autorizz","STATO_AUTORIZZAZIONE":"IN ATTESA","STATO_NULLAOSTA":"NON NECESSARIO","STATO_ORDINANZA":"NON NECESSARIO","PROTOCOLLO_AUT":null,"PRATICA":null,"LAVORABILE":"NO","STATO_LEGENDA":"IN ATTESA","CAMPO AWS":"NOT STARTED"},"geometry":{"type":"MultiLineString","coordinates":[[[1067530.325858575757593,5732793.504710962064564,0.0],[1067529.895537275122479,5732768.737940083257854,0.0],[1067531.954766051843762,5732705.550642524845898,0.0],[1067533.240805059904233,5732594.402372903190553,0.0],[1067534.911446177633479,5732516.251259908080101,0.0],[1067534.262775346403942,5732502.686799061484635,0.0]]]}},
{"type":"Feature","properties":{"fid":236,"TIPOLOGIA":"CANALETTA","PROVINCIA":"BG","COMUNE":"PONTE SAN PIETRO","CLUSTER":"3","ROUTE":"9","ENTE":"COMUNE","ENTE 2":"RIP","LUNGHEZZA":48.27,"SPAN":"9_1","LOTTO":"1","TRATTA_ID":"TR_0236","ENTE 3":null,"MOTIVO_NO":"Manca autorizz","STATO_AUTORIZZAZIONE":"IN ATTESA","STATO_NULLAOSTA":"NON NECESSARIO","STATO_ORDINANZA":"NON NECESSARIO","PROTOCOLLO_AUT":null,"PRATICA":null,"LAVORABILE":"NO","STATO_LEGENDA":"IN ATTESA","CAMPO AWS":"NOT STARTED"},"geometry":{"type":"MultiLineString","coordinates":[[[1067384.290843564551324,5732368.421536285430193,0.0],[1067356.235623901477084,5732360.792316803708673,0.0],[1067317.750055368291214,5732350.147123347967863,0.0]]]}},
{"type":"Feature","properties":{"fid":237,"TIPOLOGIA":"NO DIG","PROVINCIA":"BG","COMUNE":"PONTE SAN PIETRO","CLUSTER":"3","ROUTE":"9","ENTE":"PROVINCIA DI BERGAMO","ENTE 2":null,"LUNGHEZZA":233.81,"SPAN":"9_1","LOTTO":"1","TRATTA_ID":"TR_0237","ENTE 3":null,"MOTIVO_NO":"Manca autorizz","STATO_AUTORIZZAZIONE":"IN ATTESA","STATO_NULLAOSTA":"NON NECESSARIO","STATO_ORDINANZA":"NON NECESSARIO","PROTOCOLLO_AUT":null,"PRATICA":null,"LAVORABILE":"NO","STATO_LEGENDA":"IN ATTESA","CAMPO AWS":"NOT STARTED"},"geometry":{"type":"MultiLineString","coordinates":[[[1066222.781001273775473,5732282.037101806141436,0.0],[1066222.425528269028291,5732256.97208100091666,0.0],[1066224.362002681940794,5732218.995354757644236,0.0],[1066226.181996503379196,5732172.292679270729423,0.0],[1066227.937485960312188,5732115.731672992929816,0.0],[1066230.271523382980376,5732055.279513597488403,0.0],[1066233.043969918508083,5731991.801049959845841,0.0],[1066234.223840251099318,5731946.984051518142223,0.0]]]}},
{"type":"Feature","properties":{"fid":241,"TIPOLOGIA":"NO DIG","PROVINCIA":"BG","COMUNE":"BONATE SOPRA","CLUSTER":"3","ROUTE":"9","ENTE":"PROVINCIA DI BERGAMO","ENTE 2":null,"LUNGHEZZA":1350.97,"SPAN":"9_1","LOTTO":"1","TRATTA_ID":"TR_0241","ENTE 3":null,"MOTIVO_NO":"Manca autorizz","STATO_AUTORIZZAZIONE":"IN ATTESA","STATO_NULLAOSTA":"NON NECESSARIO","STATO_ORDINANZA":"NON NECESSARIO","PROTOCOLLO_AUT":null,"PRATICA":null,"LAVORABILE":"NO","STATO_LEGENDA":"IN ATTESA","CAMPO AWS":"NOT STARTED"},"geometry":{"type":"MultiLineString","coordinates":[[[1065356.323267786763608,5729929.576000564731658,0.0],[1065356.356016980716959,5729916.393450075760484,0.0],[1065349.057602240238339,5729889.655514950864017,0.0],[1065331.056639733025804,5729850.27081192471087,0.0],[1065300.848553407238796,5729787.512539844959974,0.0],[1065253.074951235670596,5729681.376469200477004,0.0],[1065226.834188845939934,5729628.630311730317771,0.0],[1065204.365421956405044,5729606.781702334061265,0.0],[1065185.015828311443329,5729587.13419197127223,0.0],[1065181.056286008795723,5729557.590146984905005,0.0],[1065174.264483207836747,5729532.733812119811773,0.0],[1065158.885619657579809,5729480.9727130997926,0.0],[1065120.083936706651002,5729398.068398135714233,0.0],[1065065.052937142085284,5729269.346137425862253,0.0],[1064989.369683583965525,5729108.589261663146317,0.0],[1064909.481045790947974,5728936.167243719100952,0.0],[1064853.497266821563244,5728808.719066187739372,0.0],[1064747.475738746812567,5728575.63351116143167,0.0],[1064722.328931710217148,5728513.430070034228265,0.0],[1064654.046835182467476,5728371.456433582119644,0.0],[1064639.766675614519045,5728345.706709048710763,0.0],[1064627.061348176328465,5728323.197253154590726,0.0],[1064537.906147646950558,5728234.336707090958953,0.0],[1064507.603531842352822,5728212.463277299888432,0.0]]]}},
{"type":"Feature","properties":{"fid":244,"TIPOLOGIA":"NO DIG","PROVINCIA":"BG","COMUNE":"MADONE","CLUSTER":"3","ROUTE":"9","ENTE":"PROVINCIA DI BERGAMO","ENTE 2":null,"LUNGHEZZA":164.43,"SPAN":"9_1","LOTTO":"1","TRATTA_ID":"TR_0244","ENTE 3":null,"MOTIVO_NO":"Manca autorizz","STATO_AUTORIZZAZIONE":"IN ATTESA","STATO_NULLAOSTA":"NON NECESSARIO","STATO_ORDINANZA":"NON NECESSARIO","PROTOCOLLO_AUT":null,"PRATICA":null,"LAVORABILE":"NO","STATO_LEGENDA":"IN ATTESA","CAMPO AWS":"NOT STARTED"},"geometry":{"type":"MultiLineString","coordinates":[[[1062742.046428664354607,5723698.521759711205959,0.0],[1062727.261844018241391,5723652.245747624896467,0.0],[1062700.839121545664966,5723602.445597549900413,0.0],[1062672.571733471471816,5723543.018088944256306,0.0],[1062636.128601195290685,5723489.625388661399484,0.0]]]}},
{"type":"Feature","properties":{"fid":245,"TIPOLOGIA":"NO DIG","PROVINCIA":"BG","COMUNE":"FILAGO","CLUSTER":"3","ROUTE":"9","ENTE":"PROVINCIA DI BERGAMO","ENTE 2":null,"LUNGHEZZA":376.43,"SPAN":"9_1","LOTTO":"1","TRATTA_ID":"TR_0245","ENTE 3":null,"MOTIVO_NO":"Manca autorizz","STATO_AUTORIZZAZIONE":"IN ATTESA","STATO_NULLAOSTA":"NON NECESSARIO","STATO_ORDINANZA":"NON NECESSARIO","PROTOCOLLO_AUT":null,"PRATICA":null,"LAVORABILE":"NO","STATO_LEGENDA":"IN ATTESA","CAMPO AWS":"NOT STARTED"},"geometry":{"type":"MultiLineString","coordinates":[[[1062444.439081685384735,5723154.027545855380595,0.0],[1062429.464015787001699,5723127.568240734748542,0.0],[1062399.20958879054524,5723066.749088485725224,0.0],[1062314.158544616075233,5722924.439764833077788,0.0],[1062254.343020323431119,5722821.760720312595367,0.0],[1062211.062359633855522,5722742.213651732541621,0.0],[1062183.471954100066796,5722694.787345676682889,0.0],[1062185.013523552333936,5722684.44652328081429,0.0]]]}},
{"type":"Feature","properties":{"fid":246,"TIPOLOGIA":"NO DIG","PROVINCIA":"BG","COMUNE":"FILAGO","CLUSTER":"3","ROUTE":"9","ENTE":"PROVINCIA DI BERGAMO","ENTE 2":null,"LUNGHEZZA":618.01,"SPAN":"9_2","LOTTO":"1","TRATTA_ID":"TR_0246","ENTE 3":null,"MOTIVO_NO":"Manca autorizz","STATO_AUTORIZZAZIONE":"IN ATTESA","STATO_NULLAOSTA":"NON NECESSARIO","STATO_ORDINANZA":"NON NECESSARIO","PROTOCOLLO_AUT":null,"PRATICA":null,"LAVORABILE":"NO","STATO_LEGENDA":"IN ATTESA","CAMPO AWS":"NOT STARTED"},"geometry":{"type":"MultiLineString","coordinates":[[[1062185.013523552333936,5722684.44652328081429,0.0],[1062159.891507399501279,5722673.792692217044532,0.0],[1062137.029407221125439,5722662.067698641680181,0.0],[1062131.999466437613592,5722645.662317438982427,0.0],[1062125.434961177175865,5722611.229885601438582,0.0],[1062124.826734211528674,5722591.893336712382734,0.0],[1062118.206527405185625,5722563.958607152104378,0.0],[1062100.224801917560399,5722534.559981336817145,0.0],[1062014.529798857169226,5722390.38581505138427,0.0],[1061955.856884765904397,5722292.009878439828753,0.0],[1061906.953947937581688,5722205.894847544841468,0.0],[1061824.780939580639824,5722048.60578883998096,0.0],[1061755.803503807866946,5721929.028564820997417,0.0]]]}},
{"type":"Feature","properties":{"fid":252,"TIPOLOGIA":"NO DIG","PROVINCIA":"MI","COMUNE":"PADERNO DUGNANO","CLUSTER":"3","ROUTE":"9","ENTE":"PROVINCIA DI MILANO","ENTE 2":null,"LUNGHEZZA":70.3,"SPAN":"9_2","LOTTO":"2","TRATTA_ID":"TR_0252","ENTE 3":null,"MOTIVO_NO":"Manca autorizz","STATO_AUTORIZZAZIONE":"IN ATTESA","STATO_NULLAOSTA":"NON NECESSARIO","STATO_ORDINANZA":"NON NECESSARIO","PROTOCOLLO_AUT":null,"PRATICA":null,"LAVORABILE":"NO","STATO_LEGENDA":"IN ATTESA","CAMPO AWS":"NOT STARTED"},"geometry":{"type":"MultiLineString","coordinates":[[[1018176.488559419522062,5713066.971202443353832,0.0],[1018153.681899562012404,5713059.594529601745307,0.0],[1018133.721682845614851,5713049.623929994180799,0.0],[1018116.882020340766758,5713027.673279447481036,0.0],[1018101.495912774233148,5713014.950371172279119,0.0],[1018095.087237021536566,5713014.112539369612932,0.0]]]}},
{"type":"Feature","properties":{"fid":255,"TIPOLOGIA":"NO DIG","PROVINCIA":"MI","COMUNE":"LAINATE","CLUSTER":"3","ROUTE":"9","ENTE":"PROVINCIA DI MILANO","ENTE 2":null,"LUNGHEZZA":1389.73,"SPAN":"9_2","LOTTO":"2","TRATTA_ID":"TR_0255","ENTE 3":null,"MOTIVO_NO":"Manca autorizz","STATO_AUTORIZZAZIONE":"IN ATTESA","STATO_NULLAOSTA":"NON NECESSARIO","STATO_ORDINANZA":"NON NECESSARIO","PROTOCOLLO_AUT":null,"PRATICA":null,"LAVORABILE":"NO","STATO_LEGENDA":"IN ATTESA","CAMPO AWS":"NOT STARTED"},"geometry":{"type":"MultiLineString","coordinates":[[[1004615.228104683803394,5710379.266025607474148,0.0],[1004629.036499592359178,5710360.482720070518553,0.0],[1004646.509937855997123,5710357.400557287037373,0.0],[1004747.538380210637115,5710346.417826841585338,0.0],[1004834.240303006139584,5710342.208899866789579,0.0],[1004905.428394449409097,5710332.608692691661417,0.0],[1004951.476783313904889,5710323.700560268945992,0.0],[1004974.997443443513475,5710310.207626149058342,0.0],[1004995.600200609420426,5710298.08254386484623,0.0],[1005028.516863520955667,5710270.483805570751429,0.0],[1005039.638036274234764,5710243.280265165492892,0.0],[1005043.215800545644015,5710226.358861952088773,0.0],[1005043.923106611357071,5710166.674465053714812,0.0],[1005046.129546297248453,5710087.225125305354595,0.0],[1005050.14062909677159,5710027.785895980894566,0.0],[1005054.399107020813972,5709924.164536114782095,0.0],[1005057.963489825022407,5709851.880301488563418,0.0],[1005067.07923262717668,5709722.976957737468183,0.0],[1005074.192634091246873,5709641.25027522072196,0.0],[1005080.069569632411003,5709601.676957136020064,0.0],[1005083.129157334566116,5709548.14226982370019,0.0],[1005085.284905884414911,5709437.958215947262943,0.0],[1005090.770083727664314,5709320.968718903139234,0.0],[1005091.631605010363273,5709221.408249611966312,0.0],[1005096.02701202139724,5709171.306022096425295,0.0],[1005119.093271631165408,5709092.998979950323701,0.0],[1005135.628496771329083,5709023.343559453263879,0.0],[1005173.172139183385298,5708846.783503173850477,0.0],[1005197.452205629786476,5708742.554338972084224,0.0]]]}},
{"type":"Feature","properties":{"fid":256,"TIPOLOGIA":"NO DIG","PROVINCIA":"MI","COMUNE":"RHO","CLUSTER":"3","ROUTE":"9","ENTE":"PROVINCIA DI MILANO","ENTE 2":null,"LUNGHEZZA":1341.7,"SPAN":"9_2","LOTTO":"2","TRATTA_ID":"TR_0256","ENTE 3":null,"MOTIVO_NO":"Manca autorizz","STATO_AUTORIZZAZIONE":"IN ATTESA","STATO_NULLAOSTA":"NON NECESSARIO","STATO_ORDINANZA":"NON NECESSARIO","PROTOCOLLO_AUT":null,"PRATICA":null,"LAVORABILE":"NO","STATO_LEGENDA":"IN ATTESA","CAMPO AWS":"NOT STARTED"},"geometry":{"type":"MultiLineString","coordinates":[[[1005197.292907120543532,5708741.037266029976308,0.0],[1005216.988709618453868,5708640.284158014692366,0.0],[1005236.736474512610584,5708550.308684307150543,0.0],[1005262.087208695826121,5708458.718263301998377,0.0],[1005300.046277731889859,5708308.166912761516869,0.0],[1005346.529266329132952,5708194.056012417189777,0.0],[1005347.318148365593515,5708192.389174159616232,0.0],[1005392.281634677201509,5708085.971659610979259,0.0],[1005427.097146090585738,5708012.124083703383803,0.0],[1005443.35062182310503,5707961.353199694305658,0.0],[1005475.335720783798024,5707859.672871187329292,0.0],[1005484.68226180493366,5707822.917394646443427,0.0],[1005484.641790864407085,5707820.245733303949237,0.0],[1005508.29341285279952,5707775.500241841189563,0.0],[1005508.843433572677895,5707773.609997739084065,0.0],[1005528.844202919513918,5707758.653509369120002,0.0],[1005531.139716685400344,5707756.187703523784876,0.0],[1005536.844082292634994,5707725.99542308691889,0.0],[1005532.19897480471991,5707666.836670921184123,0.0],[1005529.690857071429491,5707626.128874387592077,0.0],[1005528.540707683656365,5707587.921199457719922,0.0],[1005534.178950275294483,5707526.202300300821662,0.0],[1005560.154593145125546,5707354.824706193059683,0.0],[1005572.582513912930153,5707242.877990185283124,0.0],[1005596.524287263862789,5707153.251560912467539,0.0],[1005659.267032215604559,5706987.552930965088308,0.0],[1005679.703236060100608,5706940.087780551053584,0.0],[1005696.055534597486258,5706913.879187492653728,0.0]]]}},
{"type":"Feature","properties":{"fid":257,"TIPOLOGIA":"NO DIG","PROVINCIA":"MI","COMUNE":"RHO","CLUSTER":"3","ROUTE":"9","ENTE":"ANAS","ENTE 2":"","LUNGHEZZA":22.1,"SPAN":"9_2","LOTTO":"2","TRATTA_ID":"TR_0257","ENTE 3":null,"MOTIVO_NO":"Manca autorizz","STATO_AUTORIZZAZIONE":"IN ATTESA","STATO_NULLAOSTA":"NON NECESSARIO","STATO_ORDINANZA":"NON NECESSARIO","PROTOCOLLO_AUT":null,"PRATICA":null,"LAVORABILE":"NO","STATO_LEGENDA":"IN ATTESA","CAMPO AWS":"NOT STARTED"},"geometry":{"type":"MultiLineString","coordinates":[[[1005696.055534597486258,5706913.879187492653728,0.0],[1005712.325526809087023,5706886.810615818947554,0.0]]]}},
{"type":"Feature","properties":{"fid":258,"TIPOLOGIA":"NO DIG","PROVINCIA":"MI","COMUNE":"RHO","CLUSTER":"3","ROUTE":"9","ENTE":"COMUNE","ENTE 2":null,"LUNGHEZZA":870.31,"SPAN":"9_2","LOTTO":"2","TRATTA_ID":"TR_0258","ENTE 3":null,"MOTIVO_NO":"Manca autorizz","STATO_AUTORIZZAZIONE":"IN ATTESA","STATO_NULLAOSTA":"NON NECESSARIO","STATO_ORDINANZA":"NON NECESSARIO","PROTOCOLLO_AUT":null,"PRATICA":null,"LAVORABILE":"NO","STATO_LEGENDA":"IN ATTESA","CAMPO AWS":"NOT STARTED"},"geometry":{"type":"MultiLineString","coordinates":[[[1005711.936698475969024,5706887.329282372258604,0.0],[1005729.182843436603434,5706850.541694337502122,0.0],[1005756.200500196660869,5706796.538601839914918,0.0],[1005825.368698055506684,5706679.30100077111274,0.0],[1005864.388868801412173,5706603.505163564346731,0.0],[1005896.150149411754683,5706548.654382822103798,0.0],[1005941.133206409984268,5706470.471929834224284,0.0],[1005997.063524400815368,5706367.594201515428722,0.0],[1006025.348158582113683,5706310.789954961277544,0.0],[1006076.229777971049771,5706211.662783378735185,0.0],[1006143.079295132658444,5706090.285757790319622,0.0],[1006190.361958492198028,5705993.456800304353237,0.0],[1006276.459247100981884,5705809.330828824080527,0.0],[1006285.58310593990609,5705784.921597788110375,0.0]]]}},
{"type":"Feature","properties":{"fid":259,"TIPOLOGIA":"NO DIG","PROVINCIA":"MI","COMUNE":"RHO","CLUSTER":"3","ROUTE":"9","ENTE":"COMUNE","ENTE 2":null,"LUNGHEZZA":99.68,"SPAN":"9_2","LOTTO":"2","TRATTA_ID":"TR_0259","ENTE 3":null,"MOTIVO_NO":"Manca autorizz","STATO_AUTORIZZAZIONE":"IN ATTESA","STATO_NULLAOSTA":"NON NECESSARIO","STATO_ORDINANZA":"NON NECESSARIO","PROTOCOLLO_AUT":null,"PRATICA":null,"LAVORABILE":"NO","STATO_LEGENDA":"IN ATTESA","CAMPO AWS":"NOT STARTED"},"geometry":{"type":"MultiLineString","coordinates":[[[1007056.766815954935737,5704723.28742896579206,0.0],[1007090.155916045885533,5704644.73980126157403,0.0],[1007113.179292669519782,5704592.510568927042186,0.0]]]}},
{"type":"Feature","properties":{"fid":260,"TIPOLOGIA":"NO DIG","PROVINCIA":"MI","COMUNE":"GARBAGNATE MILANESE","CLUSTER":"3","ROUTE":"9","ENTE":"PROVINCIA DI MILANO","ENTE 2":null,"LUNGHEZZA":78.99,"SPAN":"9_2","LOTTO":"2","TRATTA_ID":"TR_0260","ENTE 3":null,"MOTIVO_NO":"Manca autorizz","STATO_AUTORIZZAZIONE":"IN ATTESA","STATO_NULLAOSTA":"NON NECESSARIO","STATO_ORDINANZA":"NON NECESSARIO","PROTOCOLLO_AUT":null,"PRATICA":null,"LAVORABILE":"NO","STATO_LEGENDA":"IN ATTESA","CAMPO AWS":"NOT STARTED"},"geometry":{"type":"MultiLineString","coordinates":[[[1009460.662763003609143,5712337.729108553379774,0.0],[1009438.33637848647777,5712349.926685522310436,0.0],[1009410.346083988435566,5712380.273067410103977,0.0],[1009373.774232540861703,5712408.293341766111553,0.0]]]}},
{"type":"Feature","properties":{"fid":261,"TIPOLOGIA":"NO DIG","PROVINCIA":"MI","COMUNE":"LAINATE","CLUSTER":"3","ROUTE":"9","ENTE":"COMUNE","ENTE 2":null,"LUNGHEZZA":1626.06,"SPAN":"9_2","LOTTO":"2","TRATTA_ID":"TR_0261","ENTE 3":null,"MOTIVO_NO":"Manca autorizz","STATO_AUTORIZZAZIONE":"IN ATTESA","STATO_NULLAOSTA":"NON NECESSARIO","STATO_ORDINANZA":"NON NECESSARIO","PROTOCOLLO_AUT":null,"PRATICA":null,"LAVORABILE":"NO","STATO_LEGENDA":"IN ATTESA","CAMPO AWS":"NOT STARTED"},"geometry":{"type":"MultiLineString","coordinates":[[[1005976.258126954548061,5712057.101449537090957,0.0],[1005988.294777512317523,5712042.273682623170316,0.0],[1006012.792577739572152,5712035.232821848243475,0.0],[1006058.218066039844416,5712028.242417255416512,0.0],[1006058.228414433193393,5711985.365356099791825,0.0],[1006044.198125820490532,5711767.162018339149654,0.0],[1006029.39878857054282,5711577.739255868829787,0.0],[1005970.321176824043505,5711575.6379404515028,0.0],[1005923.621793550089933,5711575.640214388258755,0.0],[1005918.573488076799549,5711510.463298845104873,0.0],[1005906.881216494133696,5711397.100988453254104,0.0],[1005901.983983666519634,5711336.69927145447582,0.0],[1005850.58907117752824,5711330.155238018371165,0.0],[1005691.747186672291718,5711328.296746494248509,0.0],[1005635.41954781813547,5711320.866374843753874,0.0],[1005521.84369870449882,5711304.589726783335209,0.0],[1005468.444724281784147,5711304.591638809069991,0.0],[1005402.530291887931526,5711310.063425268046558,0.0],[1005303.674014049815014,5711324.385651837103069,0.0],[1005241.503303903038613,5711341.956052839756012,0.0],[1005135.542873186641373,5711353.861639412119985,0.0],[1005078.600085522979498,5711359.119132452644408,0.0],[1004914.375808254815638,5711381.048110676929355,0.0],[1004804.800776094081812,5711398.813832745887339,0.0],[1004688.665512952255085,5711405.665094488300383,0.0],[1004602.468254427658394,5711411.284971452318132,0.0],[1004478.589276181650348,5711410.653203673660755,0.0]]]}},
{"type":"Feature","properties":{"fid":262,"TIPOLOGIA":"NO DIG","PROVINCIA":"BG","COMUNE":"CAPRIATE SAN GERVASIO","CLUSTER":"3","ROUTE":"9","ENTE":"PROVINCIA DI BERGAMO","ENTE 2":null,"LUNGHEZZA":374.21,"SPAN":"9_2","LOTTO":"1","TRATTA_ID":"TR_0262","ENTE 3":null,"MOTIVO_NO":"Manca autorizz","STATO_AUTORIZZAZIONE":"IN ATTESA","STATO_NULLAOSTA":"NON NECESSARIO","STATO_ORDINANZA":"NON NECESSARIO","PROTOCOLLO_AUT":null,"PRATICA":null,"LAVORABILE":"NO","STATO_LEGENDA":"IN ATTESA","CAMPO AWS":"NOT STARTED"},"geometry":{"type":"MultiLineString","coordinates":[[[1061745.851574232568964,5718455.949784873053432,0.0],[1061750.434418789576739,5718446.62935237120837,0.0],[1061779.023006358416751,5718396.196021440438926,0.0],[1061796.745487960288301,5718358.321326241828501,0.0],[1061811.471406793920323,5718332.51066052634269,0.0],[1061822.581560830119997,5718311.531729531474411,0.0],[1061833.983568802941591,5718287.68828443530947,0.0],[1061841.915587724419311,5718260.764430758543313,0.0],[1061851.992438171524554,5718220.587776222266257,0.0],[1061856.36512319301255,5718193.192051317542791,0.0],[1061856.629615172976628,5718150.713844479061663,0.0],[1061848.556940997717902,5718116.802874764427543,0.0],[1061842.306565480539575,5718088.504065295681357,0.0],[1061836.330583570059389,5718064.064693609252572,0.0],[1061820.362511409912258,5718020.565704685635865,0.0],[1061791.636396458372474,5717956.22674470115453,0.0]]]}},
{"type":"Feature","properties":{"fid":263,"TIPOLOGIA":"CANALETTA","PROVINCIA":"BG","COMUNE":"CAPRIATE SAN GERVASIO","CLUSTER":"3","ROUTE":"9","ENTE":"PROVINCIA DI BERGAMO","ENTE 2":"AIPO","LUNGHEZZA":105.08,"SPAN":"9_2","LOTTO":"1","TRATTA_ID":"TR_0263","ENTE 3":null,"MOTIVO_NO":"Manca autorizz","STATO_AUTORIZZAZIONE":"IN ATTESA","STATO_NULLAOSTA":"NON NECESSARIO","STATO_ORDINANZA":"NON NECESSARIO","PROTOCOLLO_AUT":null,"PRATICA":null,"LAVORABILE":"NO","STATO_LEGENDA":"IN ATTESA","CAMPO AWS":"NOT STARTED"},"geometry":{"type":"MultiLineString","coordinates":[[[1060385.559678903315216,5718176.604410448111594,0.0],[1060370.319339090259746,5718175.205433323048055,0.0],[1060349.842121489346027,5718171.033579109236598,0.0],[1060309.891837336821482,5718160.09047129098326,0.0],[1060288.76706682308577,5718155.250538338907063,0.0],[1060266.316841288702562,5718152.318075369112194,0.0],[1060247.614613831741735,5718147.034744047559798,0.0],[1060239.633246999233961,5718143.793239648453891,0.0]]]}},
{"type":"Feature","properties":{"fid":264,"TIPOLOGIA":"CANALETTA","PROVINCIA":"MI","COMUNE":"TREZZO SULL'ADDA","CLUSTER":"3","ROUTE":"9","ENTE":"PROVINCIA DI MILANO","ENTE 2":"AIPO","LUNGHEZZA":162.15,"SPAN":"9_2","LOTTO":"1","TRATTA_ID":"TR_0264","ENTE 3":null,"MOTIVO_NO":"Manca autorizz","STATO_AUTORIZZAZIONE":"IN ATTESA","STATO_NULLAOSTA":"NON NECESSARIO","STATO_ORDINANZA":"NON NECESSARIO","PROTOCOLLO_AUT":null,"PRATICA":null,"LAVORABILE":"NO","STATO_LEGENDA":"IN ATTESA","CAMPO AWS":"NOT STARTED"},"geometry":{"type":"MultiLineString","coordinates":[[[1060239.633246999233961,5718143.793239648453891,0.0],[1060206.858803308336064,5718129.845226744189858,0.0],[1060193.489740308141336,5718123.813295657746494,0.0],[1060181.527498186798766,5718115.607984194532037,0.0],[1060165.688857151661068,5718104.666892625391483,0.0],[1060146.160749120637774,5718091.517767024226487,0.0],[1060136.212038425263017,5718084.580171491019428,0.0],[1060130.261778110871091,5718078.695915397256613,0.0],[1060125.79199063568376,5718072.049663060344756,0.0],[1060119.212222619913518,5718056.913589119911194,0.0],[1060107.381203308934346,5718031.221533880569041,0.0],[1060088.935822660336271,5717989.787579525262117,0.0],[1060086.903718730434775,5717984.616801058873534,0.0]]]}},
{"type":"Feature","properties":{"fid":268,"TIPOLOGIA":"SCAVO","PROVINCIA":"MB","COMUNE":"VIMERCATE","CLUSTER":"3","ROUTE":"9","ENTE":"COMUNE","ENTE 2":null,"LUNGHEZZA":94.18,"SPAN":"9_2","LOTTO":"2","TRATTA_ID":"TR_0268","ENTE 3":null,"MOTIVO_NO":"Manca autorizz","STATO_AUTORIZZAZIONE":"IN ATTESA","STATO_NULLAOSTA":"NON NECESSARIO","STATO_ORDINANZA":"NON NECESSARIO","PROTOCOLLO_AUT":null,"PRATICA":null,"LAVORABILE":"NO","STATO_LEGENDA":"IN ATTESA","CAMPO AWS":"NOT STARTED"},"geometry":{"type":"MultiLineString","coordinates":[[[1043279.251480651204474,5717635.762033767066896,0.0],[1043272.391545861726627,5717641.080152598209679,0.0],[1043265.870940112159587,5717648.445726578123868,0.0],[1043266.671930466894992,5717670.963560401462018,0.0],[1043262.03299334726762,5717702.728062312118709,0.0],[1043261.974564259988256,5717721.686467030085623,0.0],[1043256.32821570429951,5717744.212064854800701,0.0],[1043248.663163710618392,5717762.093807958066463,0.0]]]}},
{"type":"Feature","properties":{"fid":270,"TIPOLOGIA":"SCAVO","PROVINCIA":"MB","COMUNE":"MUGGIO","CLUSTER":"3","ROUTE":"9","ENTE":"PROVINCIA DI MB","ENTE 2":null,"LUNGHEZZA":184.17,"SPAN":"9_2","LOTTO":"2","TRATTA_ID":"TR_0270","ENTE 3":null,"MOTIVO_NO":"Manca autorizz","STATO_AUTORIZZAZIONE":"IN ATTESA","STATO_NULLAOSTA":"NON NECESSARIO","STATO_ORDINANZA":"NON NECESSARIO","PROTOCOLLO_AUT":null,"PRATICA":null,"LAVORABILE":"NO","STATO_LEGENDA":"IN ATTESA","CAMPO AWS":"NOT STARTED"},"geometry":{"type":"MultiLineString","coordinates":[[[1026405.318727337638848,5714842.364488644525409,0.0],[1026403.236124586779624,5714836.113569824025035,0.0],[1026403.188594733132049,5714815.801430081948638,0.0],[1026405.237796110101044,5714783.041404486633837,0.0],[1026402.768790990347043,5714747.931031484156847,0.0],[1026401.776977436151356,5714701.599900551140308,0.0],[1026398.672385275480337,5714660.620541431009769,0.0],[1026399.184667032095604,5714634.004723067395389,0.0],[1026399.275118895457126,5714622.602951478213072,0.0],[1026395.166207135538571,5714604.800469032488763,0.0],[1026391.374710053787567,5714580.162010541185737,0.0]]]}},
{"type":"Feature","properties":{"fid":271,"TIPOLOGIA":"SCAVO","PROVINCIA":"MI","COMUNE":"GARBAGNATE MILANESE","CLUSTER":"3","ROUTE":"9","ENTE":"COMUNE","ENTE 2":null,"LUNGHEZZA":360.82,"SPAN":"9_2","LOTTO":"2","TRATTA_ID":"TR_0271","ENTE 3":null,"MOTIVO_NO":"Manca autorizz","STATO_AUTORIZZAZIONE":"IN ATTESA","STATO_NULLAOSTA":"NON NECESSARIO","STATO_ORDINANZA":"NON NECESSARIO","PROTOCOLLO_AUT":null,"PRATICA":null,"LAVORABILE":"NO","STATO_LEGENDA":"IN ATTESA","CAMPO AWS":"NOT STARTED"},"geometry":{"type":"MultiLineString","coordinates":[[[1011358.154016961576417,5712543.834523958154023,0.0],[1011309.034101235796697,5712548.25329615175724,0.0],[1011264.861284757731482,5712554.724564470350742,0.0],[1011210.3748637821991,5712563.428784179501235,0.0],[1011158.082397263264284,5712582.775541841052473,0.0],[1011108.173850944265723,5712600.276401281356812,0.0],[1011072.829533484647982,5712605.424045168794692,0.0],[1011001.32277095655445,5712612.07332231476903,0.0],[1010954.423212652793154,5712617.161981834098697,0.0],[1010895.407449317513965,5712609.183607456274331,0.0],[1010860.423628477263264,5712600.546860893256962,0.0],[1010854.889775328338146,5712596.968677620403469,0.0]]]}},
{"type":"Feature","properties":{"fid":272,"TIPOLOGIA":"SCAVO","PROVINCIA":"MI","COMUNE":"GARBAGNATE MILANESE","CLUSTER":"3","ROUTE":"9","ENTE":"PROVINCIA DI MILANO","ENTE 2":null,"LUNGHEZZA":26.52,"SPAN":"9_2","LOTTO":"2","TRATTA_ID":"TR_0272","ENTE 3":null,"MOTIVO_NO":"Manca autorizz","STATO_AUTORIZZAZIONE":"IN ATTESA","STATO_NULLAOSTA":"NON NECESSARIO","STATO_ORDINANZA":"NON NECESSARIO","PROTOCOLLO_AUT":null,"PRATICA":null,"LAVORABILE":"NO","STATO_LEGENDA":"IN ATTESA","CAMPO AWS":"NOT STARTED"},"geometry":{"type":"MultiLineString","coordinates":[[[1010854.889775328338146,5712596.968677620403469,0.0],[1010844.98977230663877,5712591.301153463311493,0.0],[1010848.467162436572835,5712565.019568874500692,0.0]]]}},
{"type":"Feature","properties":{"fid":273,"TIPOLOGIA":"SCAVO","PROVINCIA":"MI","COMUNE":"LAINATE","CLUSTER":"3","ROUTE":"9","ENTE":"COMUNE","ENTE 2":null,"LUNGHEZZA":890.39,"SPAN":"9_2","LOTTO":"2","TRATTA_ID":"TR_0273","ENTE 3":null,"MOTIVO_NO":"Manca autorizz","STATO_AUTORIZZAZIONE":"IN ATTESA","STATO_NULLAOSTA":"NON NECESSARIO","STATO_ORDINANZA":"NON NECESSARIO","PROTOCOLLO_AUT":null,"PRATICA":null,"LAVORABILE":"NO","STATO_LEGENDA":"IN ATTESA","CAMPO AWS":"NOT STARTED"},"geometry":{"type":"MultiLineString","coordinates":[[[1004418.967033580527641,5711342.836471200920641,0.0],[1004426.429754844284616,5711307.579085203818977,0.0],[1004423.147589085274376,5711285.99094252474606,0.0],[1004417.499766665161587,5711234.146655267104506,0.0],[1004393.567327738855965,5711104.909848842769861,0.0],[1004373.389011773746461,5711013.475195100530982,0.0],[1004460.599755094386637,5711002.939601194113493,0.0],[1004557.509939758572727,5710993.230218257755041,0.0],[1004681.836131553398445,5710984.331968832761049,0.0],[1004700.973648981656879,5710982.115001514554024,0.0],[1004685.168050833279267,5710866.564164130948484,0.0],[1004663.881882743560709,5710740.012942359782755,0.0],[1004648.567830832442269,5710634.575759253464639,0.0],[1004629.883664392400533,5710544.10036482475698,0.0],[1004619.285278784227557,5710459.492542875930667,0.0],[1004612.457069718977436,5710414.6451919041574,0.0],[1004615.773233111947775,5710380.910792028531432,0.0]]]}},
{"type":"Feature","properties":{"fid":274,"TIPOLOGIA":"SCAVO","PROVINCIA":"MI","COMUNE":"RHO","CLUSTER":"3","ROUTE":"9","ENTE":"COMUNE","ENTE 2":null,"LUNGHEZZA":1083.42,"SPAN":"9_2","LOTTO":"2","TRATTA_ID":"TR_0274","ENTE 3":null,"MOTIVO_NO":"Manca autorizz","STATO_AUTORIZZAZIONE":"IN ATTESA","STATO_NULLAOSTA":"NON NECESSARIO","STATO_ORDINANZA":"NON NECESSARIO","PROTOCOLLO_AUT":null,"PRATICA":null,"LAVORABILE":"NO","STATO_LEGENDA":"IN ATTESA","CAMPO AWS":"NOT STARTED"},"geometry":{"type":"MultiLineString","coordinates":[[[1006285.766892532235943,5705785.95738856587559,0.0],[1006307.444254454225302,5705792.988776829093695,0.0],[1006332.090695625869557,5705811.790756225585938,0.0],[1006367.744835560093634,5705831.673865493386984,0.0],[1006385.648449809872545,5705847.219831760972738,0.0],[1006418.36854903481435,5705861.656790223903954,0.0],[1006433.048164989799261,5705847.23425373993814,0.0],[1006461.105401713983156,5705817.0852279830724,0.0],[1006506.054169478709809,5705777.16159682162106,0.0],[1006567.779214278445579,5705720.533476158976555,0.0],[1006665.726861903327517,5705623.796146359294653,0.0],[1006733.244942436460406,5705557.530284583568573,0.0],[1006796.775084733380936,5705492.499488086439669,0.0],[1006838.293217906495556,5705450.466168156825006,0.0],[1006900.998960414319299,5705393.898950417526066,0.0],[1006975.883899067528546,5705322.733025304973125,0.0],[1007011.875168145401403,5705281.899659310467541,0.0],[1007025.168693452840671,5705241.914515771903098,0.0],[1007026.629652203526348,5705241.914934446103871,0.0],[1007036.058864368707873,5705190.088149574585259,0.0],[1007047.77224700700026,5705017.538443379104137,0.0],[1007049.349208543193527,5704965.085438051261008,0.0],[1007056.858579261577688,5704840.844533713534474,0.0],[1007056.794819385162555,5704762.63836522679776,0.0],[1007056.323064562748186,5704723.974838717840612,0.0]]]}},
{"type":"Feature","properties":{"fid":275,"TIPOLOGIA":"NO DIG","PROVINCIA":"BG","COMUNE":"VERDELLINO","CLUSTER":"3","ROUTE":"6","ENTE":"PROVINCIA DI BERGAMO","ENTE 2":null,"LUNGHEZZA":120.48,"SPAN":"6_2","LOTTO":"4","TRATTA_ID":"TR_0275","ENTE 3":null,"MOTIVO_NO":"Manca autorizz","STATO_AUTORIZZAZIONE":"IN ATTESA","STATO_NULLAOSTA":"NON NECESSARIO","STATO_ORDINANZA":"NON NECESSARIO","PROTOCOLLO_AUT":null,"PRATICA":null,"LAVORABILE":"NO","STATO_LEGENDA":"IN ATTESA","CAMPO AWS":"NOT STARTED"},"geometry":{"type":"MultiLineString","coordinates":[[[1070949.401385513367131,5714982.549345697276294,0.0],[1070909.432643146254122,5714814.831215712241828,0.0]]]}},
{"type":"Feature","properties":{"fid":276,"TIPOLOGIA":"NO DIG","PROVINCIA":"BG","COMUNE":"CISERANO","CLUSTER":"3","ROUTE":"6","ENTE":"PROVINCIA DI BERGAMO","ENTE 2":null,"LUNGHEZZA":116.33,"SPAN":"6_2","LOTTO":"4","TRATTA_ID":"TR_0276","ENTE 3":null,"MOTIVO_NO":"Manca autorizz","STATO_AUTORIZZAZIONE":"IN ATTESA","STATO_NULLAOSTA":"NON NECESSARIO","STATO_ORDINANZA":"NON NECESSARIO","PROTOCOLLO_AUT":null,"PRATICA":null,"LAVORABILE":"NO","STATO_LEGENDA":"IN ATTESA","CAMPO AWS":"NOT STARTED"},"geometry":{"type":"MultiLineString","coordinates":[[[1070910.216353293275461,5714815.615099676884711,0.0],[1070859.974010140635073,5714656.927181030623615,0.0]]]}},
{"type":"Feature","properties":{"fid":278,"TIPOLOGIA":"NO DIG","PROVINCIA":"MI","COMUNE":"MEDIGLIA","CLUSTER":"3","ROUTE":"6","ENTE":"PROVINCIA DI MILANO","ENTE 2":null,"LUNGHEZZA":93.52,"SPAN":"6_2","LOTTO":"4","TRATTA_ID":"TR_0278","ENTE 3":null,"MOTIVO_NO":"Manca autorizz","STATO_AUTORIZZAZIONE":"IN ATTESA","STATO_NULLAOSTA":"NON NECESSARIO","STATO_ORDINANZA":"NON NECESSARIO","PROTOCOLLO_AUT":null,"PRATICA":null,"LAVORABILE":"NO","STATO_LEGENDA":"IN ATTESA","CAMPO AWS":"NOT STARTED"},"geometry":{"type":"MultiLineString","coordinates":[[[1043783.344149732147343,5689517.566393624991179,0.0],[1043706.041659225244075,5689408.942613652907312,0.0]]]}},
{"type":"Feature","properties":{"fid":279,"TIPOLOGIA":"CANALETTA","PROVINCIA":"MI","COMUNE":"CASSANO D'ADDA","CLUSTER":"3","ROUTE":"6","ENTE":"ANAS","ENTE 2":"RIM","LUNGHEZZA":56.16,"SPAN":"6_2","LOTTO":"4","TRATTA_ID":"TR_0279","ENTE 3":null,"MOTIVO_NO":"Manca autorizz","STATO_AUTORIZZAZIONE":"IN ATTESA","STATO_NULLAOSTA":"NON NECESSARIO","STATO_ORDINANZA":"NON NECESSARIO","PROTOCOLLO_AUT":null,"PRATICA":null,"LAVORABILE":"NO","STATO_LEGENDA":"IN ATTESA","CAMPO AWS":"NOT STARTED"},"geometry":{"type":"MultiLineString","coordinates":[[[1061321.793193083489314,5704595.888689250685275,0.0],[1061242.526601842138916,5704606.926155271008611,0.0]]]}},
{"type":"Feature","properties":{"fid":280,"TIPOLOGIA":"CANALETTA","PROVINCIA":"MI","COMUNE":"CASSANO D'ADDA","CLUSTER":"3","ROUTE":"6","ENTE":"PROVINCIA DI MILANO","ENTE 2":"RIM","LUNGHEZZA":65.0,"SPAN":"6_2","LOTTO":"4","TRATTA_ID":"TR_0280","ENTE 3":null,"MOTIVO_NO":"Manca autorizz","STATO_AUTORIZZAZIONE":"IN ATTESA","STATO_NULLAOSTA":"NON NECESSARIO","STATO_ORDINANZA":"NON NECESSARIO","PROTOCOLLO_AUT":null,"PRATICA":null,"LAVORABILE":"NO","STATO_LEGENDA":"IN ATTESA","CAMPO AWS":"NOT STARTED"},"geometry":{"type":"MultiLineString","coordinates":[[[1060357.630349619546905,5703579.05165795981884,0.0],[1060347.292217714712024,5703486.723478543572128,0.0]]]}},
{"type":"Feature","properties":{"fid":281,"TIPOLOGIA":"CANALETTA","PROVINCIA":"CR","COMUNE":"RIVOLTA D'ADDA","CLUSTER":"3","ROUTE":"6","ENTE":"PROVINCIA DI MILANO","ENTE 2":"AIPO","LUNGHEZZA":183.74,"SPAN":"6_2","LOTTO":"4","TRATTA_ID":"TR_0281","ENTE 3":null,"MOTIVO_NO":"Manca autorizz","STATO_AUTORIZZAZIONE":"IN ATTESA","STATO_NULLAOSTA":"NON NECESSARIO","STATO_ORDINANZA":"NON NECESSARIO","PROTOCOLLO_AUT":null,"PRATICA":null,"LAVORABILE":"NO","STATO_LEGENDA":"IN ATTESA","CAMPO AWS":"NOT STARTED"},"geometry":{"type":"MultiLineString","coordinates":[[[1057395.297900278586894,5696781.687731962651014,0.0],[1057142.160662050591782,5696847.8466940773651,0.0]]]}},
{"type":"Feature","properties":{"fid":282,"TIPOLOGIA":"CANALETTA","PROVINCIA":"MI","COMUNE":"TRUCAZZANO","CLUSTER":"3","ROUTE":"6","ENTE":"PROVINCIA DI MILANO","ENTE 2":"RIB","LUNGHEZZA":56.76,"SPAN":"6_2","LOTTO":"4","TRATTA_ID":"TR_0282","ENTE 3":null,"MOTIVO_NO":"Manca autorizz","STATO_AUTORIZZAZIONE":"IN ATTESA","STATO_NULLAOSTA":"NON NECESSARIO","STATO_ORDINANZA":"NON NECESSARIO","PROTOCOLLO_AUT":null,"PRATICA":null,"LAVORABILE":"NO","STATO_LEGENDA":"IN ATTESA","CAMPO AWS":"NOT STARTED"},"geometry":{"type":"MultiLineString","coordinates":[[[1054919.837921444093809,5697649.790263863280416,0.0],[1054853.753086467273533,5697696.467405588366091,0.0]]]}},
{"type":"Feature","properties":{"fid":283,"TIPOLOGIA":"CANALETTA","PROVINCIA":"MI","COMUNE":"LISCATE","CLUSTER":"3","ROUTE":"6","ENTE":"PROVINCIA DI MILANO","ENTE 2":"AUTOSTRADE","LUNGHEZZA":123.1,"SPAN":"6_2","LOTTO":"4","TRATTA_ID":"TR_0283","ENTE 3":null,"MOTIVO_NO":"Manca autorizz","STATO_AUTORIZZAZIONE":"IN ATTESA","STATO_NULLAOSTA":"NON NECESSARIO","STATO_ORDINANZA":"NON NECESSARIO","PROTOCOLLO_AUT":null,"PRATICA":null,"LAVORABILE":"NO","STATO_LEGENDA":"IN ATTESA","CAMPO AWS":"NOT STARTED"},"geometry":{"type":"MultiLineString","coordinates":[[[1049868.435948538128287,5696432.568848348222673,0.0],[1049697.756608452415094,5696392.671436822041869,0.0]]]}},
{"type":"Feature","properties":{"fid":284,"TIPOLOGIA":"NO DIG","PROVINCIA":"BG","COMUNE":"BERGAMO","CLUSTER":"3","ROUTE":"6","ENTE":"PROVINCIA DI BERGAMO","ENTE 2":null,"LUNGHEZZA":921.68,"SPAN":"6_1","LOTTO":"1","TRATTA_ID":"TR_0284","ENTE 3":null,"MOTIVO_NO":"Manca autorizz","STATO_AUTORIZZAZIONE":"IN ATTESA","STATO_NULLAOSTA":"NON NECESSARIO","STATO_ORDINANZA":"NON NECESSARIO","PROTOCOLLO_AUT":null,"PRATICA":null,"LAVORABILE":"NO","STATO_LEGENDA":"IN ATTESA","CAMPO AWS":"NOT STARTED"},"geometry":{"type":"MultiLineString","coordinates":[[[1075237.561847659992054,5726848.318809075281024,0.0],[1075169.770798908080906,5726579.484628370031714,0.0],[1074966.336248346138746,5725794.897989549674094,0.0],[1074909.440616928506643,5725569.184433740563691,0.0]]]}},
{"type":"Feature","properties":{"fid":285,"TIPOLOGIA":"SCAVO","PROVINCIA":"BG","COMUNE":"BERGAMO","CLUSTER":"3","ROUTE":"6","ENTE":"COMUNE","ENTE 2":null,"LUNGHEZZA":366.47,"SPAN":"6_1","LOTTO":"1","TRATTA_ID":"TR_0285","ENTE 3":null,"MOTIVO_NO":"Manca autorizz","STATO_AUTORIZZAZIONE":"IN ATTESA","STATO_NULLAOSTA":"NON NECESSARIO","STATO_ORDINANZA":"NON NECESSARIO","PROTOCOLLO_AUT":null,"PRATICA":null,"LAVORABILE":"NO","STATO_LEGENDA":"IN ATTESA","CAMPO AWS":"NOT STARTED"},"geometry":{"type":"MultiLineString","coordinates":[[[1075478.165966290980577,5727773.531079528853297,0.0],[1075343.217764242785051,5727266.025798217393458,0.0]]]}},
{"type":"Feature","properties":{"fid":287,"TIPOLOGIA":"NO DIG","PROVINCIA":"BG","COMUNE":"DALMINE","CLUSTER":"3","ROUTE":"4","ENTE":"COMUNE","ENTE 2":null,"LUNGHEZZA":1363.43,"SPAN":"4_2_2","LOTTO":"1","TRATTA_ID":"TR_0287","ENTE 3":null,"MOTIVO_NO":"Manca autorizz","STATO_AUTORIZZAZIONE":"IN ATTESA","STATO_NULLAOSTA":"NON NECESSARIO","STATO_ORDINANZA":"NON NECESSARIO","PROTOCOLLO_AUT":null,"PRATICA":null,"LAVORABILE":"NO","STATO_LEGENDA":"IN ATTESA","CAMPO AWS":"NOT STARTED"},"geometry":{"type":"MultiLineString","coordinates":[[[1070967.709982166532427,5724588.082167778164148,0.0],[1070719.057798589579761,5724188.648089184425771,0.0],[1070678.808627975406125,5724102.861458067782223,0.0],[1070284.141525957034901,5723398.312584190629423,0.0],[1070245.281445374945179,5723330.731633740477264,0.0],[1069994.399776250356808,5722897.106043801642954,0.0]]]}},
{"type":"Feature","properties":{"fid":288,"TIPOLOGIA":"NO DIG","PROVINCIA":"BG","COMUNE":"DALMINE","CLUSTER":"3","ROUTE":"4","ENTE":"PROVINCIA DI BERGAMO","ENTE 2":null,"LUNGHEZZA":424.79,"SPAN":"4_2_2","LOTTO":"1","TRATTA_ID":"TR_0288","ENTE 3":null,"MOTIVO_NO":"Manca autorizz","STATO_AUTORIZZAZIONE":"IN ATTESA","STATO_NULLAOSTA":"NON NECESSARIO","STATO_ORDINANZA":"NON NECESSARIO","PROTOCOLLO_AUT":null,"PRATICA":null,"LAVORABILE":"NO","STATO_LEGENDA":"IN ATTESA","CAMPO AWS":"NOT STARTED"},"geometry":{"type":"MultiLineString","coordinates":[[[1069761.192505359416828,5722486.337326505221426,0.0],[1069691.966928565409034,5722364.773385028354824,0.0],[1069456.313219635048881,5721960.331754425540566,0.0]]]}},
{"type":"Feature","properties":{"fid":289,"TIPOLOGIA":"NO DIG","PROVINCIA":"BG","COMUNE":"OSIO SOPRA","CLUSTER":"3","ROUTE":"4","ENTE":"PROVINCIA DI BERGAMO","ENTE 2":null,"LUNGHEZZA":1572.89,"SPAN":"4_2_2","LOTTO":"1","TRATTA_ID":"TR_0289","ENTE 3":null,"MOTIVO_NO":"Manca autorizz","STATO_AUTORIZZAZIONE":"IN ATTESA","STATO_NULLAOSTA":"NON NECESSARIO","STATO_ORDINANZA":"NON NECESSARIO","PROTOCOLLO_AUT":null,"PRATICA":null,"LAVORABILE":"NO","STATO_LEGENDA":"IN ATTESA","CAMPO AWS":"NOT STARTED"},"geometry":{"type":"MultiLineString","coordinates":[[[1069456.313219635048881,5721960.331754425540566,0.0],[1069406.941982849501073,5721859.951285529881716,0.0],[1069233.125973720336333,5721561.794682843610644,0.0],[1069081.187446114607155,5721283.667965953238308,0.0],[1069037.052172498079017,5721214.943053488619626,0.0],[1068963.37721333745867,5721088.638438878580928,0.0],[1068763.425189550500363,5720735.493194277398288,0.0],[1068681.123798405518755,5720590.802293507382274,0.0],[1068487.704972176812589,5720248.643905868753791,0.0],[1068453.378875063499436,5720165.146285702474415,0.0],[1068405.098795399768278,5719977.580858457833529,0.0]]]}},
{"type":"Feature","properties":{"fid":294,"TIPOLOGIA":"SCAVO","PROVINCIA":"BG","COMUNE":"BERGAMO","CLUSTER":"3","ROUTE":"3","ENTE":"COMUNE","ENTE 2":null,"LUNGHEZZA":581.37,"SPAN":"3_2_1","LOTTO":"1","TRATTA_ID":"TR_0294","ENTE 3":null,"MOTIVO_NO":"Manca autorizz","STATO_AUTORIZZAZIONE":"IN ATTESA","STATO_NULLAOSTA":"NON NECESSARIO","STATO_ORDINANZA":"NON NECESSARIO","PROTOCOLLO_AUT":null,"PRATICA":null,"LAVORABILE":"NO","STATO_LEGENDA":"IN ATTESA","CAMPO AWS":"NOT STARTED"},"geometry":{"type":"MultiLineString","coordinates":[[[1075462.289724205154926,5728547.647574160248041,0.0],[1075439.083140634698793,5728374.512942625209689,0.0],[1075433.600016791839153,5728264.595508810132742,0.0],[1075547.932297825114802,5728100.102971026673913,0.0],[1075569.788744503399357,5728070.823896523565054,0.0],[1075525.07033571251668,5727947.455711045302451,0.0],[1075478.165966290980577,5727773.531079528853297,0.0]]]}},
{"type":"Feature","properties":{"fid":295,"TIPOLOGIA":"SCAVO","PROVINCIA":"BG","COMUNE":"BERGAMO","CLUSTER":"3","ROUTE":"3","ENTE":"PROVINCIA DI BERGAMO","ENTE 2":null,"LUNGHEZZA":110.02,"SPAN":"3_2_1","LOTTO":"1","TRATTA_ID":"TR_0295","ENTE 3":null,"MOTIVO_NO":"Manca autorizz","STATO_AUTORIZZAZIONE":"IN ATTESA","STATO_NULLAOSTA":"NON NECESSARIO","STATO_ORDINANZA":"NON NECESSARIO","PROTOCOLLO_AUT":null,"PRATICA":null,"LAVORABILE":"NO","STATO_LEGENDA":"IN ATTESA","CAMPO AWS":"NOT STARTED"},"geometry":{"type":"MultiLineString","coordinates":[[[1075309.125212412560359,5728555.285552086308599,0.0],[1075443.34026946593076,5728560.509845552034676,0.0],[1075462.289724205154926,5728547.647574160248041,0.0]]]}},
{"type":"Feature","properties":{"fid":296,"TIPOLOGIA":"SCAVO","PROVINCIA":"BG","COMUNE":"CURNO","CLUSTER":"3","ROUTE":"3","ENTE":"COMUNE","ENTE 2":null,"LUNGHEZZA":385.1,"SPAN":"3_2_2","LOTTO":"1","TRATTA_ID":"TR_0296","ENTE 3":null,"MOTIVO_NO":"Manca autorizz","STATO_AUTORIZZAZIONE":"IN ATTESA","STATO_NULLAOSTA":"NON NECESSARIO","STATO_ORDINANZA":"NON NECESSARIO","PROTOCOLLO_AUT":null,"PRATICA":null,"LAVORABILE":"NO","STATO_LEGENDA":"IN ATTESA","CAMPO AWS":"NOT STARTED"},"geometry":{"type":"MultiLineString","coordinates":[[[1068452.521974369650707,5731728.235916847363114,0.0],[1068452.521974369650707,5731728.235916847363114,0.0],[1068452.102269223891199,5731706.686353983357549,0.0],[1068556.594431943260133,5731697.483356419019401,0.0],[1068750.636509661562741,5731638.887634493410587,0.0],[1068862.723843269282952,5731601.90329250972718,0.0],[1068897.463623481569812,5731593.357484909705818,0.0],[1068936.254177717026323,5731597.490749234333634,0.0],[1068964.689559123245999,5731594.354301163926721,0.0]]]}},
{"type":"Feature","properties":{"fid":297,"TIPOLOGIA":"SCAVO","PROVINCIA":"BG","COMUNE":"MOZZO","CLUSTER":"3","ROUTE":"3","ENTE":"COMUNE","ENTE 2":null,"LUNGHEZZA":474.13,"SPAN":"3_2_2","LOTTO":"1","TRATTA_ID":"TR_0297","ENTE 3":null,"MOTIVO_NO":"Manca autorizz","STATO_AUTORIZZAZIONE":"IN ATTESA","STATO_NULLAOSTA":"NON NECESSARIO","STATO_ORDINANZA":"NON NECESSARIO","PROTOCOLLO_AUT":null,"PRATICA":null,"LAVORABILE":"NO","STATO_LEGENDA":"IN ATTESA","CAMPO AWS":"NOT STARTED"},"geometry":{"type":"MultiLineString","coordinates":[[[1068583.594900963129476,5732384.215039174072444,0.0],[1068578.004516651388258,5732361.14061108417809,0.0],[1068576.374335384462029,5732325.970835438929498,0.0],[1068586.386255736695603,5732291.005178458988667,0.0],[1068594.064400547649711,5732284.052145908586681,0.0],[1068561.704955077497289,5732162.668006447143853,0.0],[1068477.905635895673186,5731870.126672364771366,0.0],[1068452.521974369650707,5731728.235916847363114,0.0]]]}},
{"type":"Feature","properties":{"fid":298,"TIPOLOGIA":"SCAVO","PROVINCIA":"BG","COMUNE":"MOZZO","CLUSTER":"3","ROUTE":"3","ENTE":"COMUNE","ENTE 2":null,"LUNGHEZZA":444.1,"SPAN":"3_2_2","LOTTO":"1","TRATTA_ID":"TR_0298","ENTE 3":null,"MOTIVO_NO":"Manca autorizz","STATO_AUTORIZZAZIONE":"IN ATTESA","STATO_NULLAOSTA":"NON NECESSARIO","STATO_ORDINANZA":"NON NECESSARIO","PROTOCOLLO_AUT":null,"PRATICA":null,"LAVORABILE":"NO","STATO_LEGENDA":"IN ATTESA","CAMPO AWS":"NOT STARTED"},"geometry":{"type":"MultiLineString","coordinates":[[[1068766.449251336278394,5733144.262854636646807,0.0],[1068755.47221225942485,5733100.260423173196614,0.0],[1068728.567206660285592,5732944.042226925492287,0.0],[1068733.483798558590934,5732935.813770736567676,0.0],[1068734.79880676465109,5732922.391521748155355,0.0],[1068732.175011653220281,5732913.137892037630081,0.0],[1068724.465155073674396,5732904.917059104889631,0.0],[1068718.758141468046233,5732900.866745746694505,0.0],[1068705.056945785414428,5732756.700106862001121,0.0],[1068711.100907395593822,5732737.8457459975034,0.0],[1068707.814859851729125,5732724.457425256259739,0.0],[1068698.125484618591145,5732706.941719892434776,0.0],[1068685.781897323671728,5732687.378284922800958,0.0],[1068633.723021161044016,5732535.724450619891286,0.0]]]}},
{"type":"Feature","properties":{"fid":299,"TIPOLOGIA":"SCAVO","PROVINCIA":"BG","COMUNE":"MOZZO","CLUSTER":"3","ROUTE":"3","ENTE":"COMUNE","ENTE 2":null,"LUNGHEZZA":420.55,"SPAN":"3_2_2","LOTTO":"1","TRATTA_ID":"TR_0299","ENTE 3":null,"MOTIVO_NO":"Manca autorizz","STATO_AUTORIZZAZIONE":"IN ATTESA","STATO_NULLAOSTA":"NON NECESSARIO","STATO_ORDINANZA":"NON NECESSARIO","PROTOCOLLO_AUT":null,"PRATICA":null,"LAVORABILE":"NO","STATO_LEGENDA":"IN ATTESA","CAMPO AWS":"NOT STARTED"},"geometry":{"type":"MultiLineString","coordinates":[[[1068876.143120128894225,5734041.075847672298551,0.0],[1068840.863430753350258,5733975.229843810200691,0.0],[1068834.865422911709175,5733964.050238863565028,0.0],[1068817.436089549446478,5733897.580701304599643,0.0],[1068803.340874367626384,5733837.617037773132324,0.0],[1068801.463973192498088,5733813.421973218210042,0.0],[1068811.779691209783778,5733783.550356067717075,0.0],[1068811.782528469106182,5733659.89893330540508,0.0],[1068813.540770756779239,5733454.049022002145648,0.0]]]}},
{"type":"Feature","properties":{"fid":300,"TIPOLOGIA":"SCAVO","PROVINCIA":"BG","COMUNE":"PONTE SAN PIETRO","CLUSTER":"3","ROUTE":"3","ENTE":"PROVINCIA DI BERGAMO","ENTE 2":null,"LUNGHEZZA":904.82,"SPAN":"3_2_2","LOTTO":"1","TRATTA_ID":"TR_0300","ENTE 3":null,"MOTIVO_NO":"Manca autorizz","STATO_AUTORIZZAZIONE":"IN ATTESA","STATO_NULLAOSTA":"NON NECESSARIO","STATO_ORDINANZA":"NON NECESSARIO","PROTOCOLLO_AUT":null,"PRATICA":null,"LAVORABILE":"NO","STATO_LEGENDA":"IN ATTESA","CAMPO AWS":"NOT STARTED"},"geometry":{"type":"MultiLineString","coordinates":[[[1067493.285930564394221,5734220.697429501451552,0.0],[1067540.944948688847944,5734203.592665830627084,0.0],[1067601.526077690301463,5734168.064957968890667,0.0],[1067656.447563933907077,5734137.306656380183995,0.0],[1067713.546433037612587,5734130.680174075067043,0.0],[1067803.637209413107485,5734122.195432852953672,0.0],[1067899.671229190658778,5734118.037180992774665,0.0],[1068025.101970568997785,5734109.320704199373722,0.0],[1068160.076933578122407,5734100.111858454532921,0.0],[1068284.862066277535632,5734092.913680262863636,0.0],[1068505.520560000324622,5734079.770308847539127,0.0],[1068763.559834636980668,5734060.931010207161307,0.0]]]}},
{"type":"Feature","properties":{"fid":301,"TIPOLOGIA":"SCAVO","PROVINCIA":"BG","COMUNE":"PONTE SAN PIETRO","CLUSTER":"3","ROUTE":"3","ENTE":"COMUNE","ENTE 2":null,"LUNGHEZZA":321.8,"SPAN":"3_2_2","LOTTO":"1","TRATTA_ID":"TR_0301","ENTE 3":null,"MOTIVO_NO":"Manca autorizz","STATO_AUTORIZZAZIONE":"IN ATTESA","STATO_NULLAOSTA":"NON NECESSARIO","STATO_ORDINANZA":"NON NECESSARIO","PROTOCOLLO_AUT":null,"PRATICA":null,"LAVORABILE":"NO","STATO_LEGENDA":"IN ATTESA","CAMPO AWS":"NOT STARTED"},"geometry":{"type":"MultiLineString","coordinates":[[[1067466.299272583331913,5733765.404708747752011,0.0],[1067470.272964773466811,5733862.530233754776418,0.0],[1067464.310463042696938,5733952.192937745712698,0.0],[1067459.589971313253045,5734032.516019334085286,0.0],[1067458.09875358408317,5734111.737535001710057,0.0],[1067479.709948536939919,5734193.565568772144616,0.0],[1067492.905527593335137,5734220.643087812699378,0.0]]]}},
{"type":"Feature","properties":{"fid":302,"TIPOLOGIA":"SCAVO","PROVINCIA":"BG","COMUNE":"AZZANO SAN PAOLO","CLUSTER":"6","ROUTE":"2","ENTE":"COMUNE","ENTE 2":null,"LUNGHEZZA":1695.77,"SPAN":"2_1","LOTTO":"7","TRATTA_ID":"TR_0302","ENTE 3":null,"MOTIVO_NO":"Manca autorizz","STATO_AUTORIZZAZIONE":"IN ATTESA","STATO_NULLAOSTA":"NON NECESSARIO","STATO_ORDINANZA":"NON NECESSARIO","PROTOCOLLO_AUT":null,"PRATICA":null,"LAVORABILE":"NO","STATO_LEGENDA":"IN ATTESA","CAMPO AWS":"NOT STARTED"},"geometry":{"type":"MultiLineString","coordinates":[[[1075366.838870659936219,5725228.280295154079795,0.0],[1075385.593526398064569,5725240.481349118985236,0.0],[1075404.889028856996447,5725248.971896016038954,0.0],[1075425.342479729326442,5725243.183719066902995,0.0],[1075514.873343879822642,5725286.407088533975184,0.0],[1075599.764409516938031,5725323.840824501588941,0.0],[1075692.049053589580581,5725358.958330228924751,0.0],[1075805.791394732194021,5725397.161860437132418,0.0],[1075895.366309504024684,5725422.243828099220991,0.0],[1075997.218764035729691,5725445.394854256883264,0.0],[1076076.124837428098544,5725459.669949747622013,0.0],[1076076.896673944313079,5725459.669908246025443,0.0],[1076120.505888163112104,5725466.999960981309414,0.0],[1076176.849604024318978,5725490.636296766810119,0.0],[1076180.708949947496876,5725492.951558376662433,0.0],[1076220.846194314770401,5725515.718142788857222,0.0],[1076255.580644567962736,5725535.783612265251577,0.0],[1076360.169742832658812,5725603.510875346139073,0.0],[1076479.464199995854869,5725679.55255217757076,0.0],[1076584.942273437278345,5725745.060625384561718,0.0],[1076686.808387641562149,5725808.138316654600203,0.0],[1076804.830837790854275,5725879.629652177914977,0.0],[1076919.241544504417107,5725944.228008057922125,0.0],[1077006.306656019994989,5725994.807072043418884,0.0],[1077118.842194765340537,5726056.245841864496469,0.0],[1077205.700706321047619,5726112.079552760347724,0.0],[1077311.80340587021783,5726179.809213661588728,0.0],[1077417.501010899897665,5726247.60659372061491,0.0],[1077507.664682968053967,5726311.652616934850812,0.0]]]}},
{"type":"Feature","properties":{"fid":303,"TIPOLOGIA":"NO DIG","PROVINCIA":"BG","COMUNE":"BERGAMO","CLUSTER":"6","ROUTE":"2","ENTE":"PROVINCIA DI BERGAMO","ENTE 2":null,"LUNGHEZZA":419.89,"SPAN":"2_1","LOTTO":"7","TRATTA_ID":"TR_0303","ENTE 3":null,"MOTIVO_NO":"Manca autorizz","STATO_AUTORIZZAZIONE":"IN ATTESA","STATO_NULLAOSTA":"NON NECESSARIO","STATO_ORDINANZA":"NON NECESSARIO","PROTOCOLLO_AUT":null,"PRATICA":null,"LAVORABILE":"NO","STATO_LEGENDA":"IN ATTESA","CAMPO AWS":"NOT STARTED"},"geometry":{"type":"MultiLineString","coordinates":[[[1074909.440616928506643,5725569.184433740563691,0.0],[1074971.011331950780004,5725559.138539953157306,0.0],[1075057.310429282719269,5725519.035965074785054,0.0],[1075156.348143608542159,5725467.978208750486374,0.0],[1075260.695349242538214,5725408.250198725610971,0.0],[1075290.504853914026171,5725381.365218567661941,0.0],[1075330.313114154851064,5725305.640321056358516,0.0],[1075366.838870659936219,5725228.280295154079795,0.0]]]}},
{"type":"Feature","properties":{"fid":304,"TIPOLOGIA":"NO DIG","PROVINCIA":"BG","COMUNE":"AZZANO SAN PAOLO","CLUSTER":"6","ROUTE":"2","ENTE":"COMUNE","ENTE 2":null,"LUNGHEZZA":634.1,"SPAN":"2_1","LOTTO":"7","TRATTA_ID":"TR_0304","ENTE 3":null,"MOTIVO_NO":"Manca autorizz","STATO_AUTORIZZAZIONE":"IN ATTESA","STATO_NULLAOSTA":"NON NECESSARIO","STATO_ORDINANZA":"NON NECESSARIO","PROTOCOLLO_AUT":null,"PRATICA":null,"LAVORABILE":"NO","STATO_LEGENDA":"IN ATTESA","CAMPO AWS":"NOT STARTED"},"geometry":{"type":"MultiLineString","coordinates":[[[1077507.664682968053967,5726311.652616934850812,0.0],[1077614.234495140612125,5726070.179446269758046,0.0],[1077717.361730063566938,5725838.850202849134803,0.0],[1077762.396421849261969,5725726.624545181170106,0.0],[1077778.389592776540667,5725684.661645792424679,0.0],[1077807.746460219379514,5725499.377402206882834,0.0],[1077828.879213351057842,5725468.24484196677804,0.0]]]}},
{"type":"Feature","properties":{"fid":305,"TIPOLOGIA":"NO DIG","PROVINCIA":"BG","COMUNE":"AZZANO SAN PAOLO","CLUSTER":"6","ROUTE":"2","ENTE":"PROVINCIA DI BERGAMO","ENTE 2":null,"LUNGHEZZA":997.42,"SPAN":"2_1","LOTTO":"7","TRATTA_ID":"TR_0305","ENTE 3":null,"MOTIVO_NO":"Manca autorizz","STATO_AUTORIZZAZIONE":"IN ATTESA","STATO_NULLAOSTA":"NON NECESSARIO","STATO_ORDINANZA":"NON NECESSARIO","PROTOCOLLO_AUT":null,"PRATICA":null,"LAVORABILE":"NO","STATO_LEGENDA":"IN ATTESA","CAMPO AWS":"NOT STARTED"},"geometry":{"type":"MultiLineString","coordinates":[[[1077828.879213351057842,5725468.24484196677804,0.0],[1077858.116992171388119,5725461.644196558743715,0.0],[1078029.895666640019044,5725517.217730746604502,0.0],[1078243.580103331943974,5725582.60811872407794,0.0],[1078421.539205047301948,5725635.707970299758017,0.0],[1078664.185457087354735,5725709.77287173923105,0.0],[1078770.40949325193651,5725732.341957434080541,0.0],[1078872.432747779879719,5725735.091812053695321,0.0],[1079101.719657490495592,5725737.134352643042803,0.0],[1079212.734383282251656,5725747.683208836242557,0.0]]]}},
{"type":"Feature","properties":{"fid":307,"TIPOLOGIA":"SCAVO","PROVINCIA":"BG","COMUNE":"CURNO","CLUSTER":"6","ROUTE":"2","ENTE":"COMUNE","ENTE 2":null,"LUNGHEZZA":638.93,"SPAN":"2_2","LOTTO":"7","TRATTA_ID":"TR_0307","ENTE 3":null,"MOTIVO_NO":"Manca autorizz","STATO_AUTORIZZAZIONE":"IN ATTESA","STATO_NULLAOSTA":"NON NECESSARIO","STATO_ORDINANZA":"NON NECESSARIO","PROTOCOLLO_AUT":null,"PRATICA":null,"LAVORABILE":"NO","STATO_LEGENDA":"IN ATTESA","CAMPO AWS":"NOT STARTED"},"geometry":{"type":"MultiLineString","coordinates":[[[1068333.032950539607555,5731717.427718025632203,0.0],[1068364.688456882722676,5731689.788621822372079,0.0],[1068422.529271859908476,5731638.562054274603724,0.0],[1068480.837828814052045,5731599.57080608792603,0.0],[1068540.668887725332752,5731566.135262089781463,0.0],[1068670.344669422600418,5731502.052916037850082,0.0],[1068763.148343940498307,5731456.724085434339941,0.0],[1068849.633823052980006,5731417.004433111287653,0.0],[1068863.14969956013374,5731405.698843947611749,0.0],[1068868.454777230508626,5731397.999575197696686,0.0],[1068869.295218768762425,5731386.216769924387336,0.0],[1068868.740239461651072,5731374.797745092771947,0.0],[1068871.16170256328769,5731363.626062352210283,0.0],[1068879.704688881058246,5731350.758017652668059,0.0],[1068891.37310972250998,5731343.441375507041812,0.0],[1068900.83408231055364,5731336.17749348282814,0.0],[1068918.817662389483303,5731275.885835056193173,0.0],[1068927.762504605576396,5731240.788967187516391,0.0],[1068939.137545322766528,5731219.517968106083572,0.0],[1068954.409975823014975,5731206.047766840085387,0.0],[1068971.705936433281749,5731195.153985662385821,0.0],[1068986.962930876296014,5731185.804777507670224,0.0],[1068997.741398622747511,5731177.960437335073948,0.0],[1069001.912648192606866,5731170.647675396874547,0.0],[1069004.417071982752532,5731164.321320289745927,0.0]]]}},
{"type":"Feature","properties":{"fid":309,"TIPOLOGIA":"SCAVO","PROVINCIA":"BG","COMUNE":"TREVIOLO","CLUSTER":"6","ROUTE":"2","ENTE":"PROVINCIA DI BERGAMO","ENTE 2":null,"LUNGHEZZA":48.41,"SPAN":"2_2","LOTTO":"7","TRATTA_ID":"TR_0309","ENTE 3":null,"MOTIVO_NO":"Manca autorizz","STATO_AUTORIZZAZIONE":"IN ATTESA","STATO_NULLAOSTA":"NON NECESSARIO","STATO_ORDINANZA":"NON NECESSARIO","PROTOCOLLO_AUT":null,"PRATICA":null,"LAVORABILE":"NO","STATO_LEGENDA":"IN ATTESA","CAMPO AWS":"NOT STARTED"},"geometry":{"type":"MultiLineString","coordinates":[[[1072811.597360590239987,5729051.38848658464849,0.0],[1072810.949206698453054,5729050.742863503284752,0.0],[1072818.893513317219913,5729035.682982077822089,0.0],[1072831.62311038817279,5729041.649220497347414,0.0],[1072847.662175146397203,5729042.014873896725476,0.0],[1072860.119571273680776,5729037.017404393292964,0.0],[1072865.662633270490915,5729031.554488378576934,0.0]]]}},
{"type":"Feature","properties":{"fid":310,"TIPOLOGIA":"NO DIG","PROVINCIA":"BG","COMUNE":"CURNO","CLUSTER":"6","ROUTE":"2","ENTE":"ANAS","ENTE 2":null,"LUNGHEZZA":1276.61,"SPAN":"2_2","LOTTO":"7","TRATTA_ID":"TR_0310","ENTE 3":null,"MOTIVO_NO":"Manca autorizz","STATO_AUTORIZZAZIONE":"IN ATTESA","STATO_NULLAOSTA":"NON NECESSARIO","STATO_ORDINANZA":"NON NECESSARIO","PROTOCOLLO_AUT":null,"PRATICA":null,"LAVORABILE":"NO","STATO_LEGENDA":"IN ATTESA","CAMPO AWS":"NOT STARTED"},"geometry":{"type":"MultiLineString","coordinates":[[[1069004.417071982752532,5731164.321320289745927,0.0],[1069015.650066493079066,5731163.951292362064123,0.0],[1068996.072165678953752,5730916.18097314145416,0.0],[1068979.97060110536404,5730682.453466499224305,0.0],[1068955.048296028748155,5730450.916024648584425,0.0],[1068904.559365234803408,5730037.33391728438437,0.0],[1068878.362002458423376,5729762.259230473078787,0.0],[1068853.944719198159873,5729578.567130217328668,0.0],[1068945.56405586306937,5729567.930890280753374,0.0],[1069022.702710238983855,5729460.444624618627131,0.0]]]}},
{"type":"Feature","properties":{"fid":311,"TIPOLOGIA":"NO DIG","PROVINCIA":"BG","COMUNE":"CURNO","CLUSTER":"6","ROUTE":"2","ENTE":"COMUNE","ENTE 2":null,"LUNGHEZZA":1099.8,"SPAN":"2_2","LOTTO":"7","TRATTA_ID":"TR_0311","ENTE 3":null,"MOTIVO_NO":"Manca autorizz","STATO_AUTORIZZAZIONE":"IN ATTESA","STATO_NULLAOSTA":"NON NECESSARIO","STATO_ORDINANZA":"NON NECESSARIO","PROTOCOLLO_AUT":null,"PRATICA":null,"LAVORABILE":"NO","STATO_LEGENDA":"IN ATTESA","CAMPO AWS":"NOT STARTED"},"geometry":{"type":"MultiLineString","coordinates":[[[1069022.702710238983855,5729460.444624618627131,0.0],[1069022.913820062531158,5729433.821780048310757,0.0],[1069181.44771530572325,5729409.725063036195934,0.0],[1069371.29355633771047,5729399.09845953527838,0.0],[1069403.48169834469445,5729382.356747719459236,0.0],[1069448.146441399352625,5729377.533771236427128,0.0],[1069488.965538195101544,5729391.156607105396688,0.0],[1069518.81358176865615,5729401.314970548264682,0.0],[1069664.911639667814597,5729415.967994593083858,0.0],[1069793.27736709243618,5729438.79008178319782,0.0],[1069946.299515390768647,5729476.861055250279605,0.0],[1070071.281339805107564,5729507.202574492432177,0.0],[1070152.76644044672139,5729533.249891452491283,0.0],[1070247.64943466661498,5729576.183883666060865,0.0],[1070318.932198199443519,5729617.948140651918948,0.0],[1070420.842958118999377,5729672.957678297534585,0.0],[1070490.989212415413931,5729725.341928750276566,0.0]]]}},
{"type":"Feature","properties":{"fid":312,"TIPOLOGIA":"NO DIG","PROVINCIA":"BG","COMUNE":"CURNO","CLUSTER":"6","ROUTE":"2","ENTE":"COMUNE","ENTE 2":null,"LUNGHEZZA":207.16,"SPAN":"2_2","LOTTO":"7","TRATTA_ID":"TR_0312","ENTE 3":null,"MOTIVO_NO":"Manca autorizz","STATO_AUTORIZZAZIONE":"IN ATTESA","STATO_NULLAOSTA":"NON NECESSARIO","STATO_ORDINANZA":"NON NECESSARIO","PROTOCOLLO_AUT":null,"PRATICA":null,"LAVORABILE":"NO","STATO_LEGENDA":"IN ATTESA","CAMPO AWS":"NOT STARTED"},"geometry":{"type":"MultiLineString","coordinates":[[[1070490.989212415413931,5729725.341928750276566,0.0],[1070580.32846078905277,5729635.430167060345411,0.0],[1070635.917193657252938,5729568.193440326489508,0.0],[1070680.932640397455543,5729498.94639362115413,0.0]]]}},
{"type":"Feature","properties":{"fid":313,"TIPOLOGIA":"NO DIG","PROVINCIA":"BG","COMUNE":"TREVIOLO","CLUSTER":"6","ROUTE":"2","ENTE":"COMUNE","ENTE 2":null,"LUNGHEZZA":452.49,"SPAN":"2_2","LOTTO":"7","TRATTA_ID":"TR_0313","ENTE 3":null,"MOTIVO_NO":"Manca autorizz","STATO_AUTORIZZAZIONE":"IN ATTESA","STATO_NULLAOSTA":"NON NECESSARIO","STATO_ORDINANZA":"NON NECESSARIO","PROTOCOLLO_AUT":null,"PRATICA":null,"LAVORABILE":"NO","STATO_LEGENDA":"IN ATTESA","CAMPO AWS":"NOT STARTED"},"geometry":{"type":"MultiLineString","coordinates":[[[1070724.833100775955245,5729425.5532092647627,0.0],[1071104.349403086816892,5728900.412022831849754,0.0]]]}},
{"type":"Feature","properties":{"fid":314,"TIPOLOGIA":"NO DIG","PROVINCIA":"BG","COMUNE":"TREVIOLO","CLUSTER":"6","ROUTE":"2","ENTE":"COMUNE","ENTE 2":null,"LUNGHEZZA":1076.74,"SPAN":"2_2","LOTTO":"7","TRATTA_ID":"TR_0314","ENTE 3":null,"MOTIVO_NO":"Manca autorizz","STATO_AUTORIZZAZIONE":"IN ATTESA","STATO_NULLAOSTA":"NON NECESSARIO","STATO_ORDINANZA":"NON NECESSARIO","PROTOCOLLO_AUT":null,"PRATICA":null,"LAVORABILE":"NO","STATO_LEGENDA":"IN ATTESA","CAMPO AWS":"NOT STARTED"},"geometry":{"type":"MultiLineString","coordinates":[[[1071104.349403086816892,5728900.412022831849754,0.0],[1071179.973177416715771,5728965.129910157993436,0.0],[1071257.304147663293406,5729029.14515885990113,0.0],[1071360.081438421504572,5729114.817852405831218,0.0],[1071478.645751956384629,5729201.182691665366292,0.0],[1071609.132346203317866,5729299.104165010154247,0.0],[1071689.893148340051994,5729356.669926065020263,0.0],[1071750.417835552012548,5729375.106513721868396,0.0],[1071785.319866507314146,5729374.914220629259944,0.0],[1071861.376611688174307,5729361.442645713686943,0.0],[1072027.196706849848852,5729335.892280065454543,0.0],[1072198.692100293468684,5729307.518271182663739,0.0],[1072250.884645401267335,5729293.808340056799352,0.0],[1072281.404798300005496,5729273.611130646429956,0.0],[1072326.224486049264669,5729192.298613616265357,0.0],[1072367.707066847244278,5729104.782931458204985,0.0]]]}},
{"type":"Feature","properties":{"fid":316,"TIPOLOGIA":"NO DIG","PROVINCIA":"BG","COMUNE":"BERGAMO","CLUSTER":"6","ROUTE":"2","ENTE":"PROVINCIA DI BERGAMO","ENTE 2":null,"LUNGHEZZA":914.04,"SPAN":"2_2","LOTTO":"7","TRATTA_ID":"TR_0316","ENTE 3":null,"MOTIVO_NO":"Manca autorizz","STATO_AUTORIZZAZIONE":"IN ATTESA","STATO_NULLAOSTA":"NON NECESSARIO","STATO_ORDINANZA":"NON NECESSARIO","PROTOCOLLO_AUT":null,"PRATICA":null,"LAVORABILE":"NO","STATO_LEGENDA":"IN ATTESA","CAMPO AWS":"NOT STARTED"},"geometry":{"type":"MultiLineString","coordinates":[[[1074443.406181639526039,5728113.651379085145891,0.0],[1074492.402433507610112,5728053.582546818070114,0.0],[1074607.603202918311581,5727912.967834150418639,0.0],[1074738.205091120442376,5727758.746536218561232,0.0],[1074863.420425362186506,5727610.097334958612919,0.0],[1075004.597122528357431,5727440.447600952349603,0.0],[1075155.356872147182003,5727257.104271580465138,0.0],[1075240.285694785183296,5727159.090960381552577,0.0],[1075286.455484060337767,5727113.639168829657137,0.0]]]}},
{"type":"Feature","properties":{"fid":317,"TIPOLOGIA":"NO DIG","PROVINCIA":"BG","COMUNE":"BERGAMO","CLUSTER":"6","ROUTE":"2","ENTE":"PROVINCIA DI BERGAMO","ENTE 2":null,"LUNGHEZZA":924.59,"SPAN":"2_2","LOTTO":"7","TRATTA_ID":"TR_0317","ENTE 3":null,"MOTIVO_NO":"Manca autorizz","STATO_AUTORIZZAZIONE":"IN ATTESA","STATO_NULLAOSTA":"NON NECESSARIO","STATO_ORDINANZA":"NON NECESSARIO","PROTOCOLLO_AUT":null,"PRATICA":null,"LAVORABILE":"NO","STATO_LEGENDA":"IN ATTESA","CAMPO AWS":"NOT STARTED"},"geometry":{"type":"MultiLineString","coordinates":[[[1075241.589921215316281,5726851.028139404021204,0.0],[1075217.710705037927255,5726756.104039004072547,0.0],[1075175.970938155427575,5726599.040399271063507,0.0],[1075116.156704886350781,5726359.041357385925949,0.0],[1075034.039123004535213,5726028.924739951267838,0.0],[1074954.724140444770455,5725717.184646611101925,0.0],[1074911.564656046452001,5725571.272160677239299,0.0],[1074909.440616928506643,5725569.184433740563691,0.0]]]}},
{"type":"Feature","properties":{"fid":318,"TIPOLOGIA":"NO DIG","PROVINCIA":"BG","COMUNE":"GRASSOBBIO","CLUSTER":"6","ROUTE":"3","ENTE":"COMUNE","ENTE 2":null,"LUNGHEZZA":194.61,"SPAN":"3_1","LOTTO":"7","TRATTA_ID":"TR_0318","ENTE 3":null,"MOTIVO_NO":"Manca autorizz","STATO_AUTORIZZAZIONE":"IN ATTESA","STATO_NULLAOSTA":"NON NECESSARIO","STATO_ORDINANZA":"NON NECESSARIO","PROTOCOLLO_AUT":null,"PRATICA":null,"LAVORABILE":"NO","STATO_LEGENDA":"IN ATTESA","CAMPO AWS":"NOT STARTED"},"geometry":{"type":"MultiLineString","coordinates":[[[1080688.936936541926116,5725696.61320464964956,0.0],[1080714.704524307278916,5725795.250801403075457,0.0],[1080729.462589447386563,5725846.693281741812825,0.0],[1080737.687534053809941,5725895.585390467196703,0.0],[1080738.438947630813345,5725925.507388561964035,0.0],[1080731.746939481934533,5725939.54707882553339,0.0],[1080718.764613182051107,5725954.279281471855938,0.0],[1080713.23819140996784,5725960.905974784865975,0.0]]]}},
{"type":"Feature","properties":{"fid":319,"TIPOLOGIA":"NO DIG","PROVINCIA":"BG","COMUNE":"ZANICA","CLUSTER":"6","ROUTE":"3","ENTE":"PROVINCIA DI BERGAMO","ENTE 2":null,"LUNGHEZZA":603.99,"SPAN":"3_1","LOTTO":"7","TRATTA_ID":"TR_0319","ENTE 3":null,"MOTIVO_NO":"Manca autorizz","STATO_AUTORIZZAZIONE":"IN ATTESA","STATO_NULLAOSTA":"NON NECESSARIO","STATO_ORDINANZA":"NON NECESSARIO","PROTOCOLLO_AUT":null,"PRATICA":null,"LAVORABILE":"NO","STATO_LEGENDA":"IN ATTESA","CAMPO AWS":"NOT STARTED"},"geometry":{"type":"MultiLineString","coordinates":[[[1080713.23819140996784,5725960.905974784865975,0.0],[1080674.945911682676524,5725969.085638147778809,0.0],[1080652.961788761196658,5725969.924450082704425,0.0],[1080631.738749621901661,5725966.599543821997941,0.0],[1080605.218428066698834,5725961.666699117980897,0.0],[1080553.250469736289233,5725948.35257941391319,0.0],[1080476.801987413316965,5725930.164419726468623,0.0],[1080392.692223930731416,5725909.171233264729381,0.0],[1080313.1539817226585,5725890.310062121599913,0.0],[1080250.323942835209891,5725875.332978775724769,0.0],[1080212.616856853011996,5725874.199098818004131,0.0],[1080180.148247906006873,5725875.344841121695936,0.0],[1080153.827441706089303,5725878.780845791101456,0.0],[1080120.008422578219324,5725865.718749785795808,0.0],[1080091.383300619199872,5725853.440765970386565,0.0],[1080038.670460953144357,5725845.74078699760139,0.0],[1079993.481648808112368,5725841.569928258657455,0.0],[1079959.971495746634901,5725837.185229079797864,0.0],[1079910.917540379567072,5725823.365895346738398,0.0],[1079871.712554622907192,5725813.66484655905515,0.0],[1079871.712554622907192,5725813.66484655905515,0.0]]]}},
{"type":"Feature","properties":{"fid":320,"TIPOLOGIA":"NO DIG","PROVINCIA":"BG","COMUNE":"AZZANO SAN PAOLO","CLUSTER":"6","ROUTE":"3","ENTE":"PROVINCIA DI BERGAMO","ENTE 2":null,"LUNGHEZZA":329.45,"SPAN":"3_1","LOTTO":"7","TRATTA_ID":"TR_0320","ENTE 3":null,"MOTIVO_NO":"Manca autorizz","STATO_AUTORIZZAZIONE":"IN ATTESA","STATO_NULLAOSTA":"NON NECESSARIO","STATO_ORDINANZA":"NON NECESSARIO","PROTOCOLLO_AUT":null,"PRATICA":null,"LAVORABILE":"NO","STATO_LEGENDA":"IN ATTESA","CAMPO AWS":"NOT STARTED"},"geometry":{"type":"MultiLineString","coordinates":[[[1079871.712554622907192,5725813.66484655905515,0.0],[1079543.189555561402813,5725781.41420223377645,0.0],[1079467.838242361322045,5725780.156214518472552,0.0],[1079405.799863890977576,5725799.941349169239402,0.0]]]}},
{"type":"Feature","properties":{"fid":321,"TIPOLOGIA":"NO DIG","PROVINCIA":"BG","COMUNE":"AZZANO SAN PAOLO","CLUSTER":"6","ROUTE":"3","ENTE":"PROVINCIA DI BERGAMO","ENTE 2":null,"LUNGHEZZA":641.26,"SPAN":"3_1","LOTTO":"7","TRATTA_ID":"TR_0321","ENTE 3":null,"MOTIVO_NO":"Manca autorizz","STATO_AUTORIZZAZIONE":"IN ATTESA","STATO_NULLAOSTA":"NON NECESSARIO","STATO_ORDINANZA":"NON NECESSARIO","PROTOCOLLO_AUT":null,"PRATICA":null,"LAVORABILE":"NO","STATO_LEGENDA":"IN ATTESA","CAMPO AWS":"NOT STARTED"},"geometry":{"type":"MultiLineString","coordinates":[[[1079405.799863890977576,5725799.941349169239402,0.0],[1079360.138203009264544,5725838.238017136231065,0.0],[1079319.52536994824186,5725884.96170714776963,0.0],[1079274.884027656167746,5725939.565114954486489,0.0],[1079232.241261495510116,5725991.949813346378505,0.0],[1079209.191919459728524,5726023.919599493965507,0.0],[1079155.58940148469992,5726115.347292633727193,0.0],[1079081.439612084534019,5726242.281085233204067,0.0],[1079034.141657854663208,5726313.507784617133439,0.0],[1078944.466983525780961,5726453.10271670948714,0.0],[1078881.109683439368382,5726548.558494663797319,0.0]]]}},
{"type":"Feature","properties":{"fid":322,"TIPOLOGIA":"NO DIG","PROVINCIA":"BG","COMUNE":"ORIO AL SERIO","CLUSTER":"6","ROUTE":"3","ENTE":"COMUNE","ENTE 2":null,"LUNGHEZZA":1092.57,"SPAN":"3_1","LOTTO":"7","TRATTA_ID":"TR_0322","ENTE 3":null,"MOTIVO_NO":"Manca autorizz","STATO_AUTORIZZAZIONE":"IN ATTESA","STATO_NULLAOSTA":"NON NECESSARIO","STATO_ORDINANZA":"NON NECESSARIO","PROTOCOLLO_AUT":null,"PRATICA":null,"LAVORABILE":"NO","STATO_LEGENDA":"IN ATTESA","CAMPO AWS":"NOT STARTED"},"geometry":{"type":"MultiLineString","coordinates":[[[1078880.859592425636947,5726547.673651699908078,0.0],[1078869.49688398023136,5726562.076623303815722,0.0],[1078849.323877165559679,5726571.539542907848954,0.0],[1078827.790467927930877,5726568.379044311121106,0.0],[1078807.720337485196069,5726568.378964285366237,0.0],[1078791.691836024168879,5726572.805238421075046,0.0],[1078789.120568947400898,5726573.438547185622156,0.0],[1078786.569781831465662,5726574.705924779176712,0.0],[1078761.553010693518445,5726585.518689971417189,0.0],[1078744.979196016909555,5726602.196183456107974,0.0],[1078736.421254238113761,5726635.411513462662697,0.0],[1078719.667723000515252,5726668.636901852674782,0.0],[1078708.590222493046895,5726697.067058892920613,0.0],[1078692.56969953677617,5726725.985686650499701,0.0],[1078663.273434374248609,5726751.876185172237456,0.0],[1078616.554407686693594,5726763.194006187841296,0.0],[1078492.816507145995274,5726803.626935940235853,0.0],[1078444.551069335546345,5726809.614890232682228,0.0],[1078393.111674081534147,5726809.613160199485719,0.0],[1078292.330138840479776,5726792.936887241899967,0.0],[1078207.274032816756517,5726777.720658729784191,0.0],[1078140.405098424293101,5726760.46332161128521,0.0],[1078003.696508434135467,5726718.315508306026459,0.0],[1077873.909047998022288,5726672.688363892026246,0.0],[1077601.350125022931024,5726574.112544767558575,0.0],[1077482.709948877571151,5726532.882819838821888,0.0]]]}},
{"type":"Feature","properties":{"fid":323,"TIPOLOGIA":"NO DIG","PROVINCIA":"BG","COMUNE":"AZZANO SAN PAOLO","CLUSTER":"6","ROUTE":"3","ENTE":"COMUNE","ENTE 2":null,"LUNGHEZZA":630.14,"SPAN":"3_1","LOTTO":"7","TRATTA_ID":"TR_0323","ENTE 3":null,"MOTIVO_NO":"Manca autorizz","STATO_AUTORIZZAZIONE":"IN ATTESA","STATO_NULLAOSTA":"NON NECESSARIO","STATO_ORDINANZA":"NON NECESSARIO","PROTOCOLLO_AUT":null,"PRATICA":null,"LAVORABILE":"NO","STATO_LEGENDA":"IN ATTESA","CAMPO AWS":"NOT STARTED"},"geometry":{"type":"MultiLineString","coordinates":[[[1077104.935795415891334,5727246.347196013666689,0.0],[1077093.301685018697754,5727241.840230540372431,0.0],[1076996.957444287603721,5727149.673569306731224,0.0],[1076897.906369926640764,5727046.028772365301847,0.0],[1076809.699297764804214,5726954.620738254860044,0.0],[1076736.35850259126164,5726868.502149565145373,0.0],[1076659.866629224270582,5726808.262106197886169,0.0],[1076642.080412541283295,5726786.150514153763652,0.0],[1076624.101510210894048,5726783.7977379495278,0.0],[1076607.586526032537222,5726789.688449371606112,0.0],[1076552.059115837793797,5726841.120387299917638,0.0],[1076490.468561356188729,5726901.755838555283844,0.0],[1076458.14632553444244,5726938.22102861572057,0.0]]]}},
{"type":"Feature","properties":{"fid":324,"TIPOLOGIA":"NO DIG","PROVINCIA":"BG","COMUNE":"BERGAMO","CLUSTER":"6","ROUTE":"3","ENTE":"COMUNE","ENTE 2":null,"LUNGHEZZA":490.73,"SPAN":"3_1","LOTTO":"7","TRATTA_ID":"TR_0324","ENTE 3":null,"MOTIVO_NO":"Manca autorizz","STATO_AUTORIZZAZIONE":"IN ATTESA","STATO_NULLAOSTA":"NON NECESSARIO","STATO_ORDINANZA":"NON NECESSARIO","PROTOCOLLO_AUT":null,"PRATICA":null,"LAVORABILE":"NO","STATO_LEGENDA":"IN ATTESA","CAMPO AWS":"NOT STARTED"},"geometry":{"type":"MultiLineString","coordinates":[[[1076458.700184741523117,5726939.168391304090619,0.0],[1076366.344200223917142,5727030.801456309854984,0.0],[1076230.310260564088821,5727147.624760065227747,0.0],[1076120.710705235833302,5727234.693930531851947,0.0],[1076048.66259034210816,5727287.374603665433824,0.0],[1076029.251300253439695,5727297.983492393046618,0.0],[1075993.68965952261351,5727305.897035338915884,0.0],[1075944.607834602240473,5727321.98131603281945,0.0],[1075923.453756549395621,5727339.011529991403222,0.0],[1075906.032433844869956,5727358.139237355440855,0.0]]]}},
{"type":"Feature","properties":{"fid":325,"TIPOLOGIA":"SCAVO","PROVINCIA":"MI","COMUNE":"MILANO","CLUSTER":"4","ROUTE":"28","ENTE":"COMUNE","ENTE 2":null,"LUNGHEZZA":4291.22,"SPAN":"28","LOTTO":"6","TRATTA_ID":"TR_0325","ENTE 3":null,"MOTIVO_NO":"Manca autorizz","STATO_AUTORIZZAZIONE":"IN ATTESA","STATO_NULLAOSTA":"NON NECESSARIO","STATO_ORDINANZA":"NON NECESSARIO","PROTOCOLLO_AUT":null,"PRATICA":null,"LAVORABILE":"NO","STATO_LEGENDA":"IN ATTESA","CAMPO AWS":"NOT STARTED"},"geometry":{"type":"MultiLineString","coordinates":[[[1016292.431966413510963,5699813.943748661316931,0.0],[1016315.603887636563741,5699433.068233038298786,0.0],[1016329.080556091968901,5699230.762795040383935,0.0],[1016349.411505324649625,5698836.711664102040231,0.0],[1016349.485735058202408,5698700.591511564329267,0.0],[1016347.483421053970233,5698652.420513923279941,0.0],[1016328.926344714709558,5698628.699067103676498,0.0],[1016282.737434279872105,5698625.285851593129337,0.0],[1016230.869641346740536,5698640.417338675819337,0.0],[1016054.180042648338713,5698735.326073521748185,0.0],[1015737.211975138052367,5698900.40031058061868,0.0],[1015644.032199678593315,5698953.814963588491082,0.0],[1015579.218623238848522,5698961.488918915390968,0.0],[1015534.354839218663983,5698936.361651211045682,0.0],[1015478.939902513753623,5698895.60505881998688,0.0],[1015417.04933138366323,5698849.26946507114917,0.0],[1015368.599358566105366,5698835.202380126342177,0.0],[1015313.090080945403315,5698835.145057851448655,0.0],[1015263.637208857806399,5698835.09380968939513,0.0],[1015226.881798348622397,5698826.499803225509822,0.0],[1015192.874338474473916,5698811.618265938945115,0.0],[1015152.174997584079392,5698787.529247220605612,0.0],[1015060.452713359729387,5698692.997342592105269,0.0],[1015059.870548297883943,5698654.832252893596888,0.0],[1015058.781019318499602,5698623.101446132175624,0.0],[1015074.415427234373055,5698573.688005310483277,0.0],[1015078.34650210198015,5698531.074376849457622,0.0],[1015082.198591976077296,5698471.760158791206777,0.0],[1015061.516614981810562,5698353.224958220496774,0.0],[1015043.633380867540836,5698274.719544119201601,0.0],[1015022.591430195374414,5698211.789109441451728,0.0],[1015005.94757371454034,5698197.044291278347373,0.0],[1014909.150391200906597,5698162.463946929201484,0.0],[1014735.672311176313087,5698128.409690000116825,0.0],[1014610.322475549415685,5698097.460830990225077,0.0],[1014606.635472925496288,5698096.442850071005523,0.0],[1014586.943194788764231,5698071.338140810839832,0.0],[1014590.099084870424122,5698029.373636113479733,0.0],[1014622.819312804494984,5697812.619267848320305,0.0],[1014674.703097742632963,5697433.728952319361269,0.0],[1014696.450718780513853,5697185.647557481192052,0.0],[1014707.820506042684428,5697045.911547364667058,0.0],[1014700.277903443435207,5696881.642162865959108,0.0],[1014699.44492044497747,5696842.68542640004307,0.0],[1014573.417040363769047,5696833.282803024165332,0.0],[1014375.421698433347046,5696838.676739857532084,0.0],[1014043.413220023969188,5696970.672229595482349,0.0],[1013489.000895523699,5697235.530628771521151,0.0]]]}},
{"type":"Feature","properties":{"fid":326,"TIPOLOGIA":"SCAVO","PROVINCIA":"MI","COMUNE":"MILANO","CLUSTER":"4","ROUTE":"19","ENTE":"COMUNE","ENTE 2":null,"LUNGHEZZA":510.58,"SPAN":"19","LOTTO":"6","TRATTA_ID":"TR_0326","ENTE 3":null,"MOTIVO_NO":"Manca autorizz","STATO_AUTORIZZAZIONE":"IN ATTESA","STATO_NULLAOSTA":"NON NECESSARIO","STATO_ORDINANZA":"NON NECESSARIO","PROTOCOLLO_AUT":null,"PRATICA":null,"LAVORABILE":"NO","STATO_LEGENDA":"IN ATTESA","CAMPO AWS":"NOT STARTED"},"geometry":{"type":"MultiLineString","coordinates":[[[1013123.046337317558937,5699532.353569325990975,0.0],[1013118.326411497779191,5699513.504039430059493,0.0],[1013112.596702464506961,5699484.747553276829422,0.0],[1013117.188244977849536,5699444.092873629182577,0.0],[1013128.181112679536454,5699344.61946945823729,0.0],[1013138.638061361853033,5699303.861296570859849,0.0],[1013138.544987305533141,5699299.171242902986705,0.0],[1013141.471218093298376,5699264.671470453962684,0.0],[1013128.939243518630974,5699248.229785453528166,0.0],[1013130.662973226164468,5699222.619045042432845,0.0],[1013148.345495585701428,5699018.362740656360984,0.0],[1013161.475572277326137,5698811.831719145178795,0.0]]]}},
{"type":"Feature","properties":{"fid":327,"TIPOLOGIA":"NO DIG","PROVINCIA":"MI","COMUNE":"MILANO","CLUSTER":"4","ROUTE":"19","ENTE":"COMUNE","ENTE 2":null,"LUNGHEZZA":2204.68,"SPAN":"19","LOTTO":"6","TRATTA_ID":"TR_0327","ENTE 3":null,"MOTIVO_NO":"Manca autorizz","STATO_AUTORIZZAZIONE":"IN ATTESA","STATO_NULLAOSTA":"NON NECESSARIO","STATO_ORDINANZA":"NON NECESSARIO","PROTOCOLLO_AUT":null,"PRATICA":null,"LAVORABILE":"NO","STATO_LEGENDA":"IN ATTESA","CAMPO AWS":"NOT STARTED"},"geometry":{"type":"MultiLineString","coordinates":[[[1012737.510109101422131,5701616.667364517226815,0.0],[1012728.345409267698415,5701584.275441410019994,0.0],[1012701.321275764261372,5701551.853725776076317,0.0],[1012699.527310862089507,5701550.019985842518508,0.0],[1012697.183898295392282,5701548.799875615164638,0.0],[1012663.474967452813871,5701524.755587154999375,0.0],[1012612.406221461598761,5701491.638220894150436,0.0],[1012612.440692069823854,5701489.362407563254237,0.0],[1012591.498714377172291,5701464.739095414057374,0.0],[1012591.529848001082428,5701463.637141436338425,0.0],[1012589.394013315089978,5701461.987345531582832,0.0],[1012587.824347895919345,5701459.792639364488423,0.0],[1012556.954422285431065,5701423.894352354109287,0.0],[1012528.537734864628874,5701383.912661032751203,0.0],[1012502.046648744726554,5701355.848429153673351,0.0],[1012494.740163583308458,5701331.576797761954367,0.0],[1012489.373684350051917,5701298.03766471054405,0.0],[1012489.299163148272783,5701295.788745190016925,0.0],[1012465.856005334062502,5701246.06275285128504,0.0],[1012465.807569243363105,5701243.92235809750855,0.0],[1012444.321817532065324,5701212.341740285977721,0.0],[1012412.684621242224239,5701150.480747599154711,0.0],[1012390.428522502770647,5701106.066608952358365,0.0],[1012379.343288756208494,5701062.335768550634384,0.0],[1012378.722097978345118,5701039.038772991858423,0.0],[1012378.546447388478555,5701011.91600672993809,0.0],[1012382.025474793743342,5700981.969672393985093,0.0],[1012382.009138419060037,5700981.426907761022449,0.0],[1012386.150942644337192,5700961.107420703396201,0.0],[1012425.714489890960976,5700874.465180333703756,0.0],[1012466.813573453226127,5700798.397047634236515,0.0],[1012486.65609604655765,5700753.1428944459185,0.0],[1012505.866672313422896,5700726.617571849375963,0.0],[1012520.578330683289096,5700697.852405635640025,0.0],[1012537.722351455129683,5700677.424402403645217,0.0],[1012558.22779783711303,5700647.4729442037642,0.0],[1012579.733153297100216,5700627.31612634845078,0.0],[1012600.223465443821624,5700609.835727675817907,0.0],[1012630.076232345658354,5700585.7123336289078,0.0],[1012693.329204606474377,5700542.923961866647005,0.0],[1012765.597546893637627,5700485.473833115771413,0.0],[1012807.017865719739348,5700450.462943571619689,0.0],[1012839.993496877141297,5700424.185372781939805,0.0],[1012873.2133419951424,5700396.49887290969491,0.0],[1012888.189262653584592,5700363.74086522962898,0.0],[1013010.080342937260866,5700203.246293872594833,0.0],[1013097.761201113229617,5700106.592040687799454,0.0],[1013123.347507468657568,5700075.006012349389493,0.0],[1013185.575133840786293,5700028.904842022806406,0.0],[1013271.734123268746771,5699962.730139173567295,0.0],[1013330.94551117788069,5699928.400446677580476,0.0],[1013439.483678464777768,5699864.841744937933981,0.0],[1013480.130002780468203,5699841.553133461624384,0.0],[1013543.980929045588709,5699802.99454287532717,0.0],[1013583.116795326815918,5699775.077129300683737,0.0],[1013621.145089964731596,5699753.675609472207725,0.0],[1013630.62678240891546,5699734.681048831902444,0.0],[1013634.591737722395919,5699712.562102406285703,0.0],[1013619.264859330956824,5699681.429257716052234,0.0],[1013618.485557998996228,5699679.972474759444594,0.0],[1013580.515586617169902,5699658.398118115030229,0.0],[1013360.09557044156827,5699596.810123290866613,0.0],[1013123.046337317558937,5699532.353569325990975,0.0]]]}},
{"type":"Feature","properties":{"fid":328,"TIPOLOGIA":"NO DIG","PROVINCIA":"MI","COMUNE":"MILANO","CLUSTER":"4","ROUTE":"19","ENTE":"COMUNE","ENTE 2":null,"LUNGHEZZA":1538.78,"SPAN":"19","LOTTO":"6","TRATTA_ID":"TR_0328","ENTE 3":null,"MOTIVO_NO":"Manca autorizz","STATO_AUTORIZZAZIONE":"IN ATTESA","STATO_NULLAOSTA":"NON NECESSARIO","STATO_ORDINANZA":"NON NECESSARIO","PROTOCOLLO_AUT":null,"PRATICA":null,"LAVORABILE":"NO","STATO_LEGENDA":"IN ATTESA","CAMPO AWS":"NOT STARTED"},"geometry":{"type":"MultiLineString","coordinates":[[[1013161.475572277326137,5698811.831719145178795,0.0],[1013165.276391537394375,5698771.235955076292157,0.0],[1013173.281146613415331,5698738.263350874185562,0.0],[1013216.98578180721961,5698614.847693142481148,0.0],[1013260.84235230635386,5698495.56016381829977,0.0],[1013303.967371712671593,5698393.681663867086172,0.0],[1013352.841023619635962,5698276.5429910980165,0.0],[1013387.082943857065402,5698198.63413552660495,0.0],[1013402.094383517862298,5698163.605802774429321,0.0],[1013452.049600577447563,5698092.771836432628334,0.0],[1013513.463294977671467,5697988.109602892771363,0.0],[1013571.354320784681477,5697875.58472119551152,0.0],[1013595.203088524169289,5697812.629008132964373,0.0],[1013604.711492058006115,5697780.646699633449316,0.0],[1013621.260739893303253,5697698.552440568804741,0.0],[1013654.618514961446635,5697561.071021903306246,0.0],[1013669.260131816146895,5697517.737805366516113,0.0],[1013684.88709534262307,5697473.843885831534863,0.0],[1013700.482757474062964,5697432.877257511019707,0.0],[1013711.158604113734327,5697413.499503338709474,0.0],[1013716.935680337133817,5697392.418886009603739,0.0],[1013713.755510277929716,5697369.785274656489491,0.0],[1013701.914853521506302,5697352.544360127300024,0.0],[1013688.931967318872921,5697345.754463843069971,0.0],[1013688.337762554758228,5697345.754579219035804,0.0],[1013662.917002250789665,5697342.385370496660471,0.0],[1013599.013919658493251,5697343.745483005419374,0.0],[1013508.247226495295763,5697344.437292233109474,0.0],[1013466.682379618054256,5697343.770101743750274,0.0],[1013420.97712766379118,5697344.453218331560493,0.0],[1013373.776473568985239,5697338.409212013706565,0.0],[1013341.495769962552004,5697326.45019793510437,0.0],[1013327.33421909052413,5697312.725285732187331,0.0],[1013317.491058112354949,5697292.274093785323203,0.0],[1013290.175396786420606,5697228.036164652556181,0.0],[1013267.647696693078615,5697160.454731089994311,0.0],[1013252.18174298631493,5697132.235632045194507,0.0],[1013233.001710393815301,5697117.680693692527711,0.0],[1013222.181736962636933,5697109.357496852055192,0.0]]]}},
{"type":"Feature","properties":{"fid":329,"TIPOLOGIA":"NO DIG","PROVINCIA":"PV","COMUNE":"SIZIANO","CLUSTER":"5","ROUTE":"26","ENTE":"PROVINCIA DI MILANO","ENTE 2":null,"LUNGHEZZA":492.33,"SPAN":"26_1","LOTTO":"8","TRATTA_ID":"TR_0329","ENTE 3":null,"MOTIVO_NO":"Manca autorizz","STATO_AUTORIZZAZIONE":"IN REDAZIONE","STATO_NULLAOSTA":"NON NECESSARIO","STATO_ORDINANZA":"NON NECESSARIO","PROTOCOLLO_AUT":null,"PRATICA":"AUT/1/8","LAVORABILE":"NO","STATO_LEGENDA":"IN REDAZIONE","CAMPO AWS":"NOT STARTED"},"geometry":{"type":"MultiLineString","coordinates":[[[1024936.27158118004445,5672856.474954947829247,0.0],[1024711.233254304621369,5672873.068764301948249,0.0],[1024496.29038689727895,5672890.83032654132694,0.0],[1024240.455799843533896,5672922.234688092023134,0.0]]]}},
{"type":"Feature","properties":{"fid":330,"TIPOLOGIA":"NO DIG","PROVINCIA":"PV","COMUNE":"SIZIANO","CLUSTER":"5","ROUTE":"26","ENTE":"PROVINCIA DI PAVIA","ENTE 2":null,"LUNGHEZZA":3702.05,"SPAN":"26_3","LOTTO":"8","TRATTA_ID":"TR_0330","ENTE 3":null,"MOTIVO_NO":"Manca autorizz","STATO_AUTORIZZAZIONE":"IN REDAZIONE","STATO_NULLAOSTA":"NON NECESSARIO","STATO_ORDINANZA":"NON NECESSARIO","PROTOCOLLO_AUT":null,"PRATICA":"AUT/2/8","LAVORABILE":"NO","STATO_LEGENDA":"IN REDAZIONE","CAMPO AWS":"NOT STARTED"},"geometry":{"type":"MultiLineString","coordinates":[[[1024667.809243436553515,5671708.385713121853769,0.0],[1024700.928106605424546,5671602.140940356999636,0.0],[1024720.750330490292981,5671521.32316773198545,0.0],[1024736.75325803598389,5671449.378584772348404,0.0],[1024765.348843430168927,5671321.382321092300117,0.0],[1024788.117625010432675,5671246.419123761355877,0.0],[1024798.732889028382488,5671203.975256319157779,0.0],[1024803.333685758290812,5671171.967213368043303,0.0],[1024824.600395177025348,5671079.823389139957726,0.0],[1024858.42327484220732,5670920.601802475750446,0.0],[1024874.414789956645109,5670846.856984154321253,0.0],[1024877.96337606117595,5670811.116609170101583,0.0],[1024878.81927547568921,5670762.795506621710956,0.0],[1024879.572933848947287,5670726.253921533003449,0.0],[1024878.113395424908958,5670698.90219154022634,0.0],[1024879.844812751864083,5670674.186373787932098,0.0],[1024880.042528334655799,5670671.363990230485797,0.0],[1024880.781333282939158,5670668.55215877853334,0.0],[1024894.534909893758595,5670647.520423914305866,0.0],[1024895.10246358171571,5670646.974898326210678,0.0],[1024912.757067215046845,5670624.948463504202664,0.0],[1024913.283193791634403,5670624.948477750644088,0.0],[1024925.875560852582566,5670600.489772334694862,0.0],[1024927.531184157705866,5670585.301269633695483,0.0],[1024961.863571089925244,5670449.00271213054657,0.0],[1024992.903944184770808,5670304.908488089218736,0.0],[1025008.339572355384007,5670256.149321375414729,0.0],[1025090.221076274872757,5670057.151702254079282,0.0],[1025166.748272158321925,5669885.808816605247557,0.0],[1025182.756816813838668,5669833.283808537758887,0.0],[1025192.457939068437554,5669799.903676140122116,0.0],[1025215.960751233855262,5669758.935569545254111,0.0],[1025244.277250045677647,5669673.484294646419585,0.0],[1025317.685273581068031,5669483.943230022676289,0.0],[1025369.501145288697444,5669346.715852087363601,0.0],[1025382.375192720908672,5669298.76346274651587,0.0],[1025392.35414675087668,5669259.890367669984698,0.0],[1025403.689096995978616,5669173.638266696594656,0.0],[1025405.669043818255886,5669124.853213899768889,0.0],[1025407.141815768321976,5669026.060930334962904,0.0],[1025403.95332413376309,5668777.761071147397161,0.0],[1025400.773743355995975,5668661.499696356244385,0.0],[1025412.563339562038891,5668465.442360641434789,0.0],[1025432.162842087447643,5668207.894654064439237,0.0],[1025446.921745024621487,5667997.431395682506263,0.0],[1025454.909793760045432,5667928.654208742082119,0.0],[1025460.917812392581254,5667863.84428695589304,0.0],[1025485.680692708934657,5667734.926510498858988,0.0],[1025520.839848123840056,5667590.782709238119423,0.0],[1025548.504877191502601,5667471.913465747609735,0.0],[1025573.811778940842487,5667351.846428724937141,0.0],[1025592.957206636667252,5667237.99297056067735,0.0],[1025599.253466109395958,5667173.171109428629279,0.0],[1025603.638779409462586,5667101.143776540644467,0.0],[1025575.325352611020207,5666768.529035626910627,0.0],[1025558.709064039518125,5666579.82887726649642,0.0]]]}},
{"type":"Feature","properties":{"fid":333,"TIPOLOGIA":"NO DIG","PROVINCIA":"BG","COMUNE":"BOLTIERE","CLUSTER":"7","ROUTE":"45","ENTE":"COMUNE","ENTE 2":null,"LUNGHEZZA":302.85,"SPAN":"45_1","LOTTO":"7","TRATTA_ID":"TR_0333","ENTE 3":null,"MOTIVO_NO":"Manca autorizz","STATO_AUTORIZZAZIONE":"IN ATTESA","STATO_NULLAOSTA":"NON NECESSARIO","STATO_ORDINANZA":"NON NECESSARIO","PROTOCOLLO_AUT":null,"PRATICA":null,"LAVORABILE":"NO","STATO_LEGENDA":"IN ATTESA","CAMPO AWS":"NOT STARTED"},"geometry":{"type":"MultiLineString","coordinates":[[[1066524.8243888982106,5717681.788077854551375,0.0],[1066456.023220338393003,5717617.264672444202006,0.0],[1066124.427132399985567,5717551.643926106393337,0.0]]]}},
{"type":"Feature","properties":{"fid":334,"TIPOLOGIA":"NO DIG","PROVINCIA":"BG","COMUNE":"BOLTIERE","CLUSTER":"7","ROUTE":"45","ENTE":"COMUNE","ENTE 2":null,"LUNGHEZZA":385.74,"SPAN":"45_1","LOTTO":"7","TRATTA_ID":"TR_0334","ENTE 3":null,"MOTIVO_NO":"Manca autorizz","STATO_AUTORIZZAZIONE":"IN ATTESA","STATO_NULLAOSTA":"NON NECESSARIO","STATO_ORDINANZA":"NON NECESSARIO","PROTOCOLLO_AUT":null,"PRATICA":null,"LAVORABILE":"NO","STATO_LEGENDA":"IN ATTESA","CAMPO AWS":"NOT STARTED"},"geometry":{"type":"MultiLineString","coordinates":[[[1065383.814423612784594,5717401.591570776887238,0.0],[1065375.709038767730817,5717399.973606411367655,0.0],[1065111.208434270462021,5717348.172769307158887,0.0],[1064843.472117122961208,5717296.30357629340142,0.0]]]}},
{"type":"Feature","properties":{"fid":335,"TIPOLOGIA":"NO DIG","PROVINCIA":"BG","COMUNE":"BREMBATE","CLUSTER":"7","ROUTE":"45","ENTE":"COMUNE","ENTE 2":null,"LUNGHEZZA":365.93,"SPAN":"45_1","LOTTO":"7","TRATTA_ID":"TR_0335","ENTE 3":null,"MOTIVO_NO":"Manca autorizz","STATO_AUTORIZZAZIONE":"IN ATTESA","STATO_NULLAOSTA":"NON NECESSARIO","STATO_ORDINANZA":"NON NECESSARIO","PROTOCOLLO_AUT":null,"PRATICA":null,"LAVORABILE":"NO","STATO_LEGENDA":"IN ATTESA","CAMPO AWS":"NOT STARTED"},"geometry":{"type":"MultiLineString","coordinates":[[[1062966.839421486947685,5717704.1200783662498,0.0],[1062948.081797550199553,5717763.419724390842021,0.0],[1062865.086886818753555,5718009.946785655803978,0.0],[1062811.617064708843827,5718127.786362652666867,0.0],[1062780.067630287958309,5718192.479128797538579,0.0]]]}},
{"type":"Feature","properties":{"fid":336,"TIPOLOGIA":"NO DIG","PROVINCIA":"BG","COMUNE":"BREMBATE","CLUSTER":"7","ROUTE":"45","ENTE":"COMUNE","ENTE 2":"AUTOSTRADE","LUNGHEZZA":86.48,"SPAN":"45_1","LOTTO":"7","TRATTA_ID":"TR_0336","ENTE 3":null,"MOTIVO_NO":"Manca autorizz","STATO_AUTORIZZAZIONE":"IN ATTESA","STATO_NULLAOSTA":"NON NECESSARIO","STATO_ORDINANZA":"NON NECESSARIO","PROTOCOLLO_AUT":null,"PRATICA":null,"LAVORABILE":"NO","STATO_LEGENDA":"IN ATTESA","CAMPO AWS":"NOT STARTED"},"geometry":{"type":"MultiLineString","coordinates":[[[1062780.067630287958309,5718192.479128797538579,0.0],[1062773.820462518604472,5718210.674443426541984,0.0],[1062780.82687411038205,5718315.011020415462554,0.0]]]}},
{"type":"Feature","properties":{"fid":337,"TIPOLOGIA":"NO DIG","PROVINCIA":"BG","COMUNE":"BREMBATE","CLUSTER":"7","ROUTE":"45","ENTE":"COMUNE","ENTE 2":null,"LUNGHEZZA":258.73,"SPAN":"45_1","LOTTO":"7","TRATTA_ID":"TR_0337","ENTE 3":null,"MOTIVO_NO":"Manca autorizz","STATO_AUTORIZZAZIONE":"IN ATTESA","STATO_NULLAOSTA":"NON NECESSARIO","STATO_ORDINANZA":"NON NECESSARIO","PROTOCOLLO_AUT":null,"PRATICA":null,"LAVORABILE":"NO","STATO_LEGENDA":"IN ATTESA","CAMPO AWS":"NOT STARTED"},"geometry":{"type":"MultiLineString","coordinates":[[[1062780.82687411038205,5718315.011020415462554,0.0],[1062735.848416376160458,5718407.07802474591881,0.0],[1062692.807165471836925,5718490.00572379399091,0.0],[1062655.658336079446599,5718606.927441209554672,0.0],[1062639.800447896588594,5718656.137347476556897,0.0]]]}},
{"type":"Feature","properties":{"fid":338,"TIPOLOGIA":"NO DIG","PROVINCIA":"BG","COMUNE":"CAPRIATE SAN GERVASIO","CLUSTER":"7","ROUTE":"45","ENTE":"COMUNE","ENTE 2":null,"LUNGHEZZA":679.72,"SPAN":"45_1","LOTTO":"7","TRATTA_ID":"TR_0338","ENTE 3":null,"MOTIVO_NO":"Manca autorizz","STATO_AUTORIZZAZIONE":"IN ATTESA","STATO_NULLAOSTA":"NON NECESSARIO","STATO_ORDINANZA":"NON NECESSARIO","PROTOCOLLO_AUT":null,"PRATICA":null,"LAVORABILE":"NO","STATO_LEGENDA":"IN ATTESA","CAMPO AWS":"NOT STARTED"},"geometry":{"type":"MultiLineString","coordinates":[[[1061744.778604604303837,5720837.902040767483413,0.0],[1061668.691744982264936,5720958.096327031031251,0.0],[1061548.272964960196987,5721148.161027341149747,0.0],[1061493.475306368432939,5721251.12958069331944,0.0],[1061473.589625187218189,5721288.439335737377405,0.0],[1061464.314518884057179,5721370.146387226879597,0.0],[1061622.431326113408431,5721647.637412301264703,0.0],[1061577.539549619657919,5721648.445041925646365,0.0]]]}},
{"type":"Feature","properties":{"fid":339,"TIPOLOGIA":"SCAVO","PROVINCIA":"BG","COMUNE":"BREMBATE","CLUSTER":"7","ROUTE":"45","ENTE":"COMUNE","ENTE 2":null,"LUNGHEZZA":77.03,"SPAN":"45_1","LOTTO":"7","TRATTA_ID":"TR_0339","ENTE 3":null,"MOTIVO_NO":"Manca autorizz","STATO_AUTORIZZAZIONE":"IN ATTESA","STATO_NULLAOSTA":"NON NECESSARIO","STATO_ORDINANZA":"NON NECESSARIO","PROTOCOLLO_AUT":null,"PRATICA":null,"LAVORABILE":"NO","STATO_LEGENDA":"IN ATTESA","CAMPO AWS":"NOT STARTED"},"geometry":{"type":"MultiLineString","coordinates":[[[1064238.507913884008303,5717170.717994106933475,0.0],[1064238.087366676656529,5717158.014270802028477,0.0],[1064187.236711487406865,5717154.277041527442634,0.0],[1064166.867174753686413,5717156.145888173021376,0.0],[1064141.405831195414066,5717160.365283638238907,0.0]]]}},
{"type":"Feature","properties":{"fid":340,"TIPOLOGIA":"SCAVO","PROVINCIA":"BG","COMUNE":"BREMBATE","CLUSTER":"7","ROUTE":"45","ENTE":"COMUNE","ENTE 2":null,"LUNGHEZZA":751.15,"SPAN":"45_1","LOTTO":"7","TRATTA_ID":"TR_0340","ENTE 3":null,"MOTIVO_NO":"Manca autorizz","STATO_AUTORIZZAZIONE":"IN ATTESA","STATO_NULLAOSTA":"NON NECESSARIO","STATO_ORDINANZA":"NON NECESSARIO","PROTOCOLLO_AUT":null,"PRATICA":null,"LAVORABILE":"NO","STATO_LEGENDA":"IN ATTESA","CAMPO AWS":"NOT STARTED"},"geometry":{"type":"MultiLineString","coordinates":[[[1064002.632690290454775,5717227.103298570029438,0.0],[1063986.241159186232835,5717234.74150056950748,0.0],[1063974.371532435296103,5717235.092939156107605,0.0],[1063958.570416469592601,5717226.168650607578456,0.0],[1063952.987359810154885,5717222.937535188160837,0.0],[1063945.538623673142865,5717237.321355829946697,0.0],[1063879.491895301267505,5717192.339985095895827,0.0],[1063798.414325694320723,5717141.831284891813993,0.0],[1063774.640021570492536,5717130.186061022803187,0.0],[1063727.668086420046166,5717130.57112621050328,0.0],[1063653.968722218647599,5717148.035383007489145,0.0],[1063383.088872506516054,5717234.494164768606424,0.0],[1063043.330160066252574,5717355.160524537786841,0.0],[1063015.445491144433618,5717371.032574112527072,0.0]]]}},
{"type":"Feature","properties":{"fid":341,"TIPOLOGIA":"SCAVO","PROVINCIA":"BG","COMUNE":"BREMBATE","CLUSTER":"7","ROUTE":"45","ENTE":"COMUNE","ENTE 2":null,"LUNGHEZZA":1467.33,"SPAN":"45_1","LOTTO":"7","TRATTA_ID":"TR_0341","ENTE 3":null,"MOTIVO_NO":"Manca autorizz","STATO_AUTORIZZAZIONE":"IN ATTESA","STATO_NULLAOSTA":"NON NECESSARIO","STATO_ORDINANZA":"NON NECESSARIO","PROTOCOLLO_AUT":null,"PRATICA":null,"LAVORABILE":"NO","STATO_LEGENDA":"IN ATTESA","CAMPO AWS":"NOT STARTED"},"geometry":{"type":"MultiLineString","coordinates":[[[1062497.468697004253045,5718975.321803038008511,0.0],[1062495.548656559549272,5718987.344956730492413,0.0],[1062526.282890751725063,5719020.638110777363181,0.0],[1062482.153438428649679,5719204.68740978371352,0.0],[1062449.395479419501498,5719386.06363713555038,0.0],[1062427.247209110064432,5719427.447843864560127,0.0],[1062387.115156431449577,5719443.893161526881158,0.0],[1062283.540931279538199,5719461.20383280608803,0.0],[1062172.796141664031893,5719499.170212413184345,0.0],[1062163.767147638835013,5719522.710952594876289,0.0],[1062144.91106898477301,5719600.650347056798637,0.0],[1062112.145500186365098,5719706.611899480223656,0.0],[1062038.146830555750057,5719953.278727133758366,0.0],[1061998.371947896666825,5720067.590173672884703,0.0],[1061956.780645859893411,5720167.59838005527854,0.0],[1061872.866585093084723,5720377.075038046576083,0.0],[1061839.308357897680253,5720462.171549688093364,0.0],[1061819.008275869535282,5720530.315762157551944,0.0],[1061813.380284335231408,5720617.824219612404704,0.0],[1061809.792988830246031,5720684.902166909538209,0.0],[1061793.921785039361566,5720741.690411963500082,0.0],[1061775.448729353025556,5720789.451858470216393,0.0]]]}},
{"type":"Feature","properties":{"fid":342,"TIPOLOGIA":"CANALETTA","PROVINCIA":"BG","COMUNE":"BREMBATE","CLUSTER":"7","ROUTE":"45","ENTE":"COMUNE","ENTE 2":"RIP","LUNGHEZZA":107.97,"SPAN":"45_1","LOTTO":"7","TRATTA_ID":"TR_0342","ENTE 3":null,"MOTIVO_NO":"Manca autorizz","STATO_AUTORIZZAZIONE":"IN ATTESA","STATO_NULLAOSTA":"NON NECESSARIO","STATO_ORDINANZA":"NON NECESSARIO","PROTOCOLLO_AUT":null,"PRATICA":null,"LAVORABILE":"NO","STATO_LEGENDA":"IN ATTESA","CAMPO AWS":"NOT STARTED"},"geometry":{"type":"MultiLineString","coordinates":[[[1064141.209313496015966,5717160.15732441842556,0.0],[1064078.385435511358082,5717186.882996211759746,0.0],[1064014.701946510002017,5717218.747986844740808,0.0],[1064002.632690290454775,5717227.103298570029438,0.0]]]}},
{"type":"Feature","properties":{"fid":343,"TIPOLOGIA":"SCAVO","PROVINCIA":"BG","COMUNE":"COMUN NUOVO","CLUSTER":"7","ROUTE":"38","ENTE":"COMUNE","ENTE 2":null,"LUNGHEZZA":521.33,"SPAN":"38","LOTTO":"7","TRATTA_ID":"TR_0343","ENTE 3":null,"MOTIVO_NO":"Manca autorizz","STATO_AUTORIZZAZIONE":"IN ATTESA","STATO_NULLAOSTA":"NON NECESSARIO","STATO_ORDINANZA":"NON NECESSARIO","PROTOCOLLO_AUT":null,"PRATICA":null,"LAVORABILE":"NO","STATO_LEGENDA":"IN ATTESA","CAMPO AWS":"NOT STARTED"},"geometry":{"type":"MultiLineString","coordinates":[[[1076045.092810755362734,5720734.638370340690017,0.0],[1075951.259246408939362,5720710.50900059286505,0.0],[1075852.846637554466724,5720684.7156802425161,0.0],[1075748.589821310015395,5720658.043283605948091,0.0],[1075657.154716052813455,5720634.550760605372488,0.0],[1075565.987079010577872,5720610.412183104082942,0.0],[1075469.085085819708183,5720584.063943552784622,0.0],[1075373.5051176964771,5720559.802603816613555,0.0],[1075324.653198864078149,5720547.593263799324632,0.0]]]}},
{"type":"Feature","properties":{"fid":344,"TIPOLOGIA":"SCAVO","PROVINCIA":"BG","COMUNE":"COMUN NUOVO","CLUSTER":"7","ROUTE":"38","ENTE":"PROVINCIA DI BERGAMO","ENTE 2":null,"LUNGHEZZA":414.18,"SPAN":"38","LOTTO":"7","TRATTA_ID":"TR_0344","ENTE 3":null,"MOTIVO_NO":"Manca autorizz","STATO_AUTORIZZAZIONE":"IN ATTESA","STATO_NULLAOSTA":"NON NECESSARIO","STATO_ORDINANZA":"NON NECESSARIO","PROTOCOLLO_AUT":null,"PRATICA":null,"LAVORABILE":"NO","STATO_LEGENDA":"IN ATTESA","CAMPO AWS":"NOT STARTED"},"geometry":{"type":"MultiLineString","coordinates":[[[1075324.653198864078149,5720547.593263799324632,0.0],[1075340.460909126559272,5720424.180047443136573,0.0],[1075359.304939923109487,5720273.589718662202358,0.0],[1075384.348249734612182,5720032.872837607748806,0.0],[1075390.393150968942791,5719958.184143527410924,0.0]]]}},
{"type":"Feature","properties":{"fid":346,"TIPOLOGIA":"NO DIG","PROVINCIA":"BG","COMUNE":"ZANICA","CLUSTER":"7","ROUTE":"38","ENTE":"COMUNE","ENTE 2":null,"LUNGHEZZA":1178.07,"SPAN":"38","LOTTO":"7","TRATTA_ID":"TR_0346","ENTE 3":null,"MOTIVO_NO":"Manca autorizz","STATO_AUTORIZZAZIONE":"IN ATTESA","STATO_NULLAOSTA":"NON NECESSARIO","STATO_ORDINANZA":"NON NECESSARIO","PROTOCOLLO_AUT":null,"PRATICA":null,"LAVORABILE":"NO","STATO_LEGENDA":"IN ATTESA","CAMPO AWS":"NOT STARTED"},"geometry":{"type":"MultiLineString","coordinates":[[[1080391.941080678254366,5724232.349306954070926,0.0],[1080387.189228093717247,5724221.255177701823413,0.0],[1080363.062727853888646,5724195.327649241313338,0.0],[1080338.695983224315569,5724178.865361787378788,0.0],[1080289.832458533113822,5724153.381016582250595,0.0],[1080191.704785669222474,5724119.400092049501836,0.0],[1080148.090205020969734,5724104.146610110066831,0.0],[1080121.508779304800555,5724091.423079706728458,0.0],[1080053.706236173631623,5724050.186058331280947,0.0],[1079946.821064644725993,5723979.459274221211672,0.0],[1079796.714771800674498,5723879.7130719544366,0.0],[1079720.715514294570312,5723830.098528388887644,0.0],[1079657.003409839002416,5723796.186198498122394,0.0],[1079537.972312965197489,5723743.827937919646502,0.0],[1079488.905032829614356,5723724.748874134384096,0.0],[1079451.632651703897864,5723700.332168823108077,0.0],[1079349.532369812717661,5723637.085984747856855,0.0],[1079221.847074845107272,5723550.563079292885959,0.0],[1079086.87329306663014,5723464.244795974344015,0.0],[1078952.336322412127629,5723378.143813327886164,0.0]]]}},
{"type":"Feature","properties":{"fid":347,"TIPOLOGIA":"NO DIG","PROVINCIA":"BG","COMUNE":"ZANICA","CLUSTER":"7","ROUTE":"38","ENTE":"COMUNE","ENTE 2":null,"LUNGHEZZA":798.34,"SPAN":"38","LOTTO":"7","TRATTA_ID":"TR_0347","ENTE 3":null,"MOTIVO_NO":"Manca autorizz","STATO_AUTORIZZAZIONE":"IN ATTESA","STATO_NULLAOSTA":"NON NECESSARIO","STATO_ORDINANZA":"NON NECESSARIO","PROTOCOLLO_AUT":null,"PRATICA":null,"LAVORABILE":"NO","STATO_LEGENDA":"IN ATTESA","CAMPO AWS":"NOT STARTED"},"geometry":{"type":"MultiLineString","coordinates":[[[1078952.336322412127629,5723378.143813327886164,0.0],[1078924.052749625872821,5723389.451900519430637,0.0],[1078900.165917448932305,5723413.587618073448539,0.0],[1078873.790747383376583,5723432.000419958494604,0.0],[1078872.297809705836698,5723432.498059692792594,0.0],[1078819.795940825017169,5723459.121848745271564,0.0],[1078696.41016210662201,5723521.891375513747334,0.0],[1078616.561863512499258,5723579.390539613552392,0.0],[1078468.55253286077641,5723687.090502492152154,0.0],[1078357.091896284371614,5723768.288336370140314,0.0],[1078223.414761140709743,5723866.903689787723124,0.0],[1078200.023063386324793,5723882.329699026420712,0.0],[1078171.43388031842187,5723895.724787000566721,0.0],[1078136.319474398856983,5723905.768983386456966,0.0],[1078110.191404950106516,5723909.499241096898913,0.0],[1078078.340643427800387,5723907.256845077499747,0.0],[1077973.955258479807526,5723891.235794491134584,0.0]]]}},
{"type":"Feature","properties":{"fid":348,"TIPOLOGIA":"NO DIG","PROVINCIA":"BG","COMUNE":"ZANICA","CLUSTER":"7","ROUTE":"38","ENTE":"COMUNE","ENTE 2":null,"LUNGHEZZA":304.78,"SPAN":"38","LOTTO":"7","TRATTA_ID":"TR_0348","ENTE 3":null,"MOTIVO_NO":"Manca autorizz","STATO_AUTORIZZAZIONE":"IN ATTESA","STATO_NULLAOSTA":"NON NECESSARIO","STATO_ORDINANZA":"NON NECESSARIO","PROTOCOLLO_AUT":null,"PRATICA":null,"LAVORABILE":"NO","STATO_LEGENDA":"IN ATTESA","CAMPO AWS":"NOT STARTED"},"geometry":{"type":"MultiLineString","coordinates":[[[1077973.955258479807526,5723891.235794491134584,0.0],[1077962.493023607414216,5723843.164749198593199,0.0],[1077980.529106580652297,5723697.844970008358359,0.0],[1077994.943945469800383,5723580.449324417859316,0.0],[1078004.63345441990532,5723486.353565425612032,0.0],[1077995.19409362017177,5723469.047351826913655,0.0],[1077989.662380613386631,5723463.059964214451611,0.0]]]}},
{"type":"Feature","properties":{"fid":349,"TIPOLOGIA":"NO DIG","PROVINCIA":"BG","COMUNE":"ZANICA","CLUSTER":"7","ROUTE":"38","ENTE":"COMUNE","ENTE 2":null,"LUNGHEZZA":677.99,"SPAN":"38","LOTTO":"7","TRATTA_ID":"TR_0349","ENTE 3":null,"MOTIVO_NO":"Manca autorizz","STATO_AUTORIZZAZIONE":"IN ATTESA","STATO_NULLAOSTA":"NON NECESSARIO","STATO_ORDINANZA":"NON NECESSARIO","PROTOCOLLO_AUT":null,"PRATICA":null,"LAVORABILE":"NO","STATO_LEGENDA":"IN ATTESA","CAMPO AWS":"NOT STARTED"},"geometry":{"type":"MultiLineString","coordinates":[[[1077989.662380613386631,5723463.059964214451611,0.0],[1077972.557649402646348,5723451.103952382691205,0.0],[1077941.565447156550363,5723442.759370173327625,0.0],[1077621.638677681097761,5723372.284574222750962,0.0],[1077400.99521624436602,5723320.353770540095866,0.0],[1077163.117123157018796,5723267.642795190215111,0.0],[1077049.138205536874011,5723239.506827082484961,0.0]]]}},
{"type":"Feature","properties":{"fid":350,"TIPOLOGIA":"NO DIG","PROVINCIA":"BG","COMUNE":"ZANICA","CLUSTER":"7","ROUTE":"38","ENTE":"COMUNE","ENTE 2":null,"LUNGHEZZA":734.8,"SPAN":"38","LOTTO":"7","TRATTA_ID":"TR_0350","ENTE 3":null,"MOTIVO_NO":"Manca autorizz","STATO_AUTORIZZAZIONE":"IN ATTESA","STATO_NULLAOSTA":"NON NECESSARIO","STATO_ORDINANZA":"NON NECESSARIO","PROTOCOLLO_AUT":null,"PRATICA":null,"LAVORABILE":"NO","STATO_LEGENDA":"IN ATTESA","CAMPO AWS":"NOT STARTED"},"geometry":{"type":"MultiLineString","coordinates":[[[1077049.138205536874011,5723239.506827082484961,0.0],[1077059.763768295291811,5723176.92705955915153,0.0],[1077073.367464237613603,5723069.80083916336298,0.0],[1077084.417186196194962,5722989.465347401797771,0.0],[1077105.385484138736501,5722850.794933833181858,0.0],[1077122.693462296621874,5722729.643585381098092,0.0],[1077137.530436996137723,5722636.81077388022095,0.0],[1077160.672920006327331,5722490.685062453150749,0.0],[1077193.34046444343403,5722301.500744388438761,0.0],[1077208.833461198490113,5722199.263974426314235,0.0]]]}},
{"type":"Feature","properties":{"fid":351,"TIPOLOGIA":"NO DIG","PROVINCIA":"BG","COMUNE":"ZANICA","CLUSTER":"7","ROUTE":"38","ENTE":"COMUNE","ENTE 2":null,"LUNGHEZZA":836.05,"SPAN":"38","LOTTO":"7","TRATTA_ID":"TR_0351","ENTE 3":null,"MOTIVO_NO":"Manca autorizz","STATO_AUTORIZZAZIONE":"IN ATTESA","STATO_NULLAOSTA":"NON NECESSARIO","STATO_ORDINANZA":"NON NECESSARIO","PROTOCOLLO_AUT":null,"PRATICA":null,"LAVORABILE":"NO","STATO_LEGENDA":"IN ATTESA","CAMPO AWS":"NOT STARTED"},"geometry":{"type":"MultiLineString","coordinates":[[[1077208.833461198490113,5722199.263974426314235,0.0],[1077198.77637135470286,5722095.60848106071353,0.0],[1077152.958219773834571,5722010.366165100596845,0.0],[1077096.344589525135234,5721911.219183300621808,0.0],[1077015.022259887075052,5721775.247437133453786,0.0],[1076890.159427048871294,5721572.103194665163755,0.0],[1076854.923035664251074,5721525.616704470477998,0.0],[1076812.796436448814347,5721488.930531765334308,0.0],[1076754.466781910974532,5721453.00599610619247,0.0],[1076647.60337183997035,5721402.286199920810759,0.0],[1076573.620934922015294,5721363.987995228730142,0.0],[1076496.648005967959762,5721317.83881782181561,0.0],[1076492.314261366147548,5721308.95991990622133,0.0]]]}},
{"type":"Feature","properties":{"fid":353,"TIPOLOGIA":"NO DIG","PROVINCIA":"BG","COMUNE":"COMUN NUOVO","CLUSTER":"7","ROUTE":"38","ENTE":"PROVINCIA DI BERGAMO","ENTE 2":null,"LUNGHEZZA":1357.93,"SPAN":"38","LOTTO":"7","TRATTA_ID":"TR_0353","ENTE 3":null,"MOTIVO_NO":"Manca autorizz","STATO_AUTORIZZAZIONE":"IN ATTESA","STATO_NULLAOSTA":"NON NECESSARIO","STATO_ORDINANZA":"NON NECESSARIO","PROTOCOLLO_AUT":null,"PRATICA":null,"LAVORABILE":"NO","STATO_LEGENDA":"IN ATTESA","CAMPO AWS":"NOT STARTED"},"geometry":{"type":"MultiLineString","coordinates":[[[1075390.393150968942791,5719958.184143527410924,0.0],[1075349.780252386583015,5719944.717760089784861,0.0],[1075259.753005633596331,5719907.540312702767551,0.0],[1075169.041829380206764,5719877.954181859269738,0.0],[1075032.30914867343381,5719833.903742222115397,0.0],[1074784.186105899978429,5719745.075252366252244,0.0],[1074594.281291360734031,5719682.232351205311716,0.0],[1074428.130019694333896,5719624.149667237885296,0.0],[1074281.726585221942514,5719562.653725425712764,0.0],[1074192.450314571848139,5719539.635395965538919,0.0],[1074141.13663692958653,5719519.41210273001343,0.0],[1074112.988164632115513,5719499.408998003229499,0.0],[1074052.579043770208955,5719496.927900741808116,0.0],[1074007.578157995361835,5719505.64401357062161,0.0],[1073931.674328520894051,5719505.412325218319893,0.0],[1073790.152276523178443,5719508.152225708588958,0.0],[1073665.698327269172296,5719523.009284978732467,0.0],[1073564.233231354737654,5719543.621094762347639,0.0],[1073538.544055219041184,5719550.547847509384155,0.0]]]}},
{"type":"Feature","properties":{"fid":354,"TIPOLOGIA":"NO DIG","PROVINCIA":"BG","COMUNE":"LEVATE","CLUSTER":"7","ROUTE":"38","ENTE":"PROVINCIA DI BERGAMO","ENTE 2":null,"LUNGHEZZA":710.03,"SPAN":"38","LOTTO":"7","TRATTA_ID":"TR_0354","ENTE 3":null,"MOTIVO_NO":"Manca autorizz","STATO_AUTORIZZAZIONE":"IN ATTESA","STATO_NULLAOSTA":"NON NECESSARIO","STATO_ORDINANZA":"NON NECESSARIO","PROTOCOLLO_AUT":null,"PRATICA":null,"LAVORABILE":"NO","STATO_LEGENDA":"IN ATTESA","CAMPO AWS":"NOT STARTED"},"geometry":{"type":"MultiLineString","coordinates":[[[1073538.544055219041184,5719550.547847509384155,0.0],[1073461.101212632376701,5719564.73867541924119,0.0],[1073362.043329379986972,5719579.92822718527168,0.0],[1073303.885167432483286,5719589.53520302567631,0.0],[1073252.414484267123044,5719599.065313679166138,0.0],[1073158.722840550588444,5719615.438253085128963,0.0],[1073077.925323585281149,5719631.608625725843012,0.0],[1072970.465824254322797,5719655.312938765622675,0.0],[1072887.820391048910096,5719668.239943746477365,0.0],[1072844.4694719244726,5719675.922035834752023,0.0],[1072811.1372782997787,5719676.934343220666051,0.0],[1072780.692848230712116,5719671.907744098454714,0.0],[1072753.991161558544263,5719660.499878467991948,0.0],[1072753.524951950879768,5719659.027562248520553,0.0],[1072735.29602457722649,5719647.379865599796176,0.0],[1072714.793291550129652,5719636.429580111056566,0.0],[1072699.008091527735814,5719625.217520360834897,0.0],[1072697.72670726547949,5719624.755066283978522,0.0],[1072680.188963503809646,5719621.069235083647072,0.0],[1072660.342047198675573,5719621.530274129472673,0.0],[1072637.182949790963903,5719625.222023339010775,0.0],[1072618.557780514704064,5719634.082767779007554,0.0],[1072612.899302660720423,5719640.455136035569012,0.0],[1072596.702797067118809,5719662.430569775402546,0.0],[1072571.744766272837296,5719679.422754210419953,0.0]]]}},
{"type":"Feature","properties":{"fid":355,"TIPOLOGIA":"NO DIG","PROVINCIA":"BG","COMUNE":"LEVATE","CLUSTER":"7","ROUTE":"38","ENTE":"COMUNE","ENTE 2":null,"LUNGHEZZA":1436.49,"SPAN":"38","LOTTO":"7","TRATTA_ID":"TR_0355","ENTE 3":null,"MOTIVO_NO":"Manca autorizz","STATO_AUTORIZZAZIONE":"IN ATTESA","STATO_NULLAOSTA":"NON NECESSARIO","STATO_ORDINANZA":"NON NECESSARIO","PROTOCOLLO_AUT":null,"PRATICA":null,"LAVORABILE":"NO","STATO_LEGENDA":"IN ATTESA","CAMPO AWS":"NOT STARTED"},"geometry":{"type":"MultiLineString","coordinates":[[[1071632.717239218298346,5719761.251048473641276,0.0],[1071626.773456554394215,5719761.893026472069323,0.0],[1071598.627298794453964,5719763.183167084120214,0.0],[1071570.670433157589287,5719758.657039091922343,0.0],[1071553.918581598671153,5719751.577834265306592,0.0],[1071553.577634347369894,5719751.208203129470348,0.0],[1071536.958215540042147,5719739.175832267850637,0.0],[1071527.715109924552962,5719731.328131104819477,0.0],[1071526.404988277470693,5719730.268542398698628,0.0],[1071525.419504293473437,5719729.563541622832417,0.0],[1071512.988542759325355,5719721.881282506510615,0.0],[1071512.047465816838667,5719720.843858053907752,0.0],[1071495.797519346000627,5719713.649895281530917,0.0],[1071494.152473197551444,5719713.310290583409369,0.0],[1071463.460462154122069,5719706.69327450543642,0.0],[1071435.22168514225632,5719710.388984884135425,0.0],[1071409.410836040973663,5719717.305839419364929,0.0],[1071374.733577566919848,5719733.5479008955881,0.0],[1071342.070785295683891,5719758.674937763251364,0.0],[1071319.365340108750388,5719794.885791389271617,0.0],[1071296.333831378957257,5719855.857504907995462,0.0],[1071268.652176279108971,5719940.564575167372823,0.0],[1071232.02336865849793,5720037.39799124468118,0.0],[1071207.599491602275521,5720107.217484044842422,0.0],[1071193.901635589310899,5720147.552814116701484,0.0],[1071188.656494164140895,5720180.556107092648745,0.0],[1071171.576216563815251,5720212.10832392424345,0.0],[1071153.706394349690527,5720224.50124900136143,0.0],[1071134.013638820732012,5720226.886145056225359,0.0],[1071094.765006157103926,5720227.42466030549258,0.0],[1071031.840087337652221,5720224.157424486242235,0.0],[1070974.630543099017814,5720217.425712395459414,0.0],[1070900.337271232157946,5720217.937487448565662,0.0],[1070858.302305147750303,5720219.957806492224336,0.0],[1070820.176396217895672,5720222.997277819551528,0.0],[1070810.646375843323767,5720229.437418058514595,0.0],[1070794.758579222718254,5720235.155846602283418,0.0],[1070780.781463781837374,5720235.15743915643543,0.0],[1070768.889239236712456,5720231.818006845191121,0.0],[1070714.494392971973866,5720241.414511667564511,0.0],[1070653.992573183495551,5720248.21836646925658,0.0],[1070586.889684043591842,5720254.600280924700201,0.0],[1070533.350533323828131,5720254.605944874696434,0.0],[1070468.61847356450744,5720259.558121838606894,0.0],[1070383.275580838788301,5720258.135390070267022,0.0],[1070287.257752896519378,5720252.851358416490257,0.0],[1070226.769215669017285,5720250.743854159489274,0.0],[1070167.631374402437359,5720250.046589295379817,0.0],[1070085.990699182497337,5720250.689622872509062,0.0],[1070026.122107119997963,5720245.475462171249092,0.0],[1069990.038444788195193,5720235.141486505977809,0.0],[1069990.077930662315339,5720232.578570201061666,0.0],[1069943.020176798338071,5720211.400579199194908,0.0]]]}},
{"type":"Feature","properties":{"fid":358,"TIPOLOGIA":"NO DIG","PROVINCIA":"BG","COMUNE":"BREMBATE","CLUSTER":"7","ROUTE":"32","ENTE":"PROVINCIA DI BERGAMO","ENTE 2":null,"LUNGHEZZA":524.05,"SPAN":"32","LOTTO":"7","TRATTA_ID":"TR_0358","ENTE 3":null,"MOTIVO_NO":"Manca autorizz","STATO_AUTORIZZAZIONE":"IN ATTESA","STATO_NULLAOSTA":"NON NECESSARIO","STATO_ORDINANZA":"NON NECESSARIO","PROTOCOLLO_AUT":null,"PRATICA":null,"LAVORABILE":"NO","STATO_LEGENDA":"IN ATTESA","CAMPO AWS":"NOT STARTED"},"geometry":{"type":"MultiLineString","coordinates":[[[1063906.02157383877784,5718683.058541347272694,0.0],[1063911.934605666436255,5718588.5464992756024,0.0],[1063919.41370972758159,5718514.190961554646492,0.0],[1063926.567920980509371,5718429.380292044021189,0.0],[1063925.865125986048952,5718389.535563254728913,0.0],[1063918.138864827342331,5718364.890945881605148,0.0],[1063915.922359433723614,5718360.533689803443849,0.0],[1063915.372564275981858,5718359.292398955672979,0.0],[1063897.899834508309141,5718309.163791877217591,0.0],[1063886.887531278189272,5718253.561643686145544,0.0],[1063869.678879285696894,5718198.938603273592889,0.0],[1063857.885024530580267,5718131.204041755758226,0.0],[1063849.928281336789951,5718079.162456933408976,0.0],[1063846.382849387126043,5718015.075536392629147,0.0],[1063849.216475451597944,5717973.261181872338057,0.0],[1063862.421991195064038,5717947.154961527325213,0.0]]]}},
{"type":"Feature","properties":{"fid":359,"TIPOLOGIA":"NO DIG","PROVINCIA":"BG","COMUNE":"OSIO SOTTO","CLUSTER":"7","ROUTE":"32","ENTE":"COMUNE","ENTE 2":null,"LUNGHEZZA":1256.4,"SPAN":"32","LOTTO":"7","TRATTA_ID":"TR_0359","ENTE 3":null,"MOTIVO_NO":"Manca autorizz","STATO_AUTORIZZAZIONE":"IN ATTESA","STATO_NULLAOSTA":"NON NECESSARIO","STATO_ORDINANZA":"NON NECESSARIO","PROTOCOLLO_AUT":null,"PRATICA":null,"LAVORABILE":"NO","STATO_LEGENDA":"IN ATTESA","CAMPO AWS":"NOT STARTED"},"geometry":{"type":"MultiLineString","coordinates":[[[1065543.268507220549509,5717952.792397004552186,0.0],[1065576.311626424314454,5717993.466761827468872,0.0],[1065603.926344125531614,5718055.443977760151029,0.0],[1065613.376395652303472,5718086.73340321611613,0.0],[1065634.113621364114806,5718194.516555639915168,0.0],[1065668.031117997365072,5718366.772497724741697,0.0],[1065675.185278039658442,5718414.635050331242383,0.0],[1065680.851361985318363,5718473.51570347417146,0.0],[1065675.27487886720337,5718561.749023503623903,0.0],[1065672.512829550541937,5718596.318245972506702,0.0],[1065672.514500317396596,5718656.678538417443633,0.0],[1065680.120463181985542,5718705.632382531650364,0.0],[1065697.232553567737341,5718771.048236994072795,0.0],[1065731.932251419173554,5718877.639713943004608,0.0],[1065773.288132109679282,5719009.468824632465839,0.0],[1065815.439007759094238,5719132.053396407514811,0.0],[1065837.781795618124306,5719199.071014649234712,0.0],[1065891.518021998694167,5719343.140392693690956,0.0],[1065910.058206947520375,5719388.295012949965894,0.0],[1065952.84546510479413,5719529.558670077472925,0.0],[1065983.38191003492102,5719636.425699052400887,0.0],[1065993.939113178988919,5719675.290912082418799,0.0]]]}},
{"type":"Feature","properties":{"fid":361,"TIPOLOGIA":"NO DIG","PROVINCIA":"BG","COMUNE":"BREMBATE","CLUSTER":"7","ROUTE":"32","ENTE":"PROVINCIA DI BERGAMO","ENTE 2":null,"LUNGHEZZA":320.42,"SPAN":"32","LOTTO":"7","TRATTA_ID":"TR_0361","ENTE 3":null,"MOTIVO_NO":"Manca autorizz","STATO_AUTORIZZAZIONE":"IN ATTESA","STATO_NULLAOSTA":"NON NECESSARIO","STATO_ORDINANZA":"NON NECESSARIO","PROTOCOLLO_AUT":null,"PRATICA":null,"LAVORABILE":"NO","STATO_LEGENDA":"IN ATTESA","CAMPO AWS":"NOT STARTED"},"geometry":{"type":"MultiLineString","coordinates":[[[1063862.421991195064038,5717947.154961527325213,0.0],[1063883.88550794380717,5717936.678366818465292,0.0],[1063917.816534892655909,5717942.725368985906243,0.0],[1063982.615799606544897,5717952.09179808665067,0.0],[1064032.187755753984675,5717957.613390523009002,0.0],[1064126.024084897246212,5717972.565102357417345,0.0],[1064197.215267385588959,5717977.090315084904432,0.0],[1064244.007340527605265,5717982.095810795202851,0.0],[1064314.139702019048855,5717984.608976010233164,0.0]]]}},
{"type":"Feature","properties":{"fid":363,"TIPOLOGIA":"SCAVO","PROVINCIA":"BG","COMUNE":"FILAGO","CLUSTER":"7","ROUTE":"32","ENTE":"PROVINCIA DI BERGAMO","ENTE 2":null,"LUNGHEZZA":78.51,"SPAN":"32","LOTTO":"7","TRATTA_ID":"TR_0363","ENTE 3":null,"MOTIVO_NO":"Manca autorizz","STATO_AUTORIZZAZIONE":"IN ATTESA","STATO_NULLAOSTA":"NON NECESSARIO","STATO_ORDINANZA":"NON NECESSARIO","PROTOCOLLO_AUT":null,"PRATICA":null,"LAVORABILE":"NO","STATO_LEGENDA":"IN ATTESA","CAMPO AWS":"NOT STARTED"},"geometry":{"type":"MultiLineString","coordinates":[[[1063882.948955226922408,5718944.003149090334773,0.0],[1063883.197375514078885,5718917.080810231156647,0.0],[1063883.970751120010391,5718889.880732956342399,0.0],[1063885.138886655913666,5718862.710315607488155,0.0],[1063885.557502303272486,5718838.690756497904658,0.0],[1063884.591711421729997,5718831.689561218954623,0.0]]]}},
{"type":"Feature","properties":{"fid":365,"TIPOLOGIA":"SCAVO","PROVINCIA":"BG","COMUNE":"OSIO SOTTO","CLUSTER":"7","ROUTE":"32","ENTE":"PROVINCIA DI BERGAMO","ENTE 2":null,"LUNGHEZZA":124.84,"SPAN":"32","LOTTO":"7","TRATTA_ID":"TR_0365","ENTE 3":null,"MOTIVO_NO":"Manca autorizz","STATO_AUTORIZZAZIONE":"IN ATTESA","STATO_NULLAOSTA":"NON NECESSARIO","STATO_ORDINANZA":"NON NECESSARIO","PROTOCOLLO_AUT":null,"PRATICA":null,"LAVORABILE":"NO","STATO_LEGENDA":"IN ATTESA","CAMPO AWS":"NOT STARTED"},"geometry":{"type":"MultiLineString","coordinates":[[[1064518.237159293843433,5718000.012081190943718,0.0],[1064696.025728473439813,5718011.462080178782344,0.0]]]}},
{"type":"Feature","properties":{"fid":366,"TIPOLOGIA":"SCAVO","PROVINCIA":"BG","COMUNE":"BREMBATE","CLUSTER":"7","ROUTE":"32","ENTE":"PROVINCIA DI BERGAMO","ENTE 2":null,"LUNGHEZZA":42.27,"SPAN":"32","LOTTO":"7","TRATTA_ID":"TR_0366","ENTE 3":null,"MOTIVO_NO":"Manca autorizz","STATO_AUTORIZZAZIONE":"IN ATTESA","STATO_NULLAOSTA":"NON NECESSARIO","STATO_ORDINANZA":"NON NECESSARIO","PROTOCOLLO_AUT":null,"PRATICA":null,"LAVORABILE":"NO","STATO_LEGENDA":"IN ATTESA","CAMPO AWS":"NOT STARTED"},"geometry":{"type":"MultiLineString","coordinates":[[[1064314.139702019048855,5717984.608976010233164,0.0],[1064374.005717686610296,5717992.061857051216066,0.0]]]}},
{"type":"Feature","properties":{"fid":367,"TIPOLOGIA":"SCAVO","PROVINCIA":"BG","COMUNE":"FILAGO","CLUSTER":"7","ROUTE":"32","ENTE":"PROVINCIA DI BERGAMO","ENTE 2":null,"LUNGHEZZA":48.61,"SPAN":"32","LOTTO":"7","TRATTA_ID":"TR_0367","ENTE 3":null,"MOTIVO_NO":"Manca autorizz","STATO_AUTORIZZAZIONE":"IN ATTESA","STATO_NULLAOSTA":"NON NECESSARIO","STATO_ORDINANZA":"NON NECESSARIO","PROTOCOLLO_AUT":null,"PRATICA":null,"LAVORABILE":"NO","STATO_LEGENDA":"IN ATTESA","CAMPO AWS":"NOT STARTED"},"geometry":{"type":"MultiLineString","coordinates":[[[1063897.929398940876126,5718752.0212930617854,0.0],[1063902.559658767655492,5718731.008573598228395,0.0],[1063904.75093953195028,5718704.879870476201177,0.0],[1063905.865228050388396,5718687.968804530799389,0.0],[1063906.02157383877784,5718683.058541347272694,0.0]]]}},
{"type":"Feature","properties":{"fid":368,"TIPOLOGIA":"CANALETTA","PROVINCIA":"BG","COMUNE":"FILAGO","CLUSTER":"7","ROUTE":"32","ENTE":"PROVINCIA DI BERGAMO","ENTE 2":"AUTOSTRADE","LUNGHEZZA":56.42,"SPAN":"32","LOTTO":"7","TRATTA_ID":"TR_0368","ENTE 3":null,"MOTIVO_NO":"Manca autorizz","STATO_AUTORIZZAZIONE":"IN ATTESA","STATO_NULLAOSTA":"NON NECESSARIO","STATO_ORDINANZA":"NON NECESSARIO","PROTOCOLLO_AUT":null,"PRATICA":null,"LAVORABILE":"NO","STATO_LEGENDA":"IN ATTESA","CAMPO AWS":"NOT STARTED"},"geometry":{"type":"MultiLineString","coordinates":[[[1063884.591711421729997,5718831.689561218954623,0.0],[1063888.215475958073512,5718807.54790151771158,0.0],[1063893.826824559597299,5718775.758575464598835,0.0],[1063897.929398940876126,5718752.0212930617854,0.0]]]}},
{"type":"Feature","properties":{"fid":369,"TIPOLOGIA":"CANALETTA","PROVINCIA":"BG","COMUNE":"OSIO SOTTO","CLUSTER":"7","ROUTE":"32","ENTE":"PROVINCIA DI BERGAMO","ENTE 2":"AIPO","LUNGHEZZA":53.91,"SPAN":"32","LOTTO":"7","TRATTA_ID":"TR_0369","ENTE 3":null,"MOTIVO_NO":"Manca autorizz","STATO_AUTORIZZAZIONE":"IN ATTESA","STATO_NULLAOSTA":"NON NECESSARIO","STATO_ORDINANZA":"NON NECESSARIO","PROTOCOLLO_AUT":null,"PRATICA":null,"LAVORABILE":"NO","STATO_LEGENDA":"IN ATTESA","CAMPO AWS":"NOT STARTED"},"geometry":{"type":"MultiLineString","coordinates":[[[1064441.375184525968507,5717996.614927129819989,0.0],[1064518.237159293843433,5718000.012081190943718,0.0]]]}},
{"type":"Feature","properties":{"fid":370,"TIPOLOGIA":"NO DIG","PROVINCIA":"PV","COMUNE":"VIDIGULFO","CLUSTER":"5","ROUTE":"27","ENTE":"PROVINCIA DI PAVIA","ENTE 2":null,"LUNGHEZZA":3434.28,"SPAN":"27_1","LOTTO":"8","TRATTA_ID":"TR_0370","ENTE 3":null,"MOTIVO_NO":"Manca autorizz","STATO_AUTORIZZAZIONE":"IN REDAZIONE","STATO_NULLAOSTA":"NON NECESSARIO","STATO_ORDINANZA":"NON NECESSARIO","PROTOCOLLO_AUT":null,"PRATICA":"AUT/5/8","LAVORABILE":"NO","STATO_LEGENDA":"IN REDAZIONE","CAMPO AWS":"NOT STARTED"},"geometry":{"type":"MultiLineString","coordinates":[[[1028460.732341482769698,5664438.6143499603495,0.0],[1028539.277031282661483,5664690.098616763018072,0.0],[1028559.461303352611139,5664748.930244788527489,0.0],[1028574.901481046923436,5664798.265325330197811,0.0],[1028606.346019483404234,5664899.775240805931389,0.0],[1028640.587798146647401,5665003.208622736856341,0.0],[1028682.667229472310282,5665131.204563559964299,0.0],[1028724.621047631953843,5665254.336042090319097,0.0],[1028755.853636427666061,5665346.480771480128169,0.0],[1028794.831358431954868,5665460.629384636878967,0.0],[1028823.43312330218032,5665542.536783006042242,0.0],[1028850.105145694687963,5665613.055733725428581,0.0],[1028855.746728416648693,5665628.827574232593179,0.0],[1028863.258453424787149,5665643.381006859242916,0.0],[1028880.217821974656545,5665653.775651352480054,0.0],[1028893.829732335405424,5665667.917580469511449,0.0],[1028897.483850130927749,5665688.700124530121684,0.0],[1028890.524899311945774,5665710.739767319522798,0.0],[1028892.144501653732732,5665729.605509411543608,0.0],[1028907.770000189659186,5665779.887329158373177,0.0],[1028944.517316549899988,5665889.883834493346512,0.0],[1028984.281524681136943,5666012.435244079679251,0.0],[1029010.385594515362754,5666094.434770309366286,0.0],[1029020.749770218157209,5666162.723164986819029,0.0],[1029021.923572594765574,5666222.935314802452922,0.0],[1029017.238358421833254,5666282.27326085139066,0.0],[1029007.238608407671563,5666338.158134213648736,0.0],[1028993.797646266873926,5666382.9939886033535,0.0],[1028966.312104104901664,5666463.031456388533115,0.0],[1028925.161335512646474,5666579.007544972002506,0.0],[1028887.03285552712623,5666695.289709120057523,0.0],[1028858.322402610909194,5666780.069241307675838,0.0],[1028828.357023705844767,5666868.013846706598997,0.0],[1028773.10531043051742,5667026.914247689768672,0.0],[1028745.907203982467763,5667105.593845666386187,0.0],[1028730.562109396210872,5667152.368959105573595,0.0],[1028718.571458585211076,5667193.987092398107052,0.0],[1028713.124895425513387,5667222.319179699756205,0.0],[1028710.333126113633625,5667259.92174365837127,0.0],[1028707.871482783462852,5667301.859171111136675,0.0],[1028714.688963153632358,5667369.334759385325015,0.0],[1028727.274457906023599,5667419.219311098568141,0.0],[1028739.539290705346502,5667466.395999820902944,0.0],[1028756.713290123268962,5667506.927615748718381,0.0],[1028786.273133526789024,5667555.956170164048672,0.0],[1028821.721584863844328,5667605.441952795721591,0.0],[1028864.160689349635504,5667647.964309467934072,0.0],[1028920.37373621284496,5667696.903734299354255,0.0],[1028984.255643008509651,5667749.810225040651858,0.0],[1029069.090417073457502,5667824.294777050614357,0.0],[1029174.248007209040225,5667910.933822739869356,0.0],[1029224.192717262543738,5667944.799691120162606,0.0],[1029244.454944220837206,5667950.532520245760679,0.0],[1029256.296789775486104,5667965.105733981356025,0.0],[1029269.832526542595588,5667984.552935162559152,0.0],[1029294.787815669202246,5668009.298684355802834,0.0],[1029440.235745813813992,5668130.12363247666508,0.0],[1029608.196271554916166,5668270.984796220436692,0.0],[1029713.802914978819899,5668361.905018405988812,0.0],[1030001.693212717305869,5668590.036674434319139,0.0]]]}},
{"type":"Feature","properties":{"fid":371,"TIPOLOGIA":"NO DIG","PROVINCIA":"MI","COMUNE":"PERO","CLUSTER":"1","ROUTE":"1","ENTE":"COMUNE","ENTE 2":null,"LUNGHEZZA":313.81,"SPAN":"1","LOTTO":"1A","TRATTA_ID":"TR_0371","ENTE 3":null,"MOTIVO_NO":"Manca autorizz","STATO_AUTORIZZAZIONE":"PROTOCOLLATO INTEGRAZIONE","STATO_NULLAOSTA":"NON NECESSARIO","STATO_ORDINANZA":"NON NECESSARIO","PROTOCOLLO_AUT":"2026/03/23","PRATICA":"AUT/13/1A","LAVORABILE":"NO","STATO_LEGENDA":"PROTOCOLLATO INTEGRAZIONE","CAMPO AWS":"ON GOING"},"geometry":{"type":"MultiLineString","coordinates":[[[1009390.650037290295586,5703826.764472312293947,0.0],[1009358.799455291824415,5703804.566210040822625,0.0],[1009344.705310009769164,5703791.679785075597465,0.0],[1009328.846920659532771,5703764.302935509942472,0.0],[1009324.98611867998261,5703715.058067007921636,0.0],[1009323.633728322573006,5703680.584885584190488,0.0],[1009327.503635883447714,5703656.708046762272716,0.0],[1009339.613384533207864,5703573.527092910371721,0.0],[1009349.745791097171605,5703520.414613280445337,0.0],[1009251.755191977485083,5703465.427732423879206,0.0]]]}},
{"type":"Feature","properties":{"fid":372,"TIPOLOGIA":"NO DIG","PROVINCIA":"MI","COMUNE":"CORNAREDO","CLUSTER":"1","ROUTE":"23","ENTE":"COMUNE","ENTE 2":null,"LUNGHEZZA":2154.12,"SPAN":"23","LOTTO":"1A","TRATTA_ID":"TR_0372","ENTE 3":null,"MOTIVO_NO":"Manca autorizz","STATO_AUTORIZZAZIONE":"INVIATO","STATO_NULLAOSTA":"NON NECESSARIO","STATO_ORDINANZA":"NON NECESSARIO","PROTOCOLLO_AUT":null,"PRATICA":"AUT/1/1A","LAVORABILE":"NO","STATO_LEGENDA":"INVIATO","CAMPO AWS":"ON GOING"},"geometry":{"type":"MultiLineString","coordinates":[[[1003888.194517879514024,5701261.508905530907214,0.0],[1003903.374417707324028,5701232.009821848012507,0.0],[1003981.621324037434533,5701110.883610847406089,0.0],[1004034.705953656113707,5700930.394048321992159,0.0],[1004094.957273898879066,5700698.798733524978161,0.0],[1004118.804699660162441,5700603.574140387587249,0.0],[1004203.577845443505794,5700280.818071134388447,0.0],[1004219.519491802202538,5700202.439468615688384,0.0],[1004263.744491253630258,5699794.355662323534489,0.0],[1004277.474348968826234,5699663.097593196667731,0.0],[1004290.109041349962354,5699559.2069430379197,0.0],[1004303.399668862111866,5699406.778165734373033,0.0],[1004320.305972863570787,5699216.284785008057952,0.0],[1004335.273844926385209,5699056.762016127817333,0.0],[1004337.676517572603188,5698990.58622483164072,0.0],[1004377.264330955105834,5698787.66515726596117,0.0],[1004867.841857250197791,5698847.286492609418929,0.0],[1004907.948180459672585,5698842.300830488093197,0.0]]]}},
{"type":"Feature","properties":{"fid":373,"TIPOLOGIA":"NO DIG","PROVINCIA":"MI","COMUNE":"CUSAGO","CLUSTER":"3","ROUTE":"11","ENTE":"COMUNE","ENTE 2":null,"LUNGHEZZA":3543.73,"SPAN":"11_1","LOTTO":"6","TRATTA_ID":"TR_0373","ENTE 3":null,"MOTIVO_NO":"Manca autorizz","STATO_AUTORIZZAZIONE":"IN ATTESA","STATO_NULLAOSTA":"NON NECESSARIO","STATO_ORDINANZA":"NON NECESSARIO","PROTOCOLLO_AUT":null,"PRATICA":null,"LAVORABILE":"NO","STATO_LEGENDA":"IN ATTESA","CAMPO AWS":"NOT STARTED"},"geometry":{"type":"MultiLineString","coordinates":[[[1006318.367687701364048,5691835.094444896094501,0.0],[1006318.179722819128074,5691835.708577099256217,0.0],[1006299.954255057265982,5691876.127287212759256,0.0],[1006259.258566158241592,5691957.253496277146041,0.0],[1006197.629132780712098,5692081.914242834784091,0.0],[1006116.537787330104038,5692241.799266960471869,0.0],[1006084.15591138554737,5692306.778153994120657,0.0],[1006046.41110760695301,5692388.302521276287735,0.0],[1006039.47703906102106,5692420.475889679044485,0.0],[1006039.28276394912973,5692437.094913451001048,0.0],[1006047.581486931303516,5692468.859208482317626,0.0],[1006066.413946891203523,5692484.58128359913826,0.0],[1006133.858182221534662,5692508.769268243573606,0.0],[1006283.443744390155189,5692566.869781326502562,0.0],[1006383.972468615160324,5692607.95802628621459,0.0],[1006546.886211849283427,5692670.715639315545559,0.0],[1006567.487700969562866,5692676.461096907034516,0.0],[1006603.359138885978609,5692692.196199395693839,0.0],[1006669.842951559810899,5692714.90676252078265,0.0],[1006763.935516444500536,5692755.34609548561275,0.0],[1006888.492682931595482,5692804.588070607744157,0.0],[1006957.140155928442255,5692830.161421087570488,0.0],[1007010.44601966929622,5692851.41075667925179,0.0],[1007038.142212971230038,5692862.377745317295194,0.0],[1007058.162845020415261,5692876.106274867430329,0.0],[1007058.702774271718226,5692887.463774120435119,0.0],[1007036.850506361341104,5692944.672934288159013,0.0],[1006984.36948740738444,5693057.023480085656047,0.0],[1006897.636972656357102,5693239.798239226453006,0.0],[1006815.380918426322751,5693412.040664021857083,0.0],[1006727.230871260049753,5693598.66562264598906,0.0],[1006620.111244646599516,5693819.363964064978063,0.0],[1006584.803848227951676,5693902.803201227448881,0.0],[1006525.909543229732662,5694060.842744086869061,0.0],[1006407.320831579389051,5694395.399196933954954,0.0],[1006338.315593704464845,5694591.080123010091484,0.0],[1006310.04571580409538,5694639.711308940313756,0.0],[1006243.60449271183461,5694711.421452815644443,0.0],[1006178.343336354475468,5694779.718255295418203,0.0],[1006143.903402899159119,5694869.584925236180425,0.0],[1006083.556824996485375,5695034.853387678973377,0.0],[1005987.621596132055856,5695299.46257434040308,0.0],[1005922.038750792387873,5695459.796613187529147,0.0],[1005882.034064328647219,5695574.769201171584427,0.0],[1005857.652261565322988,5695702.579052513465285,0.0],[1005849.412651653634384,5695753.490269706584513,0.0],[1005838.443977184942923,5695802.76729013863951,0.0],[1005821.990688200341538,5695849.675321182236075,0.0],[1005822.18087296304293,5695871.849637327715755,0.0]]]}},
{"type":"Feature","properties":{"fid":374,"TIPOLOGIA":"SCAVO","PROVINCIA":"MI","COMUNE":"CORNAREDO","CLUSTER":"1","ROUTE":"49","ENTE":"COMUNE","ENTE 2":null,"LUNGHEZZA":120.53,"SPAN":"49","LOTTO":"1A","TRATTA_ID":"TR_0374","ENTE 3":null,"MOTIVO_NO":"Manca autorizz","STATO_AUTORIZZAZIONE":"INVIATO","STATO_NULLAOSTA":"NON NECESSARIO","STATO_ORDINANZA":"NON NECESSARIO","PROTOCOLLO_AUT":null,"PRATICA":"AUT/1/1A","LAVORABILE":"NO","STATO_LEGENDA":"INVIATO","CAMPO AWS":"ON GOING"},"geometry":{"type":"MultiLineString","coordinates":[[[1005822.18087296304293,5695871.849637327715755,0.0],[1005767.198980790446512,5696034.919289790093899,0.0]]]}},
{"type":"Feature","properties":{"fid":375,"TIPOLOGIA":"SCAVO","PROVINCIA":"MI","COMUNE":"RHO","CLUSTER":"1","ROUTE":"22","ENTE":"COMUNE","ENTE 2":null,"LUNGHEZZA":851.49,"SPAN":"22","LOTTO":"1A","TRATTA_ID":"TR_0375","ENTE 3":null,"MOTIVO_NO":"Manca autorizz","STATO_AUTORIZZAZIONE":"PROTOCOLLATO","STATO_NULLAOSTA":"NON NECESSARIO","STATO_ORDINANZA":"NON NECESSARIO","PROTOCOLLO_AUT":"2026/03/27","PRATICA":"AUT/20/1A","LAVORABILE":"NO","STATO_LEGENDA":"PROTOCOLLATO","CAMPO AWS":"ON GOING"},"geometry":{"type":"MultiLineString","coordinates":[[[1007686.144911449751817,5703620.338660525158048,0.0],[1007681.264757162309252,5703630.540983918122947,0.0],[1007580.494513191399164,5703829.134307415224612,0.0],[1007549.153517159866169,5703882.966604140587151,0.0],[1007528.693472829530947,5703892.629858506843448,0.0],[1007527.44678365427535,5703892.573297685943544,0.0],[1007493.901749670505524,5703884.682570222765207,0.0],[1007441.410517748328857,5703875.273310289718211,0.0],[1007392.35687531507574,5703875.150420667603612,0.0],[1007370.454532341100276,5703887.898680449463427,0.0],[1007336.115111057646573,5703958.921373344026506,0.0],[1007279.321608209167607,5704066.383120534941554,0.0],[1007209.609344235854223,5704196.654693190008402,0.0],[1007180.9785016188398,5704256.569245188497007,0.0],[1007083.013374869944528,5704352.656446183100343,0.0],[1007082.387399619212374,5704391.466911733150482,0.0],[1007127.770605301484466,5704526.990553529001772,0.0]]]}},
{"type":"Feature","properties":{"fid":377,"TIPOLOGIA":"NO DIG","PROVINCIA":"MI","COMUNE":"ZIBIDO SAN GIACOMO","CLUSTER":"2","ROUTE":"25","ENTE":"PROVINCIA DI MILANO","ENTE 2":"COMUNE","LUNGHEZZA":420.2,"SPAN":"25","LOTTO":"2A","TRATTA_ID":"TR_0377","ENTE 3":"SOPRINTENDENZA","MOTIVO_NO":"Manca autorizz | Manca nulla osta","STATO_AUTORIZZAZIONE":"PROTOCOLLATO INTEGRAZIONE","STATO_NULLAOSTA":"INVIATO","STATO_ORDINANZA":"NON NECESSARIO","PROTOCOLLO_AUT":"2026/04/09","PRATICA":"AUT/8/2A | NO/5/2A | NO/10/2A | NO/12/2A","LAVORABILE":"NO","STATO_LEGENDA":"PROTOCOLLATO INTEGRAZIONE","CAMPO AWS":"ON GOING"},"geometry":{"type":"MultiLineString","coordinates":[[[1016721.418275418807752,5679036.14881934504956,0.0],[1016719.904686902766116,5679036.492372342385352,0.0],[1016713.644934396375902,5679037.431335217319429,0.0],[1016445.226257733884268,5679134.485618898645043,0.0],[1016161.659469125559554,5679244.031287785619497,0.0]]]}},
{"type":"Feature","properties":{"fid":378,"TIPOLOGIA":"NO DIG","PROVINCIA":"MI","COMUNE":"BASIGLIO","CLUSTER":"2","ROUTE":"13","ENTE":"PROVINCIA DI MILANO","ENTE 2":"COMUNE","LUNGHEZZA":971.47,"SPAN":"13_1","LOTTO":"2A","TRATTA_ID":"TR_0378","ENTE 3":null,"MOTIVO_NO":null,"STATO_AUTORIZZAZIONE":"OTTENUTO","STATO_NULLAOSTA":"NON NECESSARIO","STATO_ORDINANZA":"NON NECESSARIO","PROTOCOLLO_AUT":"2026/04/24","PRATICA":"AUT/7/2A","LAVORABILE":"SI","STATO_LEGENDA":"OTTENUTO","CAMPO AWS":"APPROVAL"},"geometry":{"type":"MultiLineString","coordinates":[[[1019850.560946026584134,5677484.938486920669675,0.0],[1019960.05779317591805,5677418.740279298275709,0.0],[1020057.541733828489669,5677363.2312793424353,0.0],[1020244.837010094197467,5677228.175847578793764,0.0],[1020386.052225099643692,5677117.194538712501526,0.0],[1020447.905981398303993,5677048.945531296543777,0.0],[1020502.557233184343204,5676946.940569800324738,0.0],[1020594.383211831911467,5676709.518027565442026,0.0],[1020657.065663048066199,5676550.169989499263465,0.0],[1020651.902593991952017,5676451.835262318141758,0.0]]]}},
{"type":"Feature","properties":{"fid":379,"TIPOLOGIA":"NO DIG","PROVINCIA":"MI","COMUNE":"LACCHIARELLA","CLUSTER":"2","ROUTE":"7","ENTE":"COMUNE","ENTE 2":null,"LUNGHEZZA":2720.33,"SPAN":"7_2","LOTTO":"2B","TRATTA_ID":"TR_0379","ENTE 3":null,"MOTIVO_NO":null,"STATO_AUTORIZZAZIONE":"OTTENUTO","STATO_NULLAOSTA":"NON NECESSARIO","STATO_ORDINANZA":"NON NECESSARIO","PROTOCOLLO_AUT":null,"PRATICA":"AUT/9/2B","LAVORABILE":"SI","STATO_LEGENDA":"OTTENUTO","CAMPO AWS":"APPROVAL"},"geometry":{"type":"MultiLineString","coordinates":[[[1023011.31089300988242,5671941.370565806515515,0.0],[1022990.295188089483418,5671950.549733398482203,0.0],[1022906.950730833224952,5672003.659744230099022,0.0],[1022831.053081328514963,5672066.361824284307659,0.0],[1022782.255709373857826,5672128.655821430496871,0.0],[1022747.863126152660698,5672140.808197057805955,0.0],[1022697.044695369317196,5672160.207988583482802,0.0],[1022390.937415848253295,5672290.299057601951063,0.0],[1022304.504675018484704,5672335.554020438343287,0.0],[1022269.813161250785924,5672400.806156976148486,0.0],[1022249.663315160782076,5672437.269275867380202,0.0],[1022191.618434132542461,5672480.609048627316952,0.0],[1022153.604822852648795,5672518.289831172674894,0.0],[1022132.149379107868299,5672560.067885047756135,0.0],[1022121.33280795335304,5672583.374493519775569,0.0],[1022103.691136771813035,5672608.144100744277239,0.0],[1022079.688322371686809,5672622.098178161308169,0.0],[1022052.151816645404324,5672601.266330596059561,0.0],[1022020.611255489871837,5672591.876527754589915,0.0],[1021973.790937589714304,5672604.916863257065415,0.0],[1021888.747763830586337,5672669.608171396888793,0.0],[1021821.042015391634777,5672719.197002412751317,0.0],[1021799.993536967551336,5672731.033192155882716,0.0],[1021774.091670825029723,5672740.044032053090632,0.0],[1021672.489751170272939,5672773.64439660590142,0.0],[1021496.643400216009468,5672797.402466637082398,0.0],[1021471.165395427611656,5672799.202431445010006,0.0],[1021408.431545083993115,5672794.459404152818024,0.0],[1021289.659864269662648,5672766.070618705824018,0.0],[1021240.670507519505918,5672746.470402149483562,0.0],[1021127.327831323025748,5672703.076340362429619,0.0],[1021033.30816788377706,5672659.27062008716166,0.0],[1020959.0358063505264,5672653.437376831658185,0.0],[1020802.464453708846122,5672624.787120969034731,0.0],[1020711.197317842394114,5672620.693849368020892,0.0],[1020604.060117005603388,5672618.673828463070095,0.0],[1020587.525196316768415,5672630.041505255736411,0.0],[1020520.572910734568723,5672712.548725466243923,0.0],[1020395.069828579435125,5672874.64726887177676,0.0],[1020324.898277907748707,5672972.183993952348828,0.0],[1020243.765506624942645,5673082.790075268596411,0.0],[1020201.309946972411126,5673136.646598645485938,0.0],[1020158.265245889080688,5673164.286577201448381,0.0],[1019994.811730018700473,5673274.10012155584991,0.0],[1019954.045539245707914,5673301.975741505622864,0.0],[1019950.833313332870603,5673324.222163180820644,0.0],[1019955.552275871858001,5673370.706064937636256,0.0],[1019957.60319633455947,5673413.350934812799096,0.0],[1019971.013062556390651,5673437.43912522867322,0.0],[1019975.737569136195816,5673453.024289320223033,0.0]]]}},
{"type":"Feature","properties":{"fid":382,"TIPOLOGIA":"NO DIG","PROVINCIA":"MI","COMUNE":"SETTIMO MILANESE","CLUSTER":"1","ROUTE":"16","ENTE":"COMUNE","ENTE 2":null,"LUNGHEZZA":1843.53,"SPAN":"16_2","LOTTO":"1B","TRATTA_ID":"TR_0382","ENTE 3":null,"MOTIVO_NO":"Manca autorizz","STATO_AUTORIZZAZIONE":"PROTOCOLLATO INTEGRAZIONE","STATO_NULLAOSTA":"NON NECESSARIO","STATO_ORDINANZA":"IN ATTESA","PROTOCOLLO_AUT":"2026/03/05","PRATICA":"AUT/1/1B","LAVORABILE":"NO","STATO_LEGENDA":"PROTOCOLLATO INTEGRAZIONE","CAMPO AWS":"DENIED"},"geometry":{"type":"MultiLineString","coordinates":[[[1008268.052627894678153,5696978.637328347191215,0.0],[1008304.22027343721129,5696986.601602334529161,0.0],[1008346.294014906045049,5696998.447981516830623,0.0],[1008429.315170264220797,5697020.908691595308483,0.0],[1008551.088207031949423,5697054.600832929834723,0.0],[1008570.618802190758288,5697077.593040231615305,0.0],[1008583.346928732120432,5697112.45284825284034,0.0],[1008574.447588668786921,5697176.253082820214331,0.0],[1008569.882990669226274,5697271.93608220666647,0.0],[1008557.169306756346487,5697348.784147184342146,0.0],[1008539.802312015905045,5697411.082147495821118,0.0],[1008525.961722253356129,5697456.194892939180136,0.0],[1008511.968734727241099,5697509.303042388521135,0.0],[1008489.37342813028954,5697567.883147206157446,0.0],[1008454.628033104003407,5697624.757857197895646,0.0],[1008383.118176732212305,5697744.736598043702543,0.0],[1008322.866575105232187,5697841.976191149093211,0.0],[1008285.75778392679058,5697897.812303493730724,0.0],[1008267.872716397629119,5697959.967673506587744,0.0],[1008249.526256539160386,5698073.789090275764465,0.0],[1008244.912997876177542,5698118.957308646291494,0.0],[1008212.455492829089053,5698344.003321812488139,0.0],[1008192.970442177494988,5698450.710725753568113,0.0],[1008210.613353657652624,5698480.755835698917508,0.0],[1008202.210950090317056,5698535.626680038869381,0.0],[1008178.826289352262393,5698683.301382511854172,0.0],[1008169.141535527422093,5698741.856633615680039,0.0],[1008177.772320404532366,5698750.319834125228226,0.0],[1008277.429282727185637,5698767.739789138548076,0.0],[1008368.461486601270735,5698784.796717877499759,0.0],[1008518.772968518547714,5698809.541658188216388,0.0],[1008707.806105743977241,5698834.806889246217906,0.0],[1008712.943657728959806,5698833.882365299388766,0.0]]]}},
{"type":"Feature","properties":{"fid":383,"TIPOLOGIA":"NO DIG","PROVINCIA":"MI","COMUNE":"RHO","CLUSTER":"1","ROUTE":"16","ENTE":"COMUNE","ENTE 2":null,"LUNGHEZZA":222.99,"SPAN":"16_2","LOTTO":"1A","TRATTA_ID":"TR_0383","ENTE 3":null,"MOTIVO_NO":"Manca autorizz","STATO_AUTORIZZAZIONE":"PROTOCOLLATO INTEGRAZIONE","STATO_NULLAOSTA":"NON NECESSARIO","STATO_ORDINANZA":"NON NECESSARIO","PROTOCOLLO_AUT":"2026/03/23","PRATICA":"AUT/13/1A","LAVORABILE":"NO","STATO_LEGENDA":"PROTOCOLLATO INTEGRAZIONE","CAMPO AWS":"ON GOING"},"geometry":{"type":"MultiLineString","coordinates":[[[1009683.215315109002404,5703794.965579443611205,0.0],[1009684.634540756349452,5703822.128108853474259,0.0],[1009675.358937076060101,5703854.620853547006845,0.0],[1009627.097800400457345,5703992.443866113200784,0.0],[1009586.14110177278053,5704096.300194030627608,0.0]]]}},
{"type":"Feature","properties":{"fid":384,"TIPOLOGIA":"NO DIG","PROVINCIA":"MI","COMUNE":"SIZIANO","CLUSTER":"2","ROUTE":"7","ENTE":"COMUNE","ENTE 2":null,"LUNGHEZZA":969.25,"SPAN":"7_2","LOTTO":"2B","TRATTA_ID":"TR_0384","ENTE 3":null,"MOTIVO_NO":null,"STATO_AUTORIZZAZIONE":"OTTENUTO","STATO_NULLAOSTA":"NON NECESSARIO","STATO_ORDINANZA":"NON NECESSARIO","PROTOCOLLO_AUT":null,"PRATICA":"AUT/11/2B","LAVORABILE":"SI","STATO_LEGENDA":"OTTENUTO","CAMPO AWS":"APPROVAL"},"geometry":{"type":"MultiLineString","coordinates":[[[1024266.005150664248504,5672793.863891888409853,0.0],[1024261.175501156365499,5672790.815896456129849,0.0],[1024248.500358541612513,5672754.578876277431846,0.0],[1024212.150104317697696,5672639.237203745171428,0.0],[1024165.248096755938604,5672491.704441798850894,0.0],[1024135.014179527643137,5672415.965131242759526,0.0],[1024088.716246645199135,5672398.941570064052939,0.0],[1024043.996966014034115,5672381.156245934776962,0.0],[1023967.501861308934167,5672353.293982839211822,0.0],[1023899.350882736966014,5672324.36717414110899,0.0],[1023897.059313723701052,5672322.10481652058661,0.0],[1023850.085925669060089,5672295.956194441765547,0.0],[1023828.383529528509825,5672254.992540738545358,0.0],[1023823.324274445651099,5672220.722775175236166,0.0],[1023823.259425148251466,5672219.311359336599708,0.0],[1023821.847806808189489,5672188.587890801951289,0.0],[1023843.107226777588949,5672103.279616789892316,0.0],[1023847.353010022896342,5672072.921625411137938,0.0],[1023869.221086496603675,5671991.557589053176343,0.0],[1023874.492876553209499,5671915.939403102733195,0.0],[1023874.364687359426171,5671914.106490325182676,0.0],[1023863.771325690788217,5671898.499279224313796,0.0],[1023792.360970483510755,5671877.523410010151565,0.0],[1023792.134104412514716,5671876.841100828722119,0.0],[1023741.651003908365965,5671862.889253669418395,0.0],[1023704.430989986984059,5671855.849621647037566,0.0],[1023641.027338291751221,5671865.019638187251985,0.0],[1023615.76917277649045,5671869.057819599285722,0.0]]]}},
{"type":"Feature","properties":{"fid":386,"TIPOLOGIA":"NO DIG","PROVINCIA":"MI","COMUNE":"BINASCO","CLUSTER":"3","ROUTE":"11","ENTE":"COMUNE","ENTE 2":null,"LUNGHEZZA":90.96,"SPAN":"11_1","LOTTO":"6","TRATTA_ID":"TR_0386","ENTE 3":null,"MOTIVO_NO":"Manca autorizz","STATO_AUTORIZZAZIONE":"IN ATTESA","STATO_NULLAOSTA":"NON NECESSARIO","STATO_ORDINANZA":"NON NECESSARIO","PROTOCOLLO_AUT":null,"PRATICA":null,"LAVORABILE":"NO","STATO_LEGENDA":"IN ATTESA","CAMPO AWS":"NOT STARTED"},"geometry":{"type":"MultiLineString","coordinates":[[[1012486.139031037222594,5674707.204002963379025,0.0],[1012465.03615109610837,5674760.362565850839019,0.0],[1012438.953281484544277,5674810.539254395291209,0.0],[1012429.9787855517352,5674823.516004065051675,0.0]]]}},
{"type":"Feature","properties":{"fid":387,"TIPOLOGIA":"NO DIG","PROVINCIA":"MI","COMUNE":"GAGGIANO","CLUSTER":"3","ROUTE":"11","ENTE":"PROVINCIA DI MILANO","ENTE 2":null,"LUNGHEZZA":904.91,"SPAN":"11_1","LOTTO":"6","TRATTA_ID":"TR_0387","ENTE 3":null,"MOTIVO_NO":"Manca autorizz","STATO_AUTORIZZAZIONE":"IN ATTESA","STATO_NULLAOSTA":"NON NECESSARIO","STATO_ORDINANZA":"NON NECESSARIO","PROTOCOLLO_AUT":null,"PRATICA":null,"LAVORABILE":"NO","STATO_LEGENDA":"IN ATTESA","CAMPO AWS":"NOT STARTED"},"geometry":{"type":"MultiLineString","coordinates":[[[1005387.81791531573981,5687941.01884800568223,0.0],[1005384.805424238205887,5687949.859319773502648,0.0],[1005359.980384481139481,5688015.847247499972582,0.0],[1005333.588272183784284,5688084.289289091713727,0.0],[1005282.641595599008724,5688206.644958953373134,0.0],[1005233.177013363107108,5688339.441995235159993,0.0],[1005193.765360170276836,5688401.656309435144067,0.0],[1005088.332198861637153,5688526.733329004608095,0.0],[1004959.073070413898677,5688677.384137932211161,0.0],[1004885.275844414718449,5688748.708790325559676,0.0],[1004784.532740373630077,5688827.06151123251766,0.0],[1004757.329324247897603,5688856.118225849233568,0.0],[1004723.989274136140011,5688907.363072034902871,0.0],[1004701.481622718041763,5688956.782976056449115,0.0],[1004692.358528375276364,5688997.114415723830462,0.0]]]}},
{"type":"Feature","properties":{"fid":388,"TIPOLOGIA":"NO DIG","PROVINCIA":"MI","COMUNE":"TREZZANO SUL NAVIGLIO","CLUSTER":"3","ROUTE":"11","ENTE":"PROVINCIA DI MILANO","ENTE 2":null,"LUNGHEZZA":919.08,"SPAN":"11_1","LOTTO":"6","TRATTA_ID":"TR_0388","ENTE 3":null,"MOTIVO_NO":"Manca autorizz","STATO_AUTORIZZAZIONE":"IN ATTESA","STATO_NULLAOSTA":"NON NECESSARIO","STATO_ORDINANZA":"NON NECESSARIO","PROTOCOLLO_AUT":null,"PRATICA":null,"LAVORABILE":"NO","STATO_LEGENDA":"IN ATTESA","CAMPO AWS":"NOT STARTED"},"geometry":{"type":"MultiLineString","coordinates":[[[1005881.724252035026439,5686795.364553108811378,0.0],[1005869.616433222196065,5686812.969435308128595,0.0],[1005836.295907289488241,5686867.635531122796237,0.0],[1005766.509217176004313,5686959.287283864803612,0.0],[1005706.462518213898875,5687026.137926942668855,0.0],[1005646.219297281466424,5687097.283692078664899,0.0],[1005592.770017756731249,5687152.126040671020746,0.0],[1005559.024104651878588,5687193.168913254514337,0.0],[1005530.478603862808086,5687240.021938214078546,0.0],[1005509.085009890724905,5687287.474288786761463,0.0],[1005483.065287909354083,5687317.199797054752707,0.0],[1005468.856108717736788,5687362.976149748079479,0.0],[1005464.900912576122209,5687385.70189711637795,0.0],[1005474.986231827642769,5687419.287155506201088,0.0],[1005496.571688550757244,5687469.677590293809772,0.0],[1005495.137801418779418,5687505.933273885399103,0.0],[1005490.979739728150889,5687575.088256047107279,0.0],[1005485.689910849323496,5687672.075877601280808,0.0],[1005477.004447680083103,5687717.270915113389492,0.0],[1005446.602425232995301,5687795.401285143569112,0.0],[1005431.072776258806698,5687832.498588624410331,0.0],[1005408.084288396057673,5687881.545272490940988,0.0],[1005387.81791531573981,5687941.01884800568223,0.0]]]}},
{"type":"Feature","properties":{"fid":390,"TIPOLOGIA":"NO DIG","PROVINCIA":"MI","COMUNE":"SETTIMO MILANESE","CLUSTER":"3","ROUTE":"17","ENTE":"COMUNE","ENTE 2":null,"LUNGHEZZA":55.33,"SPAN":"17_1","LOTTO":"6","TRATTA_ID":"TR_0390","ENTE 3":null,"MOTIVO_NO":"Manca autorizz","STATO_AUTORIZZAZIONE":"IN ATTESA","STATO_NULLAOSTA":"NON NECESSARIO","STATO_ORDINANZA":"NON NECESSARIO","PROTOCOLLO_AUT":null,"PRATICA":null,"LAVORABILE":"NO","STATO_LEGENDA":"IN ATTESA","CAMPO AWS":"NOT STARTED"},"geometry":{"type":"MultiLineString","coordinates":[[[1010090.623686821199954,5694035.714885602705181,0.0],[1010163.923429532675073,5694064.609189505688846,0.0]]]}},
{"type":"Feature","properties":{"fid":391,"TIPOLOGIA":"NO DIG","PROVINCIA":"MI","COMUNE":"LOCATE TRIULZI","CLUSTER":"3","ROUTE":"8","ENTE":"PROVINCIA DI MILANO","ENTE 2":null,"LUNGHEZZA":657.41,"SPAN":"8_2","LOTTO":"5","TRATTA_ID":"TR_0391","ENTE 3":null,"MOTIVO_NO":"Manca autorizz","STATO_AUTORIZZAZIONE":"IN ATTESA","STATO_NULLAOSTA":"NON NECESSARIO","STATO_ORDINANZA":"NON NECESSARIO","PROTOCOLLO_AUT":null,"PRATICA":null,"LAVORABILE":"NO","STATO_LEGENDA":"IN ATTESA","CAMPO AWS":"NOT STARTED"},"geometry":{"type":"MultiLineString","coordinates":[[[1028845.614470319123939,5674233.258827852085233,0.0],[1028536.232722784508951,5674081.62653567455709,0.0],[1028214.53215452178847,5673920.790699069388211,0.0],[1028011.939788887277246,5673821.641039680689573,0.0],[1028007.978473415714689,5673819.675185976549983,0.0]]]}},
{"type":"Feature","properties":{"fid":392,"TIPOLOGIA":"NO DIG","PROVINCIA":"MI","COMUNE":"SAN GIULIANO MILANESE","CLUSTER":"3","ROUTE":"15","ENTE":"COMUNE","ENTE 2":null,"LUNGHEZZA":1060.09,"SPAN":"15","LOTTO":"5","TRATTA_ID":"TR_0392","ENTE 3":null,"MOTIVO_NO":"Manca autorizz","STATO_AUTORIZZAZIONE":"IN ATTESA","STATO_NULLAOSTA":"NON NECESSARIO","STATO_ORDINANZA":"NON NECESSARIO","PROTOCOLLO_AUT":null,"PRATICA":null,"LAVORABILE":"NO","STATO_LEGENDA":"IN ATTESA","CAMPO AWS":"NOT STARTED"},"geometry":{"type":"MultiLineString","coordinates":[[[1032456.846437262254767,5682151.287143616937101,0.0],[1032470.591926444321871,5682127.30492715165019,0.0],[1032479.891108804149553,5682087.87225576210767,0.0],[1032520.08443092147354,5681966.898364674299955,0.0],[1032575.176495282561518,5681843.632752766832709,0.0],[1032633.978158604586497,5681708.336967161856592,0.0],[1032681.636272136005573,5681599.033910594880581,0.0],[1032761.126410100609064,5681418.164663357660174,0.0],[1032825.763153387699276,5681269.133244502358139,0.0],[1032871.120828620274551,5681177.456702597439289,0.0],[1032957.760239545372315,5680971.748205716721714,0.0],[1033011.104846118367277,5680855.1666628876701,0.0],[1033041.181829297915101,5680774.228568352758884,0.0],[1033049.550593738909811,5680763.750110566616058,0.0]]]}},
{"type":"Feature","properties":{"fid":393,"TIPOLOGIA":"SCAVO","PROVINCIA":"MI","COMUNE":"SAN DONATO MILANESE","CLUSTER":"3","ROUTE":"15","ENTE":"COMUNE","ENTE 2":null,"LUNGHEZZA":238.73,"SPAN":"15","LOTTO":"5","TRATTA_ID":"TR_0393","ENTE 3":null,"MOTIVO_NO":"Manca autorizz","STATO_AUTORIZZAZIONE":"IN ATTESA","STATO_NULLAOSTA":"NON NECESSARIO","STATO_ORDINANZA":"NON NECESSARIO","PROTOCOLLO_AUT":null,"PRATICA":null,"LAVORABILE":"NO","STATO_LEGENDA":"IN ATTESA","CAMPO AWS":"NOT STARTED"},"geometry":{"type":"MultiLineString","coordinates":[[[1031782.358769236481749,5686182.94116607028991,0.0],[1031796.180105581879616,5686184.443925162777305,0.0],[1031818.313742529135197,5686166.104845234192908,0.0],[1031845.295557290664874,5686131.113011755049229,0.0],[1031904.567702235188335,5686052.479926872067153,0.0],[1031982.514228862244636,5685943.096629980020225,0.0],[1031992.978308221325278,5685929.637156539596617,0.0],[1031995.044253528001718,5685926.842314650304615,0.0]]]}},
{"type":"Feature","properties":{"fid":394,"TIPOLOGIA":"SCAVO","PROVINCIA":"MI","COMUNE":"SAN GIULIANO MILANESE","CLUSTER":"3","ROUTE":"15","ENTE":"COMUNE","ENTE 2":null,"LUNGHEZZA":2136.24,"SPAN":"15","LOTTO":"5","TRATTA_ID":"TR_0394","ENTE 3":null,"MOTIVO_NO":"Manca autorizz","STATO_AUTORIZZAZIONE":"IN ATTESA","STATO_NULLAOSTA":"NON NECESSARIO","STATO_ORDINANZA":"NON NECESSARIO","PROTOCOLLO_AUT":null,"PRATICA":null,"LAVORABILE":"NO","STATO_LEGENDA":"IN ATTESA","CAMPO AWS":"NOT STARTED"},"geometry":{"type":"MultiLineString","coordinates":[[[1031995.044253528001718,5685926.842314650304615,0.0],[1032062.238277081865817,5685835.941704237833619,0.0],[1032130.533881723764353,5685742.794997993856668,0.0],[1032193.6324920989573,5685654.852889169938862,0.0],[1032274.427367081167176,5685547.822991935536265,0.0],[1032346.95512316795066,5685448.654544966295362,0.0],[1032415.213627369841561,5685356.531833156943321,0.0],[1032508.849461746751331,5685226.173410890623927,0.0],[1032568.26345155981835,5685145.9539704779163,0.0],[1032653.611491070245393,5685031.129217454232275,0.0],[1032724.260587772354484,5684932.727726771496236,0.0],[1032790.584661742090248,5684842.186262015253305,0.0],[1032859.73836868966464,5684750.666676701046526,0.0],[1032954.30476250348147,5684626.109147625975311,0.0],[1033028.406076158978976,5684528.74692293535918,0.0],[1033154.248130978900008,5684359.956354262307286,0.0],[1033238.728425812907517,5684235.612854667007923,0.0],[1033280.077247369918041,5684171.38620100915432,0.0],[1033351.622971809934825,5684059.112935399636626,0.0],[1033444.299756090738811,5683917.824392179958522,0.0],[1033466.129138876218349,5683881.886535336263478,0.0],[1033538.122879357775673,5683809.16784271877259,0.0],[1033674.544148363638669,5683660.206562669016421,0.0],[1033818.746568972477689,5683511.360047898255289,0.0],[1033824.49684364721179,5683500.741847211495042,0.0]]]}},
{"type":"Feature","properties":{"fid":395,"TIPOLOGIA":"SCAVO","PROVINCIA":"MI","COMUNE":"MILANO","CLUSTER":"3","ROUTE":"14","ENTE":"COMUNE","ENTE 2":null,"LUNGHEZZA":402.06,"SPAN":"14_1","LOTTO":"5","TRATTA_ID":"TR_0395","ENTE 3":null,"MOTIVO_NO":"Manca autorizz","STATO_AUTORIZZAZIONE":"IN ATTESA","STATO_NULLAOSTA":"NON NECESSARIO","STATO_ORDINANZA":"NON NECESSARIO","PROTOCOLLO_AUT":null,"PRATICA":null,"LAVORABILE":"NO","STATO_LEGENDA":"IN ATTESA","CAMPO AWS":"NOT STARTED"},"geometry":{"type":"MultiLineString","coordinates":[[[1030035.345581357716583,5688591.346056348644197,0.0],[1030026.546792207984254,5688583.884660723619163,0.0],[1029961.727197901811451,5688670.161543279886246,0.0],[1029870.080549940932542,5688781.540963472798467,0.0],[1029790.451968661393039,5688884.507330064661801,0.0],[1029697.308722448768094,5689006.430104811675847,0.0],[1029680.856812184210867,5689026.287025097757578,0.0]]]}},
{"type":"Feature","properties":{"fid":396,"TIPOLOGIA":"SCAVO","PROVINCIA":"MI","COMUNE":"MILANO","CLUSTER":"3","ROUTE":"14","ENTE":"COMUNE","ENTE 2":null,"LUNGHEZZA":1806.23,"SPAN":"14_1","LOTTO":"5","TRATTA_ID":"TR_0396","ENTE 3":null,"MOTIVO_NO":"Manca autorizz","STATO_AUTORIZZAZIONE":"IN ATTESA","STATO_NULLAOSTA":"NON NECESSARIO","STATO_ORDINANZA":"NON NECESSARIO","PROTOCOLLO_AUT":null,"PRATICA":null,"LAVORABILE":"NO","STATO_LEGENDA":"IN ATTESA","CAMPO AWS":"NOT STARTED"},"geometry":{"type":"MultiLineString","coordinates":[[[1028694.880844717263244,5689836.104349385015666,0.0],[1028688.596669067046605,5689838.997852122411132,0.0],[1028672.039370260084979,5689833.693062709644437,0.0],[1028613.204431893420406,5689864.717611283995211,0.0],[1028606.452883173362352,5689865.039051280356944,0.0],[1028598.576038405299187,5689868.093244329094887,0.0],[1028600.504955400829203,5689877.095333377830684,0.0],[1028600.665580847882666,5689888.347939958795905,0.0],[1028602.273018757812679,5689895.260282118804753,0.0],[1028609.667483650846407,5689906.35223295353353,0.0],[1028614.168383822892793,5689926.691068021580577,0.0],[1028612.400069114053622,5689930.870611285790801,0.0],[1028622.366377656115219,5689969.129859277978539,0.0],[1028639.888023863779381,5690041.707727232016623,0.0],[1028656.123918600846082,5690106.304615296423435,0.0],[1028666.73362153605558,5690154.232164883054793,0.0],[1028649.693378821946681,5690172.236804315820336,0.0],[1028658.495978537946939,5690183.373114829882979,0.0],[1028667.176848663249984,5690182.730117866769433,0.0],[1028676.983003460103646,5690185.62376210000366,0.0],[1028689.039755389792845,5690191.732534454204142,0.0],[1028707.044532220694236,5690200.734914160333574,0.0],[1028726.656931504141539,5690211.344842932187021,0.0],[1028727.621494044666179,5690215.685288952663541,0.0],[1028768.775658751372248,5690237.869665030390024,0.0],[1028771.554729497991502,5690243.594678335823119,0.0],[1028688.90372493409086,5690313.884401953779161,0.0],[1028642.251726818503812,5690358.579481175169349,0.0],[1028610.846879049437121,5690385.758919849991798,0.0],[1028563.800746938679367,5690426.655262608081102,0.0],[1028519.437500325147994,5690464.773940781131387,0.0],[1028510.318988744053058,5690469.821386674419045,0.0],[1028520.902398625272326,5690490.500878625549376,0.0],[1028505.029839441529475,5690505.566492442972958,0.0],[1028504.70404192910064,5690511.265502781607211,0.0],[1028494.690322458627634,5690517.473902983590961,0.0],[1028476.878809075569734,5690528.729247444309294,0.0],[1028494.94089401292149,5690539.53133259806782,0.0],[1028526.314489179058,5690573.593714495189488,0.0],[1028564.184716082178056,5690616.513012883253396,0.0],[1028604.589539189473726,5690663.988034507259727,0.0],[1028635.333306145854294,5690699.56196248345077,0.0],[1028666.312516391975805,5690735.705403666943312,0.0],[1028706.296553241903894,5690782.490448792465031,0.0],[1028738.656069367891178,5690819.329320748336613,0.0],[1028770.135765194194391,5690856.239103078842163,0.0],[1028805.902264802949503,5690896.553458970971406,0.0],[1028810.599108715890907,5690907.542235079221427,0.0],[1028812.071424989961088,5690920.320070758461952,0.0],[1028811.412052480154671,5690929.528335004113615,0.0],[1028808.123505310621113,5690939.230771020054817,0.0],[1028802.491629030788317,5690948.60569104552269,0.0],[1028813.841101140482351,5690968.051318761892617,0.0],[1028792.100784590700641,5690981.91186994779855,0.0],[1028780.67166928073857,5690998.695237754844129,0.0],[1028770.272165442700498,5691007.653246935456991,0.0],[1028759.769679832737893,5691009.197729682549834,0.0],[1028703.109120479668491,5691057.388887603767216,0.0],[1028607.238761607906781,5691137.861435434781015,0.0],[1028595.145780608989298,5691150.241971702314913,0.0],[1028587.422977636102587,5691163.215693973936141,0.0],[1028583.09805809892714,5691177.734025496058166,0.0],[1028567.836028201621957,5691230.246026570908725,0.0],[1028552.533824215759523,5691283.119499579071999,0.0],[1028535.02751612663269,5691345.685250674374402,0.0],[1028518.34485096053686,5691403.474691708572209,0.0],[1028503.210773892118596,5691455.825532521121204,0.0],[1028497.935881200712174,5691477.666705912910402,0.0],[1028498.596644970588386,5691483.728253544308245,0.0],[1028502.913965412299149,5691495.790900970809162,0.0],[1028486.464479799265973,5691517.90133938100189,0.0],[1028487.835720209637657,5691522.994624803774059,0.0],[1028500.764783634222113,5691528.283881138078868,0.0],[1028545.820658167940564,5691580.196376068517566,0.0],[1028617.827522826730274,5691662.334350305609405,0.0],[1028661.392838912433945,5691719.348712669685483,0.0],[1028662.764188818167895,5691723.854386416263878,0.0],[1028659.433950780890882,5691728.751925313845277,0.0],[1028656.29957221832592,5691730.319168400019407,0.0],[1028658.258732557645999,5691745.01166560780257,0.0],[1028683.888135948334821,5691744.087849939242005,0.0]]]}},
{"type":"Feature","properties":{"fid":397,"TIPOLOGIA":"SCAVO","PROVINCIA":"MI","COMUNE":"MILANO","CLUSTER":"3","ROUTE":"14","ENTE":"COMUNE","ENTE 2":null,"LUNGHEZZA":1515.46,"SPAN":"14_1","LOTTO":"5","TRATTA_ID":"TR_0397","ENTE 3":null,"MOTIVO_NO":"Manca autorizz","STATO_AUTORIZZAZIONE":"IN ATTESA","STATO_NULLAOSTA":"NON NECESSARIO","STATO_ORDINANZA":"NON NECESSARIO","PROTOCOLLO_AUT":null,"PRATICA":null,"LAVORABILE":"NO","STATO_LEGENDA":"IN ATTESA","CAMPO AWS":"NOT STARTED"},"geometry":{"type":"MultiLineString","coordinates":[[[1028683.888135948334821,5691744.087849939242005,0.0],[1028705.240562093793415,5691768.813043541274965,0.0],[1028728.823262002202682,5691801.15505706332624,0.0],[1028736.684221168397926,5691819.796691006980836,0.0],[1028739.154830701649189,5691837.427058949135244,0.0],[1028738.481135992798954,5691879.202530598267913,0.0],[1028739.379709319327958,5691957.909541916102171,0.0],[1028739.604579165228643,5692076.744933350011706,0.0],[1028741.401729842415079,5692204.862773394212127,0.0],[1028742.300481246784329,5692329.885842989198864,0.0],[1028743.42383565066848,5692442.120086976327002,0.0],[1028743.424091360648163,5692538.244617275893688,0.0],[1028744.547526809154078,5692665.250789306126535,0.0],[1028746.120177032891661,5692770.646619619801641,0.0],[1028746.345155984861776,5692889.537546906620264,0.0],[1028747.468619249761105,5692998.094266094267368,0.0],[1028749.940037920372561,5693148.537629656493664,0.0],[1028750.839115721872076,5693306.054081525653601,0.0],[1028752.41217257513199,5693471.401610326953232,0.0],[1028753.76061542192474,5693629.658928422257304,0.0],[1028753.086877235211432,5693688.727748901583254,0.0],[1028747.920169347431511,5693732.160806928761303,0.0],[1028730.456846061861143,5693735.025914637371898,0.0],[1028688.140551446354948,5693757.146542461588979,0.0],[1028657.641469340422191,5693782.394722320139408,0.0],[1028648.784016869496554,5693782.159478159621358,0.0],[1028639.868903598282486,5693796.017662708647549,0.0],[1028632.556136691360734,5693811.695769249461591,0.0],[1028634.933388639707118,5693821.169713540934026,0.0]]]}},
{"type":"Feature","properties":{"fid":398,"TIPOLOGIA":"NO DIG","PROVINCIA":"MI","COMUNE":"VIMODRONE","CLUSTER":"3","ROUTE":"4","ENTE":"COMUNE","ENTE 2":null,"LUNGHEZZA":202.85,"SPAN":"4_1_1","LOTTO":"3","TRATTA_ID":"TR_0398","ENTE 3":null,"MOTIVO_NO":"Manca autorizz","STATO_AUTORIZZAZIONE":"IN ATTESA","STATO_NULLAOSTA":"NON NECESSARIO","STATO_ORDINANZA":"NON NECESSARIO","PROTOCOLLO_AUT":null,"PRATICA":null,"LAVORABILE":"NO","STATO_LEGENDA":"IN ATTESA","CAMPO AWS":"NOT STARTED"},"geometry":{"type":"MultiLineString","coordinates":[[[1032050.740869540954009,5702538.692006813362241,0.0],[1032048.114778934395872,5702538.692377361468971,0.0],[1032044.613319873576984,5702538.692870173603296,0.0],[1031783.33150710852351,5702554.478359284810722,0.0],[1031762.470537743647583,5702557.597341521643102,0.0]]]}},
{"type":"Feature","properties":{"fid":399,"TIPOLOGIA":"SCAVO","PROVINCIA":"MI","COMUNE":"MILANO","CLUSTER":"3","ROUTE":"14","ENTE":"COMUNE","ENTE 2":null,"LUNGHEZZA":4641.21,"SPAN":"14_3","LOTTO":"5","TRATTA_ID":"TR_0399","ENTE 3":null,"MOTIVO_NO":"Manca autorizz","STATO_AUTORIZZAZIONE":"IN ATTESA","STATO_NULLAOSTA":"NON NECESSARIO","STATO_ORDINANZA":"NON NECESSARIO","PROTOCOLLO_AUT":null,"PRATICA":null,"LAVORABILE":"NO","STATO_LEGENDA":"IN ATTESA","CAMPO AWS":"NOT STARTED"},"geometry":{"type":"MultiLineString","coordinates":[[[1028262.307055042707361,5694525.121823117136955,0.0],[1028260.458152192295529,5694525.148662610910833,0.0],[1028113.469140921835788,5694525.829416003078222,0.0],[1028067.880486171343364,5694531.316719992086291,0.0],[1028068.795673397253267,5694599.879877846688032,0.0],[1028066.35503245703876,5694753.868826277554035,0.0],[1028066.576992652961053,5694879.44198954384774,0.0],[1028064.801900528371334,5694978.536133267916739,0.0],[1028064.136251133750193,5695085.324519076384604,0.0],[1028062.804891984094866,5695206.758732726797462,0.0],[1028061.695399242686108,5695351.457400964573026,0.0],[1028060.585867833113298,5695524.63681295979768,0.0],[1028060.142035262659192,5695644.364891091361642,0.0],[1028059.032479440444149,5695674.663778716698289,0.0],[1028056.742179607274011,5695851.63168048299849,0.0],[1028053.676494025741704,5696056.648411390371621,0.0],[1028051.530312279122882,5696279.861297868192196,0.0],[1028049.6908080491703,5696383.270860004238784,0.0],[1028049.796192535897717,5696396.774463513866067,0.0],[1027996.411434594192542,5696394.685317184776068,0.0],[1027980.860148931154981,5696402.344760961830616,0.0],[1027980.627694930532016,5696451.319658482447267,0.0],[1027979.234087473829277,5696569.049010082148015,0.0],[1027979.233330806018785,5696666.294159836135805,0.0],[1027978.304033046006225,5696772.232984742149711,0.0],[1027976.213907076977193,5696904.458334377966821,0.0],[1027976.67730924859643,5697009.954136962071061,0.0],[1027975.283505910192616,5697139.340396052226424,0.0],[1027973.192320161149837,5697267.772146738134325,0.0],[1027972.262500167591497,5697420.225407148711383,0.0],[1027969.731971845612861,5697507.350140022113919,0.0],[1027969.061633868841454,5697583.023634980432689,0.0],[1027968.108000534004532,5697713.20638463459909,0.0],[1027967.869606772554107,5697816.131072835065424,0.0],[1027966.439073718735017,5697908.564970436505973,0.0],[1027965.843011694145389,5698002.237704297527671,0.0],[1027967.273588539450429,5698028.688077815808356,0.0],[1027961.671599598717876,5698066.685286302119493,0.0],[1027757.152254421729594,5697965.774938664399087,0.0],[1027562.098078280221671,5697867.873584597371519,0.0],[1027384.716476492583752,5697779.735402337275445,0.0],[1027192.48206638568081,5697686.020227989181876,0.0],[1026971.443287098081782,5697576.939830465242267,0.0],[1026850.25196220795624,5697514.211221466772258,0.0],[1026835.032949488726445,5697531.913144146092236,0.0],[1026801.600190797820687,5697550.36258256342262,0.0],[1026780.848265346139669,5697555.552412819117308,0.0],[1026754.619593417621218,5697555.554544299840927,0.0],[1026725.79590563417878,5697542.874810273759067,0.0],[1026711.673179052420892,5697548.063961488194764,0.0],[1026673.917438415577635,5697576.889465282671154,0.0],[1026579.482142609427683,5697644.08944820612669,0.0],[1026492.459211716195568,5697705.436527404002845,0.0],[1026475.742792600183748,5697726.766565802507102,0.0],[1026469.638016306213103,5697725.0374740306288,0.0],[1026420.063363833469339,5697757.898352621123195,0.0],[1026300.900111176422797,5697843.135113209486008,0.0],[1026277.417799010872841,5697858.34627402946353,0.0],[1026270.325480570201762,5697874.701078739948571,0.0],[1026260.991187606123276,5697874.151905003935099,0.0],[1026186.279446318279952,5697927.429849854670465,0.0],[1026108.805312064476311,5697984.028305847197771,0.0],[1026080.223786852555349,5698007.584781128913164,0.0],[1026071.711868666228838,5698017.146521932445467,0.0],[1026065.330141008482315,5698018.868695409968495,0.0],[1026058.880399252055213,5698006.745052247308195,0.0],[1026008.144716121605597,5698030.487685307860374,0.0],[1026006.720444642705843,5698107.398632822558284,0.0],[1026005.505102389142849,5698243.325554342009127,0.0],[1026003.311819277703762,5698295.548533888533711,0.0],[1025967.190006062155589,5698322.223494127392769,0.0],[1025947.60620452708099,5698335.168601003475487,0.0],[1025944.465067671611905,5698343.488478230312467,0.0],[1025885.775314085534774,5698379.156862459145486,0.0],[1025855.459849699633196,5698401.757206965237856,0.0],[1025878.768360774498433,5698437.793183791451156,0.0],[1025920.687105024815537,5698409.308262835256755,0.0],[1025927.843541306327097,5698414.426812100224197,0.0]]]}},
{"type":"Feature","properties":{"fid":400,"TIPOLOGIA":"SCAVO","PROVINCIA":"MI","COMUNE":"MILANO","CLUSTER":"3","ROUTE":"39","ENTE":"COMUNE","ENTE 2":"AUTOSTRADE","LUNGHEZZA":543.68,"SPAN":"39_1","LOTTO":"5","TRATTA_ID":"TR_0400","ENTE 3":null,"MOTIVO_NO":"Manca autorizz","STATO_AUTORIZZAZIONE":"IN ATTESA","STATO_NULLAOSTA":"NON NECESSARIO","STATO_ORDINANZA":"NON NECESSARIO","PROTOCOLLO_AUT":null,"PRATICA":null,"LAVORABILE":"NO","STATO_LEGENDA":"IN ATTESA","CAMPO AWS":"NOT STARTED"},"geometry":{"type":"MultiLineString","coordinates":[[[1029223.575724921538495,5694533.24047243129462,0.0],[1029278.05023734131828,5694530.589364048093557,0.0],[1029419.470704159815796,5694529.698678661137819,0.0],[1029554.176106080762111,5694528.593493454158306,0.0],[1029700.789603780023754,5694526.634173564612865,0.0],[1029997.315308670047671,5694524.011350145563483,0.0]]]}},
{"type":"Feature","properties":{"fid":401,"TIPOLOGIA":"NO DIG","PROVINCIA":"MI","COMUNE":"VIMODRONE","CLUSTER":"3","ROUTE":"4","ENTE":"ANAS","ENTE 2":"COMUNE","LUNGHEZZA":283.89,"SPAN":"4_1_1","LOTTO":"3","TRATTA_ID":"TR_0401","ENTE 3":null,"MOTIVO_NO":"Manca autorizz","STATO_AUTORIZZAZIONE":"IN ATTESA","STATO_NULLAOSTA":"NON NECESSARIO","STATO_ORDINANZA":"NON NECESSARIO","PROTOCOLLO_AUT":null,"PRATICA":null,"LAVORABILE":"NO","STATO_LEGENDA":"IN ATTESA","CAMPO AWS":"NOT STARTED"},"geometry":{"type":"MultiLineString","coordinates":[[[1035728.769054583506659,5702724.943905022926629,0.0],[1035646.374406775226817,5702724.638374230824411,0.0],[1035385.66061633254867,5702745.49449747055769,0.0],[1035325.16131729062181,5702745.083553325384855,0.0]]]}},
{"type":"Feature","properties":{"fid":402,"TIPOLOGIA":"NO DIG","PROVINCIA":"PV","COMUNE":"VIDIGULFO","CLUSTER":"5","ROUTE":"26","ENTE":"PROVINCIA DI PAVIA","ENTE 2":null,"LUNGHEZZA":1341.63,"SPAN":"26_3","LOTTO":"8","TRATTA_ID":"TR_0402","ENTE 3":null,"MOTIVO_NO":"Manca autorizz","STATO_AUTORIZZAZIONE":"IN REDAZIONE","STATO_NULLAOSTA":"NON NECESSARIO","STATO_ORDINANZA":"NON NECESSARIO","PROTOCOLLO_AUT":null,"PRATICA":"AUT/2/8","LAVORABILE":"NO","STATO_LEGENDA":"IN REDAZIONE","CAMPO AWS":"NOT STARTED"},"geometry":{"type":"MultiLineString","coordinates":[[[1025548.234662798116915,5666431.58363963663578,0.0],[1025490.202032428001985,5665651.792321864515543,0.0],[1025450.022189497249201,5665402.475909451954067,0.0],[1025407.421995880198665,5665116.425900594331324,0.0],[1025389.046995772863738,5664947.717391875572503,0.0],[1025377.82541650312487,5664859.956743790768087,0.0],[1025370.770015081274323,5664765.376259034499526,0.0],[1025378.368602670845576,5664709.146334688179195,0.0],[1025398.730044741765596,5664617.939577588811517,0.0],[1025405.425187837565318,5664563.987573408521712,0.0],[1025409.076955407159403,5664535.812887515872717,0.0]]]}},
{"type":"Feature","properties":{"fid":404,"TIPOLOGIA":"NO DIG","PROVINCIA":"PV","COMUNE":"BORNASCO","CLUSTER":"5","ROUTE":"27","ENTE":"PROVINCIA DI PAVIA","ENTE 2":null,"LUNGHEZZA":563.22,"SPAN":"27_1","LOTTO":"8","TRATTA_ID":"TR_0404","ENTE 3":null,"MOTIVO_NO":"Manca autorizz","STATO_AUTORIZZAZIONE":"IN REDAZIONE","STATO_NULLAOSTA":"NON NECESSARIO","STATO_ORDINANZA":"NON NECESSARIO","PROTOCOLLO_AUT":null,"PRATICA":"AUT/3/8","LAVORABILE":"NO","STATO_LEGENDA":"IN REDAZIONE","CAMPO AWS":"NOT STARTED"},"geometry":{"type":"MultiLineString","coordinates":[[[1025089.416036012582481,5663337.305774040520191,0.0],[1025104.769237225875258,5663324.979666759259999,0.0],[1025122.992492717108689,5663321.271084091626108,0.0],[1025159.38556597114075,5663318.105087998323143,0.0],[1025180.967087730066851,5663320.732836474664509,0.0],[1025220.572221501381136,5663318.093763867393136,0.0],[1025258.263020286452956,5663323.360627281479537,0.0],[1025289.164053230080754,5663332.955698640085757,0.0],[1025333.338357069413178,5663349.815116849727929,0.0],[1025383.93079333298374,5663357.983848548494279,0.0],[1025424.965325684868731,5663367.8387272330001,0.0],[1025481.957036477746442,5663384.135834091342986,0.0],[1025572.765870705712587,5663405.16362667363137,0.0],[1025645.156141227926128,5663418.801965724676847,0.0],[1025711.597574221086688,5663427.42148232832551,0.0],[1025761.686765520018525,5663435.064264975488186,0.0],[1025815.08928868570365,5663444.770130900666118,0.0],[1025845.861713850637898,5663446.669068555347621,0.0],[1025865.431650535552762,5663448.578327754512429,0.0],[1025865.744796825107187,5663445.570929587818682,0.0]]]}},
{"type":"Feature","properties":{"fid":405,"TIPOLOGIA":"NO DIG","PROVINCIA":"PV","COMUNE":"BORNASCO","CLUSTER":"5","ROUTE":"27","ENTE":"COMUNE","ENTE 2":null,"LUNGHEZZA":625.08,"SPAN":"27_1","LOTTO":"8","TRATTA_ID":"TR_0405","ENTE 3":null,"MOTIVO_NO":"Manca autorizz","STATO_AUTORIZZAZIONE":"IN REDAZIONE","STATO_NULLAOSTA":"NON NECESSARIO","STATO_ORDINANZA":"NON NECESSARIO","PROTOCOLLO_AUT":null,"PRATICA":"AUT/4/8","LAVORABILE":"NO","STATO_LEGENDA":"IN REDAZIONE","CAMPO AWS":"NOT STARTED"},"geometry":{"type":"MultiLineString","coordinates":[[[1025865.744796825107187,5663445.570929587818682,0.0],[1025867.661995556787588,5663427.158534910529852,0.0],[1025874.261599343735725,5663391.301519012078643,0.0],[1025881.727892685914412,5663340.690897228196263,0.0],[1025887.182058883132413,5663305.982058063149452,0.0],[1025889.439428597339429,5663292.431504542008042,0.0],[1025895.696520760306157,5663277.589243676513433,0.0],[1025903.655579830985516,5663265.374891120009124,0.0],[1025911.529687623260543,5663261.5758136222139,0.0],[1025912.368189183529466,5663260.630597500130534,0.0],[1025924.337606943561696,5663252.509977038949728,0.0],[1025935.173209714586847,5663250.652727643027902,0.0],[1025980.382780245621689,5663249.623470926657319,0.0],[1026033.572645610314794,5663247.986120390705764,0.0],[1026069.001964146154933,5663246.357346005737782,0.0],[1026111.915860428009182,5663245.539833725430071,0.0],[1026150.946467517060228,5663244.320945254527032,0.0],[1026224.673575725755654,5663243.838462663814425,0.0],[1026285.721317145042121,5663242.90025233104825,0.0],[1026329.1293724111747,5663241.966640278697014,0.0],[1026370.787868710816838,5663241.958691262640059,0.0],[1026401.483369189547375,5663241.952756618149579,0.0],[1026428.988958978909068,5663241.023428361862898,0.0],[1026452.488965839613229,5663242.868190467357635,0.0],[1026479.353764150291681,5663253.613514931872487,0.0],[1026499.319024552009068,5663275.235608082264662,0.0],[1026529.100025429390371,5663317.30684366542846,0.0],[1026554.360284619848244,5663332.180104474537075,0.0],[1026563.418155441409908,5663329.213784191757441,0.0]]]}},
{"type":"Feature","properties":{"fid":406,"TIPOLOGIA":"NO DIG","PROVINCIA":"PV","COMUNE":"BORNASCO","CLUSTER":"5","ROUTE":"27","ENTE":"PROVINCIA DI PAVIA","ENTE 2":null,"LUNGHEZZA":1167.26,"SPAN":"27_1","LOTTO":"8","TRATTA_ID":"TR_0406","ENTE 3":null,"MOTIVO_NO":"Manca autorizz","STATO_AUTORIZZAZIONE":"IN REDAZIONE","STATO_NULLAOSTA":"NON NECESSARIO","STATO_ORDINANZA":"NON NECESSARIO","PROTOCOLLO_AUT":null,"PRATICA":"AUT/3/8","LAVORABILE":"NO","STATO_LEGENDA":"IN REDAZIONE","CAMPO AWS":"NOT STARTED"},"geometry":{"type":"MultiLineString","coordinates":[[[1027045.815820826916024,5663344.199889692477882,0.0],[1027049.753680148511194,5663351.306024867109954,0.0],[1027047.951005795039237,5663359.858207939192653,0.0],[1027044.847312263562344,5663381.797899669967592,0.0],[1027045.455528048449196,5663401.424374296329916,0.0],[1027054.925166470580734,5663421.119471391662955,0.0],[1027088.851392834680155,5663485.808555526658893,0.0],[1027106.037890785490163,5663518.078317841514945,0.0],[1027120.240266219945624,5663540.285834902897477,0.0],[1027132.182502316078171,5663551.753515987657011,0.0],[1027146.687311473768204,5663555.305626330897212,0.0],[1027175.679722902132198,5663564.457563429139555,0.0],[1027202.287191099021584,5663573.149817939847708,0.0],[1027232.026127807796001,5663588.205214174464345,0.0],[1027268.767455023364164,5663608.277753698639572,0.0],[1027368.956790067371912,5663661.678665405139327,0.0],[1027405.526799889048561,5663681.620925242081285,0.0],[1027444.041701693320647,5663709.122430793009698,0.0],[1027487.51555099489633,5663740.119684250093997,0.0],[1027543.559505604440346,5663765.789811191149056,0.0],[1027562.561153567628935,5663771.027872788719833,0.0],[1027595.132691473932937,5663771.722911144606769,0.0],[1027630.533881198614836,5663769.842852496542037,0.0],[1027655.266935737105086,5663773.602564423345029,0.0],[1027685.162174572236836,5663781.590437768027186,0.0],[1027704.490472632227466,5663784.663406732492149,0.0],[1027737.631755418842658,5663790.863864712417126,0.0],[1027766.893612184328958,5663793.59588681999594,0.0],[1027788.134609325788915,5663804.285370021127164,0.0],[1027817.042853034567088,5663826.730287903919816,0.0],[1027891.681313654640689,5663884.338609141297638,0.0],[1027934.56387927220203,5663914.062164478003979,0.0],[1027964.715339303947985,5663933.329559264704585,0.0],[1027991.164410454686731,5663950.646443100646138,0.0],[1028005.923620308167301,5663959.21645163372159,0.0],[1028026.266206039232202,5663965.327848391607404,0.0],[1028044.65732551261317,5663965.323691396974027,0.0],[1028064.511317860684358,5663966.343737721443176,0.0],[1028084.814434226136655,5663964.040590219199657,0.0],[1028106.383577503962442,5663964.035731622949243,0.0],[1028129.760109836002812,5663965.151085360907018,0.0],[1028146.808153379941359,5663974.944821318611503,0.0],[1028164.095822140341625,5663987.213456440716982,0.0],[1028176.871518903179094,5663999.72579213604331,0.0],[1028188.820116997812875,5664016.935379389673471,0.0],[1028203.9070640594,5664036.096661432646215,0.0],[1028228.351346554001793,5664069.993439608253539,0.0],[1028239.181963457376696,5664084.032712026499212,0.0],[1028267.110665082931519,5664106.224338673055172,0.0],[1028297.811003706301562,5664130.355886427685618,0.0],[1028317.628545351792127,5664143.170668138191104,0.0],[1028342.682582089328207,5664151.006022863090038,0.0],[1028368.584002010524273,5664151.336440480314195,0.0],[1028369.420959659619257,5664152.762661474756896,0.0]]]}},
{"type":"Feature","properties":{"fid":407,"TIPOLOGIA":"NO DIG","PROVINCIA":"MI","COMUNE":"LACCHIARELLA","CLUSTER":"2","ROUTE":"7","ENTE":"COMUNE","ENTE 2":"RFI","LUNGHEZZA":30.34,"SPAN":"7_2","LOTTO":"2B","TRATTA_ID":"TR_0407","ENTE 3":null,"MOTIVO_NO":null,"STATO_AUTORIZZAZIONE":"OTTENUTO","STATO_NULLAOSTA":"PROTOCOLLATO INTEGRAZIONE","STATO_ORDINANZA":"NON NECESSARIO","PROTOCOLLO_AUT":null,"PRATICA":"AUT/9/2B | NO/5/2B","LAVORABILE":"SI","STATO_LEGENDA":"OTTENUTO","CAMPO AWS":"APPROVAL"},"geometry":{"type":"MultiLineString","coordinates":[[[1023050.802103312918916,5671924.12175568100065,0.0],[1023011.31089300988242,5671941.370565806515515,0.0]]]}},
{"type":"Feature","properties":{"fid":408,"TIPOLOGIA":"NO DIG","PROVINCIA":"MI","COMUNE":"LACCHIARELLA","CLUSTER":"2","ROUTE":"7","ENTE":"COMUNE","ENTE 2":null,"LUNGHEZZA":412.44,"SPAN":"7_2","LOTTO":"2B","TRATTA_ID":"TR_0408","ENTE 3":null,"MOTIVO_NO":null,"STATO_AUTORIZZAZIONE":"OTTENUTO","STATO_NULLAOSTA":"NON NECESSARIO","STATO_ORDINANZA":"NON NECESSARIO","PROTOCOLLO_AUT":null,"PRATICA":"AUT/9/2B","LAVORABILE":"SI","STATO_LEGENDA":"OTTENUTO","CAMPO AWS":"APPROVAL"},"geometry":{"type":"MultiLineString","coordinates":[[[1023615.76917277649045,5671869.057819599285722,0.0],[1023417.328808612655848,5671900.783789030276239,0.0],[1023280.717124024755321,5671927.737561488524079,0.0],[1023208.295055160648189,5671948.021451639942825,0.0],[1023157.739907775190659,5671962.882165803574026,0.0],[1023133.258470153086819,5671946.409708756953478,0.0],[1023102.599430910660885,5671928.597739517688751,0.0],[1023055.178841655957513,5671922.21010376047343,0.0],[1023050.802103312918916,5671924.12175568100065,0.0]]]}},
{"type":"Feature","properties":{"fid":411,"TIPOLOGIA":"NO DIG","PROVINCIA":"MI","COMUNE":"LACCHIARELLA","CLUSTER":"2","ROUTE":"13","ENTE":"PROVINCIA DI MILANO","ENTE 2":null,"LUNGHEZZA":1918.64,"SPAN":"13_1","LOTTO":"2A","TRATTA_ID":"TR_0411","ENTE 3":null,"MOTIVO_NO":null,"STATO_AUTORIZZAZIONE":"OTTENUTO","STATO_NULLAOSTA":"NON NECESSARIO","STATO_ORDINANZA":"NON NECESSARIO","PROTOCOLLO_AUT":"2026/04/03","PRATICA":"AUT/6/2A","LAVORABILE":"SI","STATO_LEGENDA":"OTTENUTO","CAMPO AWS":"APPROVAL"},"geometry":{"type":"MultiLineString","coordinates":[[[1020999.030051745474339,5673562.420550990849733,0.0],[1022519.978531377622858,5673705.575496944598854,0.0],[1022892.711103162262589,5673718.57834844943136,0.0],[1022977.194243840174749,5673728.375483164563775,0.0],[1023152.384914466179907,5673649.431110844947398,0.0],[1023202.821670010103844,5673588.159106330946088,0.0],[1023297.730010539060459,5673533.040169542655349,0.0],[1023569.487479833420366,5673299.283896417357028,0.0]]]}},
{"type":"Feature","properties":{"fid":413,"TIPOLOGIA":"NO DIG","PROVINCIA":"MI","COMUNE":"BASIGLIO","CLUSTER":"2","ROUTE":"13","ENTE":"PROVINCIA DI MILANO","ENTE 2":null,"LUNGHEZZA":271.28,"SPAN":"13_1","LOTTO":"2A","TRATTA_ID":"TR_0413","ENTE 3":null,"MOTIVO_NO":null,"STATO_AUTORIZZAZIONE":"OTTENUTO","STATO_NULLAOSTA":"NON NECESSARIO","STATO_ORDINANZA":"NON NECESSARIO","PROTOCOLLO_AUT":"2026/04/03","PRATICA":"AUT/6/2A","LAVORABILE":"SI","STATO_LEGENDA":"OTTENUTO","CAMPO AWS":"APPROVAL"},"geometry":{"type":"MultiLineString","coordinates":[[[1020618.177854823879898,5673559.301362686790526,0.0],[1020692.928154108580202,5673536.755565705709159,0.0],[1020999.030051745474339,5673562.420550990849733,0.0]]]}},
{"type":"Feature","properties":{"fid":415,"TIPOLOGIA":"NO DIG","PROVINCIA":"MI","COMUNE":"LACCHIARELLA","CLUSTER":"2","ROUTE":"13","ENTE":"COMUNE","ENTE 2":null,"LUNGHEZZA":639.02,"SPAN":"13_1","LOTTO":"2A","TRATTA_ID":"TR_0415","ENTE 3":null,"MOTIVO_NO":null,"STATO_AUTORIZZAZIONE":"OTTENUTO","STATO_NULLAOSTA":"INVIATO","STATO_ORDINANZA":"NON NECESSARIO","PROTOCOLLO_AUT":"2026/03/17","PRATICA":"AUT/2/2A | NO/16/2A","LAVORABILE":"SI","STATO_LEGENDA":"OTTENUTO","CAMPO AWS":"APPROVAL"},"geometry":{"type":"MultiLineString","coordinates":[[[1020265.465304727200419,5674289.569051684811711,0.0],[1020235.574986501946114,5674244.811821255832911,0.0],[1020200.363878645119257,5674197.863677446730435,0.0],[1020187.218398378347047,5674141.525904875248671,0.0],[1020197.859977641957812,5674080.806305549107492,0.0],[1020505.129256361396983,5673642.393217328935862,0.0],[1020576.40565346647054,5673577.098560439422727,0.0],[1020618.177854823879898,5673559.301362686790526,0.0]]]}},
{"type":"Feature","properties":{"fid":416,"TIPOLOGIA":"SCAVO","PROVINCIA":"MI","COMUNE":"ROZZANO","CLUSTER":"2","ROUTE":"13","ENTE":"COMUNE","ENTE 2":null,"LUNGHEZZA":436.94,"SPAN":"13_1","LOTTO":"2A","TRATTA_ID":"TR_0416","ENTE 3":null,"MOTIVO_NO":null,"STATO_AUTORIZZAZIONE":"OTTENUTO","STATO_NULLAOSTA":"INVIATO","STATO_ORDINANZA":"NON NECESSARIO","PROTOCOLLO_AUT":"2026/03/17","PRATICA":"AUT/3/2A | NO/15/2A","LAVORABILE":"SI","STATO_LEGENDA":"OTTENUTO","CAMPO AWS":"APPROVAL"},"geometry":{"type":"MultiLineString","coordinates":[[[1017317.366275898180902,5680298.486597745679319,0.0],[1017326.599410847411491,5680288.314499921165407,0.0],[1017374.100483376183547,5680247.173985729925334,0.0],[1017400.234616040368564,5680212.865443436428905,0.0],[1017443.519146206090227,5680193.446184158325195,0.0],[1017467.930861976346932,5680190.835364002734423,0.0],[1017542.088198709534481,5680208.523346050642431,0.0],[1017708.115091986372136,5680270.524576813913882,0.0],[1017876.117913873167709,5680323.408654284663498,0.0]]]}},
{"type":"Feature","properties":{"fid":417,"TIPOLOGIA":"NO DIG","PROVINCIA":"MI","COMUNE":"BASIGLIO","CLUSTER":"2","ROUTE":"13","ENTE":"PROVINCIA DI MILANO","ENTE 2":"COMUNE","LUNGHEZZA":1620.95,"SPAN":"13_1","LOTTO":"2A","TRATTA_ID":"TR_0417","ENTE 3":null,"MOTIVO_NO":null,"STATO_AUTORIZZAZIONE":"OTTENUTO","STATO_NULLAOSTA":"NON NECESSARIO","STATO_ORDINANZA":"NON NECESSARIO","PROTOCOLLO_AUT":"2026/04/24","PRATICA":"AUT/7/2A","LAVORABILE":"SI","STATO_LEGENDA":"OTTENUTO","CAMPO AWS":"APPROVAL"},"geometry":{"type":"MultiLineString","coordinates":[[[1018918.333431990002282,5679337.770594558678567,0.0],[1018940.604916347307153,5679308.073232025839388,0.0],[1019003.247727628215216,5679254.66859888471663,0.0],[1019053.566195659455843,5679201.264542445540428,0.0],[1019083.346025419887155,5679166.346694521605968,0.0],[1019111.069508061162196,5679091.37812926620245,0.0],[1019133.319904074422084,5679038.597331519238651,0.0],[1019152.750145602622069,5679004.060950514860451,0.0],[1019165.634863729705103,5678984.054171442054212,0.0],[1019196.793695964268409,5678958.522025194019079,0.0],[1019277.77402150304988,5678876.926959265954792,0.0],[1019296.2958724796772,5678855.458426517434418,0.0],[1019323.336022817296907,5678807.135093932040036,0.0],[1019337.391742952633649,5678786.091052546165884,0.0],[1019348.666993579943664,5678746.484577437862754,0.0],[1019354.959399451734498,5678689.006162975914776,0.0],[1019357.167285928502679,5678666.426130064763129,0.0],[1019347.78465277433861,5678612.598977600224316,0.0],[1019340.285811554407701,5678574.681969908066094,0.0],[1019329.582075071288273,5678534.747397045604885,0.0],[1019282.45398881030269,5678442.119092838838696,0.0],[1019255.524826910579577,5678379.944293103180826,0.0],[1019240.030792241333984,5678343.102636327035725,0.0],[1019234.529277527472004,5678290.222574537619948,0.0],[1019229.689344163285568,5678246.250937582924962,0.0],[1019226.371879884973168,5678188.130918499082327,0.0],[1019241.37908178998623,5678107.709502738900483,0.0],[1019260.997945063514635,5678036.942427680827677,0.0],[1019289.576897540362552,5677973.69817569386214,0.0],[1019334.441444370662794,5677890.90019796974957,0.0],[1019388.432602772954851,5677822.662413580343127,0.0],[1019522.140422235708684,5677694.730333625338972,0.0],[1019626.844167332397774,5677619.066959485411644,0.0],[1019780.241138422279619,5677527.45179730374366,0.0],[1019850.560946026584134,5677484.938486920669675,0.0]]]}},
{"type":"Feature","properties":{"fid":418,"TIPOLOGIA":"NO DIG","PROVINCIA":"MI","COMUNE":"BASIGLIO","CLUSTER":"2","ROUTE":"13","ENTE":"PROVINCIA DI MILANO","ENTE 2":null,"LUNGHEZZA":68.76,"SPAN":"13_1","LOTTO":"2A","TRATTA_ID":"TR_0418","ENTE 3":null,"MOTIVO_NO":null,"STATO_AUTORIZZAZIONE":"OTTENUTO","STATO_NULLAOSTA":"NON NECESSARIO","STATO_ORDINANZA":"NON NECESSARIO","PROTOCOLLO_AUT":"2026/04/24","PRATICA":"AUT/7/2A","LAVORABILE":"SI","STATO_LEGENDA":"OTTENUTO","CAMPO AWS":"APPROVAL"},"geometry":{"type":"MultiLineString","coordinates":[[[1018864.521896494319662,5679419.550108014605939,0.0],[1018875.237501193536445,5679401.650037645362318,0.0],[1018915.958677165908739,5679340.937158721499145,0.0],[1018918.333431990002282,5679337.770594558678567,0.0]]]}},
{"type":"Feature","properties":{"fid":419,"TIPOLOGIA":"NO DIG","PROVINCIA":"MI","COMUNE":"ROZZANO","CLUSTER":"2","ROUTE":"13","ENTE":"COMUNE","ENTE 2":null,"LUNGHEZZA":811.87,"SPAN":"13_1","LOTTO":"2A","TRATTA_ID":"TR_0419","ENTE 3":null,"MOTIVO_NO":null,"STATO_AUTORIZZAZIONE":"OTTENUTO","STATO_NULLAOSTA":"INVIATO","STATO_ORDINANZA":"NON NECESSARIO","PROTOCOLLO_AUT":"2026/03/17","PRATICA":"AUT/3/2A | NO/15/2A","LAVORABILE":"SI","STATO_LEGENDA":"OTTENUTO","CAMPO AWS":"APPROVAL"},"geometry":{"type":"MultiLineString","coordinates":[[[1018331.4365205001086,5680413.40668326895684,0.0],[1018367.051624414860271,5680347.887860985472798,0.0],[1018376.976219995412976,5680259.573265385814011,0.0],[1018409.350771238096058,5680152.452703270129859,0.0],[1018421.266265996615402,5680089.565734320320189,0.0],[1018429.721896561561152,5680018.502406920306385,0.0],[1018439.283077637664974,5679981.488712987862527,0.0],[1018498.380421366542578,5679909.189473333768547,0.0],[1018723.525906532886438,5679655.082669640891254,0.0],[1018864.521896494319662,5679419.550108014605939,0.0]]]}},
{"type":"Feature","properties":{"fid":420,"TIPOLOGIA":"NO DIG","PROVINCIA":"MI","COMUNE":"ZIBIDO SAN GIACOMO","CLUSTER":"2","ROUTE":"10","ENTE":"COMUNE","ENTE 2":"SERRAVALLE","LUNGHEZZA":74.04,"SPAN":"10","LOTTO":"2B","TRATTA_ID":"TR_0420","ENTE 3":null,"MOTIVO_NO":"Manca autorizz","STATO_AUTORIZZAZIONE":"PROTOCOLLATO INTEGRAZIONE","STATO_NULLAOSTA":"NON NECESSARIO","STATO_ORDINANZA":"NON NECESSARIO","PROTOCOLLO_AUT":"2026/02/28","PRATICA":"AUT/4/2B","LAVORABILE":"NO","STATO_LEGENDA":"PROTOCOLLATO INTEGRAZIONE","CAMPO AWS":"ON GOING"},"geometry":{"type":"MultiLineString","coordinates":[[[1014373.203595054801553,5677584.231898105703294,0.0],[1014379.184946050518192,5677689.601349789649248,0.0]]]}},
{"type":"Feature","properties":{"fid":421,"TIPOLOGIA":"NO DIG","PROVINCIA":"MI","COMUNE":"ZIBIDO SAN GIACOMO","CLUSTER":"2","ROUTE":"10","ENTE":"PROVINCIA DI MILANO","ENTE 2":"","LUNGHEZZA":1848.81,"SPAN":"10","LOTTO":"2B","TRATTA_ID":"TR_0421","ENTE 3":null,"MOTIVO_NO":null,"STATO_AUTORIZZAZIONE":"OTTENUTO","STATO_NULLAOSTA":"NON NECESSARIO","STATO_ORDINANZA":"NON NECESSARIO","PROTOCOLLO_AUT":"2026/03/24","PRATICA":"AUT/2/2B","LAVORABILE":"SI","STATO_LEGENDA":"OTTENUTO","CAMPO AWS":"APPROVAL"},"geometry":{"type":"MultiLineString","coordinates":[[[1014174.709383671404794,5675157.936791623942554,0.0],[1014607.103909001802094,5675698.862405988387764,0.0],[1014606.392495639622211,5675717.876773345284164,0.0],[1014509.121180775924586,5675851.232875582762063,0.0],[1014471.789800764061511,5675906.598189735785127,0.0],[1014450.696635962463915,5675958.48378146160394,0.0],[1014453.02379187149927,5675983.898371099494398,0.0],[1014442.545565506094135,5676111.007337023504078,0.0],[1014429.979054438881576,5676269.739396494813263,0.0],[1014421.176345062907785,5676409.792370864190161,0.0],[1014410.73982384277042,5676565.835561200045049,0.0],[1014405.069290751940571,5676680.171284849755466,0.0],[1014376.356640770565718,5676916.473844678141177,0.0],[1014353.554501973092556,5677013.833882141858339,0.0],[1014345.658092270605266,5677416.520216876640916,0.0],[1014373.203595054801553,5677584.231898105703294,0.0]]]}},
{"type":"Feature","properties":{"fid":422,"TIPOLOGIA":"NO DIG","PROVINCIA":"MI","COMUNE":"ZIBIDO SAN GIACOMO","CLUSTER":"2","ROUTE":"10","ENTE":"COMUNE","ENTE 2":"SOPRINTENDENZA","LUNGHEZZA":266.11,"SPAN":"10","LOTTO":"2B","TRATTA_ID":"TR_0422","ENTE 3":null,"MOTIVO_NO":"Manca nulla osta","STATO_AUTORIZZAZIONE":"OTTENUTO","STATO_NULLAOSTA":"INVIATO","STATO_ORDINANZA":"NON NECESSARIO","PROTOCOLLO_AUT":"2026/03/12","PRATICA":"AUT/7/2B | NO/12/2B | NO/13/2B","LAVORABILE":"NO","STATO_LEGENDA":"OTTENUTO","CAMPO AWS":"APPROVAL"},"geometry":{"type":"MultiLineString","coordinates":[[[1015661.233693008660339,5679486.875314914621413,0.0],[1015676.209219754207879,5679480.95350503642112,0.0],[1015724.270602341974154,5679450.37866098433733,0.0],[1015834.006543243885972,5679384.027966997586191,0.0],[1015878.433591171982698,5679364.837770541198552,0.0],[1015993.388053542817943,5679306.946234777569771,0.0]]]}},
{"type":"Feature","properties":{"fid":423,"TIPOLOGIA":"NO DIG","PROVINCIA":"MI","COMUNE":"ZIBIDO SAN GIACOMO","CLUSTER":"2","ROUTE":"10","ENTE":"COMUNE","ENTE 2":"SERRAVALLE","LUNGHEZZA":379.71,"SPAN":"10","LOTTO":"2B","TRATTA_ID":"TR_0423","ENTE 3":null,"MOTIVO_NO":"Manca nulla osta","STATO_AUTORIZZAZIONE":"OTTENUTO","STATO_NULLAOSTA":"PROTOCOLLATO INTEGRAZIONE","STATO_ORDINANZA":"NON NECESSARIO","PROTOCOLLO_AUT":"2026/03/12","PRATICA":"AUT/7/2B | NO/12/2B | NO/3/2B | NO/13/2B","LAVORABILE":"NO","STATO_LEGENDA":"OTTENUTO","CAMPO AWS":"APPROVAL"},"geometry":{"type":"MultiLineString","coordinates":[[[1015309.444218664895743,5679218.5365025177598,0.0],[1015375.876772719318978,5679153.881393459625542,0.0],[1015550.706574811250903,5679411.801264437846839,0.0],[1015585.46225216682069,5679447.715377437882125,0.0],[1015651.76908690657001,5679486.458304618485272,0.0],[1015661.233693008660339,5679486.875314914621413,0.0]]]}},
{"type":"Feature","properties":{"fid":424,"TIPOLOGIA":"NO DIG","PROVINCIA":"MI","COMUNE":"ZIBIDO SAN GIACOMO","CLUSTER":"2","ROUTE":"10","ENTE":"COMUNE","ENTE 2":"SOPRINTENDENZA","LUNGHEZZA":453.49,"SPAN":"10","LOTTO":"2B","TRATTA_ID":"TR_0424","ENTE 3":null,"MOTIVO_NO":null,"STATO_AUTORIZZAZIONE":"OTTENUTO","STATO_NULLAOSTA":"INVIATO","STATO_ORDINANZA":"NON NECESSARIO","PROTOCOLLO_AUT":"2026/03/12","PRATICA":"AUT/7/2B | NO/12/2B | NO/13/2B","LAVORABILE":"SI","STATO_LEGENDA":"OTTENUTO","CAMPO AWS":"APPROVAL"},"geometry":{"type":"MultiLineString","coordinates":[[[1014984.053968274733052,5679709.418232398107648,0.0],[1015103.563936857506633,5679702.361870001070201,0.0],[1015145.411773834843189,5679585.040989248082042,0.0],[1015236.154360082116909,5679382.012048899196088,0.0],[1015258.836426200694405,5679329.279182869009674,0.0],[1015279.772676582098939,5679280.062417036853731,0.0],[1015309.444218664895743,5679218.5365025177598,0.0]]]}},
{"type":"Feature","properties":{"fid":425,"TIPOLOGIA":"NO DIG","PROVINCIA":"MI","COMUNE":"ZIBIDO SAN GIACOMO","CLUSTER":"2","ROUTE":"25","ENTE":"PROVINCIA DI MILANO","ENTE 2":null,"LUNGHEZZA":985.96,"SPAN":"25","LOTTO":"2A","TRATTA_ID":"TR_0425","ENTE 3":null,"MOTIVO_NO":"Manca autorizz","STATO_AUTORIZZAZIONE":"PROTOCOLLATO INTEGRAZIONE","STATO_NULLAOSTA":"NON NECESSARIO","STATO_ORDINANZA":"NON NECESSARIO","PROTOCOLLO_AUT":"2026/04/09","PRATICA":"AUT/8/2A","LAVORABILE":"NO","STATO_LEGENDA":"PROTOCOLLATO INTEGRAZIONE","CAMPO AWS":"ON GOING"},"geometry":{"type":"MultiLineString","coordinates":[[[1017317.366275898180902,5680298.486597745679319,0.0],[1017279.775749503402039,5680281.232221308164299,0.0],[1017276.134989660815336,5680265.404178041033447,0.0],[1017261.807771326624788,5680239.354500024579465,0.0],[1017235.897749273339286,5680184.55893580429256,0.0],[1017220.359870985383168,5680145.214918594807386,0.0],[1017199.448988439631648,5680091.364032831043005,0.0],[1017179.022103176452219,5680044.119197335094213,0.0],[1017165.704172935336828,5680012.079017569310963,0.0],[1017135.660401650471613,5679940.866882838308811,0.0],[1017127.42683001421392,5679917.411428855732083,0.0],[1017113.516660396475345,5679886.033720633946359,0.0],[1017101.762098744162358,5679857.102766458876431,0.0],[1017087.667749707587063,5679818.001837612129748,0.0],[1017067.736200752435252,5679773.647262129001319,0.0],[1017053.018854963942431,5679743.93735281471163,0.0],[1016742.153705601464026,5679028.969665689393878,0.0]]]}},
{"type":"Feature","properties":{"fid":426,"TIPOLOGIA":"NO DIG","PROVINCIA":"MI","COMUNE":"ROZZANO","CLUSTER":"3","ROUTE":"12","ENTE":"COMUNE","ENTE 2":null,"LUNGHEZZA":2386.87,"SPAN":"12_1","LOTTO":"6","TRATTA_ID":"TR_0426","ENTE 3":null,"MOTIVO_NO":"Manca autorizz","STATO_AUTORIZZAZIONE":"IN ATTESA","STATO_NULLAOSTA":"NON NECESSARIO","STATO_ORDINANZA":"NON NECESSARIO","PROTOCOLLO_AUT":null,"PRATICA":null,"LAVORABILE":"NO","STATO_LEGENDA":"IN ATTESA","CAMPO AWS":"NOT STARTED"},"geometry":{"type":"MultiLineString","coordinates":[[[1017298.519334976794198,5680321.717915395274758,0.0],[1017315.226562070893124,5680368.682475157082081,0.0],[1017391.366175910108723,5680558.174712497740984,0.0],[1017444.683366521261632,5680680.439378152601421,0.0],[1017529.164097125059925,5680886.454341696575284,0.0],[1017619.482566977501847,5681110.805092611350119,0.0],[1017705.123585027758963,5681315.540566346608102,0.0],[1017760.080075345584191,5681425.953843384049833,0.0],[1017771.209833737812005,5681480.653331249020994,0.0],[1017800.577358654234558,5681560.130113740451634,0.0],[1017897.093252023216337,5681801.7768958453089,0.0],[1018035.761009787325747,5682144.030144055373967,0.0],[1018137.144273524754681,5682390.780530078336596,0.0],[1018197.727100831340067,5682541.916446607559919,0.0],[1018207.863280823454261,5682580.180941310711205,0.0],[1018205.551949869375676,5682610.355650312267244,0.0],[1018230.401790358591825,5682634.547569662332535,0.0],[1018263.829885877203196,5682693.007250798866153,0.0],[1018339.102258976083249,5682880.165929607115686,0.0],[1018378.114174831425771,5682979.952298671007156,0.0],[1018379.161641581798904,5683013.641560483723879,0.0],[1018399.098134146188386,5683040.320349876768887,0.0],[1018429.162416215636767,5683087.848119358532131,0.0],[1018481.406668292591348,5683192.500433605164289,0.0],[1018503.675115145510063,5683251.096922594122589,0.0],[1018533.020599937997758,5683322.341669173911214,0.0],[1018588.481398788280785,5683441.667496046051383,0.0],[1018593.68207548384089,5683453.537090389989316,0.0]]]}},
{"type":"Feature","properties":{"fid":427,"TIPOLOGIA":"NO DIG","PROVINCIA":"MI","COMUNE":"MILANO","CLUSTER":"3","ROUTE":"12","ENTE":"COMUNE","ENTE 2":null,"LUNGHEZZA":2510.08,"SPAN":"12_1","LOTTO":"6","TRATTA_ID":"TR_0427","ENTE 3":null,"MOTIVO_NO":"Manca autorizz","STATO_AUTORIZZAZIONE":"IN ATTESA","STATO_NULLAOSTA":"NON NECESSARIO","STATO_ORDINANZA":"NON NECESSARIO","PROTOCOLLO_AUT":null,"PRATICA":null,"LAVORABILE":"NO","STATO_LEGENDA":"IN ATTESA","CAMPO AWS":"NOT STARTED"},"geometry":{"type":"MultiLineString","coordinates":[[[1019297.475307360407896,5685237.857268041931093,0.0],[1019342.391109561780468,5685357.837128751911223,0.0],[1019429.203031392768025,5685568.973254702053964,0.0],[1019508.905993161024526,5685749.046255023218691,0.0],[1019603.882914639543742,5685994.933354465290904,0.0],[1019768.837792657781392,5686395.408053605817258,0.0],[1019910.78812079061754,5686743.368884097784758,0.0],[1019993.554872881388292,5686938.903876837342978,0.0],[1020151.191752525628544,5687327.014481090940535,0.0],[1020223.694533417350613,5687506.488293130882084,0.0],[1020349.089040661230683,5687806.408918435685337,0.0],[1020444.372580819763243,5688052.987083365209401,0.0],[1020534.320029641967267,5688273.409056517295539,0.0],[1020592.270374469109811,5688426.9803570760414,0.0],[1020643.067495496943593,5688554.793086302466691,0.0]]]}},
{"type":"Feature","properties":{"fid":428,"TIPOLOGIA":"NO DIG","PROVINCIA":"MI","COMUNE":"MILANO","CLUSTER":"3","ROUTE":"17","ENTE":"COMUNE","ENTE 2":null,"LUNGHEZZA":195.38,"SPAN":"17_2","LOTTO":"6","TRATTA_ID":"TR_0428","ENTE 3":null,"MOTIVO_NO":"Manca autorizz","STATO_AUTORIZZAZIONE":"IN ATTESA","STATO_NULLAOSTA":"NON NECESSARIO","STATO_ORDINANZA":"NON NECESSARIO","PROTOCOLLO_AUT":null,"PRATICA":null,"LAVORABILE":"NO","STATO_LEGENDA":"IN ATTESA","CAMPO AWS":"NOT STARTED"},"geometry":{"type":"MultiLineString","coordinates":[[[1015128.61065330368001,5690908.378764262422919,0.0],[1015144.201400473597459,5690887.359002634882927,0.0],[1015180.747405793517828,5690837.93815631698817,0.0],[1015179.536798507208005,5690838.320873716846108,0.0],[1015209.946041656658053,5690778.699434321373701,0.0],[1015259.76806569180917,5690666.418900025077164,0.0]]]}},
{"type":"Feature","properties":{"fid":429,"TIPOLOGIA":"SCAVO","PROVINCIA":"MI","COMUNE":"MILANO","CLUSTER":"3","ROUTE":"17","ENTE":"COMUNE","ENTE 2":null,"LUNGHEZZA":4731.68,"SPAN":"17_2","LOTTO":"6","TRATTA_ID":"TR_0429","ENTE 3":null,"MOTIVO_NO":"Manca autorizz","STATO_AUTORIZZAZIONE":"IN ATTESA","STATO_NULLAOSTA":"NON NECESSARIO","STATO_ORDINANZA":"NON NECESSARIO","PROTOCOLLO_AUT":null,"PRATICA":null,"LAVORABILE":"NO","STATO_LEGENDA":"IN ATTESA","CAMPO AWS":"NOT STARTED"},"geometry":{"type":"MultiLineString","coordinates":[[[1015326.379455541493371,5690641.445901990868151,0.0],[1015408.535780533333309,5690673.667855254374444,0.0],[1015571.188607710762881,5690736.433973199687898,0.0],[1015806.628715146100149,5690843.159236582927406,0.0],[1015862.055180996074341,5690877.557933888398111,0.0],[1015904.218457875656895,5690905.904248174279928,0.0],[1016081.004960630438291,5691089.033991950564086,0.0],[1016128.000444993842393,5691134.17152526602149,0.0],[1016170.22263595694676,5691156.947177688591182,0.0],[1016332.886081094620749,5691232.442997362464666,0.0],[1016600.702593955560587,5691356.636115256696939,0.0],[1016750.107180202146992,5691431.313838724046946,0.0],[1016836.11931756651029,5691477.510718309320509,0.0],[1016950.584243985940702,5691538.992623069323599,0.0],[1017048.201715299743228,5691592.039690495468676,0.0],[1017125.840773821808398,5691631.40377433784306,0.0],[1017241.975788788171485,5691670.565356588922441,0.0],[1017453.963726281770505,5691732.277058091014624,0.0],[1017660.560985914431512,5691794.687197676859796,0.0],[1018250.650890111224726,5691971.027079548686743,0.0],[1019329.766279876930639,5692300.04541580658406,0.0],[1019434.58743576600682,5692212.227170170284808,0.0],[1019499.287763935164548,5692157.175250158645213,0.0],[1019532.187245538108982,5692121.479749464429915,0.0],[1019610.664639036986046,5692053.48695850558579,0.0],[1019647.976554749417119,5692016.236660945229232,0.0],[1019715.092726372182369,5691965.622478201985359,0.0],[1019790.684263500384986,5691916.155457454733551,0.0],[1019954.65778836037498,5691828.850642160512507,0.0],[1020056.167667778092436,5691788.770707289688289,0.0],[1020219.819692489574663,5691736.461443209089339,0.0],[1020374.261470347875729,5691705.442857056856155,0.0],[1020463.98774490901269,5691689.658607332035899,0.0],[1020616.204599697492085,5691674.23762462195009,0.0],[1021043.27745219366625,5691645.54610709566623,0.0],[1021067.706840908853337,5691620.46775175537914,0.0],[1021077.502527950913645,5691604.799524777568877,0.0],[1021080.408638697699644,5691587.319414267316461,0.0],[1021114.217208670685068,5691586.773998676799238,0.0],[1021117.863175456295721,5691606.732341585680842,0.0],[1021118.429218273609877,5691607.29972973652184,0.0],[1021161.200286800623871,5691637.983685834333301,0.0],[1021364.428972596069798,5691619.685354343615472,0.0],[1021444.949077387340367,5691616.742738141678274,0.0]]]}},
{"type":"Feature","properties":{"fid":430,"TIPOLOGIA":"NO DIG","PROVINCIA":"MI","COMUNE":"BINASCO","CLUSTER":"3","ROUTE":"11","ENTE":"COMUNE","ENTE 2":"AUTOSTRADE","LUNGHEZZA":42.75,"SPAN":"11_1","LOTTO":"6","TRATTA_ID":"TR_0430","ENTE 3":null,"MOTIVO_NO":"Manca autorizz","STATO_AUTORIZZAZIONE":"IN ATTESA","STATO_NULLAOSTA":"NON NECESSARIO","STATO_ORDINANZA":"NON NECESSARIO","PROTOCOLLO_AUT":null,"PRATICA":null,"LAVORABILE":"NO","STATO_LEGENDA":"IN ATTESA","CAMPO AWS":"NOT STARTED"},"geometry":{"type":"MultiLineString","coordinates":[[[1012529.130277166259475,5674601.145840890705585,0.0],[1012505.726677284459583,5674657.355257714167237,0.0]]]}},
{"type":"Feature","properties":{"fid":431,"TIPOLOGIA":"NO DIG","PROVINCIA":"MI","COMUNE":"BINASCO","CLUSTER":"3","ROUTE":"11","ENTE":"COMUNE","ENTE 2":null,"LUNGHEZZA":37.56,"SPAN":"11_1","LOTTO":"6","TRATTA_ID":"TR_0431","ENTE 3":null,"MOTIVO_NO":"Manca autorizz","STATO_AUTORIZZAZIONE":"IN ATTESA","STATO_NULLAOSTA":"NON NECESSARIO","STATO_ORDINANZA":"NON NECESSARIO","PROTOCOLLO_AUT":null,"PRATICA":null,"LAVORABILE":"NO","STATO_LEGENDA":"IN ATTESA","CAMPO AWS":"NOT STARTED"},"geometry":{"type":"MultiLineString","coordinates":[[[1012505.726677284459583,5674657.355257714167237,0.0],[1012485.165654176962562,5674706.737828269600868,0.0]]]}},
{"type":"Feature","properties":{"fid":432,"TIPOLOGIA":"NO DIG","PROVINCIA":"MI","COMUNE":"NOVIGLIO","CLUSTER":"3","ROUTE":"11","ENTE":"COMUNE","ENTE 2":null,"LUNGHEZZA":304.78,"SPAN":"11_1","LOTTO":"6","TRATTA_ID":"TR_0432","ENTE 3":null,"MOTIVO_NO":"Manca autorizz","STATO_AUTORIZZAZIONE":"IN ATTESA","STATO_NULLAOSTA":"NON NECESSARIO","STATO_ORDINANZA":"NON NECESSARIO","PROTOCOLLO_AUT":null,"PRATICA":null,"LAVORABILE":"NO","STATO_LEGENDA":"IN ATTESA","CAMPO AWS":"NOT STARTED"},"geometry":{"type":"MultiLineString","coordinates":[[[1012429.9787855517352,5674823.516004065051675,0.0],[1012391.239135771873407,5674879.532149720005691,0.0],[1012354.590906173572876,5674940.425108660012484,0.0],[1012307.509970165323466,5675008.146111343055964,0.0],[1012272.85377861559391,5675057.661823255009949,0.0],[1012251.869570013135672,5675065.062592898495495,0.0],[1012220.319021700997837,5675060.177957323379815,0.0],[1012183.418323331745341,5675041.438351549208164,0.0],[1012158.145938335452229,5675052.320875351317227,0.0],[1012150.242131790961139,5675067.521239296533167,0.0],[1012156.427843244164251,5675077.006805660203099,0.0]]]}},
{"type":"Feature","properties":{"fid":433,"TIPOLOGIA":"NO DIG","PROVINCIA":"MI","COMUNE":"NOVIGLIO","CLUSTER":"3","ROUTE":"11","ENTE":"PROVINCIA DI MILANO","ENTE 2":null,"LUNGHEZZA":2491.78,"SPAN":"11_1","LOTTO":"6","TRATTA_ID":"TR_0433","ENTE 3":null,"MOTIVO_NO":"Manca autorizz","STATO_AUTORIZZAZIONE":"IN ATTESA","STATO_NULLAOSTA":"NON NECESSARIO","STATO_ORDINANZA":"NON NECESSARIO","PROTOCOLLO_AUT":null,"PRATICA":null,"LAVORABILE":"NO","STATO_LEGENDA":"IN ATTESA","CAMPO AWS":"NOT STARTED"},"geometry":{"type":"MultiLineString","coordinates":[[[1011863.55655156832654,5675598.553585280664265,0.0],[1011854.068067106185481,5675593.167960923165083,0.0],[1011844.97503056563437,5675597.471893257461488,0.0],[1011836.956369753112085,5675608.01340473908931,0.0],[1011822.022827489417978,5675617.263199864886701,0.0],[1011791.563798849470913,5675626.28781078197062,0.0],[1011765.939530311035924,5675630.472267092205584,0.0],[1011745.510941011714749,5675636.228654028847814,0.0],[1011713.664529454428703,5675644.385851883329451,0.0],[1011695.105482606450096,5675650.679412852972746,0.0],[1011680.000044123618864,5675658.643819738179445,0.0],[1011674.10707561345771,5675670.388895533047616,0.0],[1011675.623044666019268,5675681.955491183325648,0.0],[1011664.992741254507564,5675699.3070307970047,0.0],[1011644.331750501994975,5675733.393419673666358,0.0],[1011596.041598961688578,5675812.303154689259827,0.0],[1011573.932957651210018,5675847.494747805409133,0.0],[1011559.407758320565335,5675862.212955966591835,0.0],[1011539.274337652255781,5675876.869510893709958,0.0],[1011517.291519046179019,5675885.936139548197389,0.0],[1011496.099036991712637,5675890.062285473570228,0.0],[1011473.54061412694864,5675892.736634327098727,0.0],[1011449.789936567773111,5675892.735941869206727,0.0],[1011414.951434390037321,5675888.750220227986574,0.0],[1011344.504299150896259,5675880.738666365854442,0.0],[1011295.476988933747634,5675876.095377351157367,0.0],[1011254.449285078910179,5675872.248464131727815,0.0],[1011197.005298409145325,5675869.352059924043715,0.0],[1011134.704364698147401,5675861.938787950202823,0.0],[1011080.973621123586781,5675856.541550702415407,0.0],[1011044.995970255578868,5675853.611223419196904,0.0],[1010955.45663003041409,5675845.117501102387905,0.0],[1010874.978338089189492,5675841.557508609257638,0.0],[1010805.502620589570142,5675839.190658014267683,0.0],[1010720.003614970017225,5675837.063654045574367,0.0],[1010663.239041347871535,5675834.458396664820611,0.0],[1010566.742381410324015,5675827.479134598746896,0.0],[1010544.850357159972191,5675829.253980375826359,0.0],[1010535.628832535818219,5675834.60480597615242,0.0],[1010522.716399548458867,5675836.395775810815394,0.0],[1010486.879763918695971,5675835.199036567471921,0.0],[1010454.333947521517985,5675838.818218089640141,0.0],[1010414.194807025371119,5675849.721327261067927,0.0],[1010379.398432212765329,5675863.373341081663966,0.0],[1010341.747799332020804,5675885.916941415518522,0.0],[1010315.348690328421071,5675909.022037194110453,0.0],[1010294.75288510939572,5675929.188554910942912,0.0],[1010275.596376890433021,5675956.278113226406276,0.0],[1010259.390300611848943,5675987.132212678901851,0.0],[1010244.905763431219384,5676024.002471170388162,0.0],[1010223.397049292456359,5676078.399971451610327,0.0],[1010208.57460160960909,5676117.005051243118942,0.0],[1010197.588104188558646,5676143.446259978227317,0.0],[1010191.441469622426666,5676162.959972410462797,0.0],[1010190.403340393444523,5676183.021335563622415,0.0],[1010160.711153040407225,5676260.794485076330602,0.0],[1010115.548433770192787,5676372.307624189183116,0.0],[1010087.34211784042418,5676441.403381923213601,0.0],[1010080.772390816826373,5676452.517963000573218,0.0],[1010050.340080258320086,5676460.801320715807378,0.0],[1010008.344510136288591,5676473.983645075932145,0.0],[1009988.517308269860223,5676485.534840474836528,0.0],[1009978.378553522285074,5676499.728723009116948,0.0],[1009973.432827219832689,5676524.338977830484509,0.0],[1009954.825128913857043,5676664.893562749028206,0.0],[1009943.104785805917345,5676771.036799112334847,0.0],[1009940.042679482023232,5676813.943667734973133,0.0],[1009925.323312477325089,5676854.40522357262671,0.0],[1009884.432112319627777,5676952.289378142915666,0.0],[1009848.871258264174685,5677047.721126937307417,0.0],[1009837.871896931435913,5677067.183033430017531,0.0],[1009829.096038577612489,5677072.968059608712792,0.0],[1009806.542533760773949,5677072.966753886081278,0.0],[1009754.083435106673278,5677070.733100493438542,0.0],[1009733.598153050872497,5677071.177383444271982,0.0],[1009721.851627783267759,5677079.242243094369769,0.0],[1009715.564753458253108,5677092.878090327605605,0.0],[1009711.08812633191701,5677121.375823084264994,0.0],[1009710.140010237460956,5677203.258249354548752,0.0],[1009707.113128515775315,5677295.336950495839119,0.0],[1009697.479775161133148,5677384.427813512273133,0.0],[1009692.674684956320561,5677426.327765882015228,0.0],[1009689.583105379948393,5677454.064607469365001,0.0],[1009704.911852330551483,5677458.799744937568903,0.0],[1009709.698520525009371,5677471.697826940566301,0.0]]]}},
{"type":"Feature","properties":{"fid":434,"TIPOLOGIA":"NO DIG","PROVINCIA":"MI","COMUNE":"NOVIGLIO","CLUSTER":"3","ROUTE":"11","ENTE":"COMUNE","ENTE 2":null,"LUNGHEZZA":1512.77,"SPAN":"11_1","LOTTO":"6","TRATTA_ID":"TR_0434","ENTE 3":null,"MOTIVO_NO":"Manca autorizz","STATO_AUTORIZZAZIONE":"IN ATTESA","STATO_NULLAOSTA":"NON NECESSARIO","STATO_ORDINANZA":"NON NECESSARIO","PROTOCOLLO_AUT":null,"PRATICA":null,"LAVORABILE":"NO","STATO_LEGENDA":"IN ATTESA","CAMPO AWS":"NOT STARTED"},"geometry":{"type":"MultiLineString","coordinates":[[[1009709.698520525009371,5677471.697826940566301,0.0],[1009710.92197673721239,5677474.994536085054278,0.0],[1009708.486277581891045,5677487.94470452144742,0.0],[1009705.27719337050803,5677504.035653824917972,0.0],[1009701.543851328548044,5677524.59041864797473,0.0],[1009697.810847138171084,5677550.954813029617071,0.0],[1009693.977815658668987,5677575.197815231047571,0.0],[1009691.960540571832098,5677596.40264296438545,0.0],[1009692.609975197701715,5677633.952276028692722,0.0],[1009691.722044872003607,5677716.403180610388517,0.0],[1009692.466007979935966,5677770.804459911771119,0.0],[1009692.986110302736051,5677783.969678140245378,0.0],[1009683.906239586649463,5677804.306069415993989,0.0],[1009681.077492586569861,5677871.7393490197137,0.0],[1009677.560474781319499,5677897.567728425376117,0.0],[1009671.563311186037026,5677904.429069299250841,0.0],[1009628.841891999007203,5677904.431153448298573,0.0],[1009535.732640617177822,5677902.846619729883969,0.0],[1009435.870054122176953,5677897.752274488098919,0.0],[1009358.877974031842314,5677897.754629450850189,0.0],[1009229.604829671559855,5677923.009737491607666,0.0],[1009118.760275142034516,5677946.358162125572562,0.0],[1009046.78929395461455,5677963.952401663176715,0.0],[1009013.499825419276021,5677967.767354485578835,0.0],[1009004.961348660057411,5677979.382123944349587,0.0],[1008994.208146275603212,5677997.772404029034078,0.0],[1008988.845750573091209,5678011.853741682134569,0.0],[1008972.373672547284514,5678022.982203879393637,0.0],[1008952.841072789975442,5678025.120250327512622,0.0],[1008911.844476063619368,5678021.917702936567366,0.0],[1008837.266506646759808,5678014.954883486963809,0.0],[1008769.640096158254892,5678007.275773876346648,0.0],[1008735.946479301550426,5677998.517258888110518,0.0],[1008700.792933775461279,5677989.579500992782414,0.0],[1008618.728391706943512,5677971.956142287701368,0.0],[1008561.594765771995299,5677963.961327405646443,0.0],[1008495.956686973455362,5677954.468387780711055,0.0],[1008458.943260631989688,5677953.962147394195199,0.0],[1008427.919292977428995,5677949.996584684588015,0.0],[1008383.586363464593887,5677942.454124642536044,0.0],[1008296.876816075528041,5677930.326795056462288,0.0],[1008224.091639998485334,5677921.263272715732455,0.0],[1008166.731829842203297,5677914.285052969120443,0.0],[1008129.487356659723446,5677909.62053501419723,0.0],[1008086.266113523044623,5677899.875708938576281,0.0],[1008049.366523770382628,5677892.368785775266588,0.0],[1008025.775155737064779,5677889.889434204436839,0.0],[1008008.23008899227716,5677893.198155861347914,0.0]]]}},
{"type":"Feature","properties":{"fid":435,"TIPOLOGIA":"NO DIG","PROVINCIA":"MI","COMUNE":"GAGGIANO","CLUSTER":"3","ROUTE":"11","ENTE":"PROVINCIA DI MILANO","ENTE 2":null,"LUNGHEZZA":2288.69,"SPAN":"11_1","LOTTO":"6","TRATTA_ID":"TR_0435","ENTE 3":null,"MOTIVO_NO":"Manca autorizz","STATO_AUTORIZZAZIONE":"IN ATTESA","STATO_NULLAOSTA":"NON NECESSARIO","STATO_ORDINANZA":"NON NECESSARIO","PROTOCOLLO_AUT":null,"PRATICA":null,"LAVORABILE":"NO","STATO_LEGENDA":"IN ATTESA","CAMPO AWS":"NOT STARTED"},"geometry":{"type":"MultiLineString","coordinates":[[[1006668.331046111299656,5680963.523660352453589,0.0],[1006649.623122459510341,5681001.403827237896621,0.0],[1006551.675077172345482,5681133.506272068247199,0.0],[1006506.930916065583006,5681194.439873825758696,0.0],[1006473.735675747622736,5681252.04483328666538,0.0],[1006445.195451585110277,5681311.150047957897186,0.0],[1006418.517072197049856,5681400.250425909645855,0.0],[1006385.911374458228238,5681502.126725454814732,0.0],[1006377.434732348890975,5681538.69337403587997,0.0],[1006373.871825522510335,5681600.682152441702783,0.0],[1006369.532441727234982,5681648.802857030183077,0.0],[1006360.875477960566059,5681685.956125711090863,0.0],[1006359.015079750097357,5681713.887834778055549,0.0],[1006358.014731836505234,5681740.84369080979377,0.0],[1006345.336200147867203,5681779.429814313538373,0.0],[1006345.33943137654569,5681834.811446001753211,0.0],[1006345.021411397261545,5681873.919678812846541,0.0],[1006338.730922169866972,5681925.91490166913718,0.0],[1006322.948636762681417,5681966.696334105916321,0.0],[1006309.938928662799299,5682036.21504972781986,0.0],[1006298.697410117718391,5682107.104468734934926,0.0],[1006282.635473813745193,5682144.572914402931929,0.0],[1006210.884067556937225,5682245.435659255832434,0.0],[1006139.186379383900203,5682346.926166166551411,0.0],[1006026.368216554052196,5682517.311262517236173,0.0],[1005928.226755335228518,5682675.5659907059744,0.0],[1005884.554430592805147,5682752.802029331214726,0.0],[1005798.887191014131531,5682916.526575339026749,0.0],[1005742.587724117911421,5683009.278526877053082,0.0],[1005707.73086902720388,5683078.895937222056091,0.0],[1005650.404296319698915,5683156.001040120609105,0.0],[1005546.429807098698802,5683286.202252035029233,0.0],[1005488.503663293085992,5683357.070134945213795,0.0],[1005464.630415830295533,5683408.004898040555418,0.0],[1005406.933213003096171,5683368.799035376869142,0.0],[1005291.579516137950122,5683283.301345999352634,0.0],[1005171.121580140083097,5683195.524847644381225,0.0],[1005118.296898940228857,5683178.579531908035278,0.0],[1005096.606882649241015,5683182.126139532774687,0.0],[1005062.227071205154061,5683206.362694422714412,0.0]]]}},
{"type":"Feature","properties":{"fid":436,"TIPOLOGIA":"NO DIG","PROVINCIA":"MI","COMUNE":"GAGGIANO","CLUSTER":"3","ROUTE":"11","ENTE":"COMUNE","ENTE 2":null,"LUNGHEZZA":1958.65,"SPAN":"11_1","LOTTO":"6","TRATTA_ID":"TR_0436","ENTE 3":null,"MOTIVO_NO":"Manca autorizz","STATO_AUTORIZZAZIONE":"IN ATTESA","STATO_NULLAOSTA":"NON NECESSARIO","STATO_ORDINANZA":"NON NECESSARIO","PROTOCOLLO_AUT":null,"PRATICA":null,"LAVORABILE":"NO","STATO_LEGENDA":"IN ATTESA","CAMPO AWS":"NOT STARTED"},"geometry":{"type":"MultiLineString","coordinates":[[[1005062.227071205154061,5683206.362694422714412,0.0],[1005056.197817984269932,5683223.776387347839773,0.0],[1005064.368079771636985,5683271.196746452711523,0.0],[1005109.950182134867646,5683485.216837342828512,0.0],[1005146.531091274926439,5683651.378448612987995,0.0],[1005179.854055587551557,5683809.482754064723849,0.0],[1005198.0573847705964,5683910.628379574976861,0.0],[1005205.472810782957822,5683973.811031639575958,0.0],[1005225.447411629371345,5684086.98152529168874,0.0],[1005235.332320494228043,5684142.633313344791532,0.0],[1005244.62509856140241,5684202.158241872675717,0.0],[1005258.360971202608198,5684267.289842097088695,0.0],[1005281.394474146305583,5684384.645468274131417,0.0],[1005317.533542002085596,5684550.584716169163585,0.0],[1005352.255761576700024,5684718.343279160559177,0.0],[1005388.082385541405529,5684879.371688155457377,0.0],[1005422.057308778865263,5685043.165423028171062,0.0],[1005441.006317652645521,5685151.458019839599729,0.0],[1005469.019548792857677,5685346.355268242768943,0.0],[1005484.635031606070697,5685369.613484324887395,0.0],[1005507.437321405624971,5685394.11081734392792,0.0],[1005500.915584053960629,5685455.654501472599804,0.0],[1005502.022060330375098,5685621.377225834876299,0.0],[1005503.263404676923528,5685670.989312981255352,0.0],[1005501.050234672846273,5685684.957743679173291,0.0],[1005494.965551846777089,5685690.823057212866843,0.0],[1005454.416631150292233,5685686.183538957498968,0.0],[1005443.00860260752961,5685686.183506139554083,0.0],[1005442.19374398351647,5685686.18350338563323,0.0],[1005428.751105921226554,5685687.867187635973096,0.0],[1005417.713056323700584,5685692.093235863372684,0.0],[1005405.447479527909309,5685691.669471083208919,0.0],[1005354.983526458148845,5685686.603473398834467,0.0],[1005247.061591926845722,5685675.319844310171902,0.0]]]}},
{"type":"Feature","properties":{"fid":437,"TIPOLOGIA":"NO DIG","PROVINCIA":"MI","COMUNE":"CUSAGO","CLUSTER":"3","ROUTE":"11","ENTE":"PROVINCIA DI MILANO","ENTE 2":null,"LUNGHEZZA":2767.74,"SPAN":"11_1","LOTTO":"6","TRATTA_ID":"TR_0437","ENTE 3":null,"MOTIVO_NO":"Manca autorizz","STATO_AUTORIZZAZIONE":"IN ATTESA","STATO_NULLAOSTA":"NON NECESSARIO","STATO_ORDINANZA":"NON NECESSARIO","PROTOCOLLO_AUT":null,"PRATICA":null,"LAVORABILE":"NO","STATO_LEGENDA":"IN ATTESA","CAMPO AWS":"NOT STARTED"},"geometry":{"type":"MultiLineString","coordinates":[[[1004692.358528375276364,5688997.114415723830462,0.0],[1004664.922600696096197,5689060.805370479822159,0.0],[1004651.782826861250214,5689125.639976551756263,0.0],[1004650.156733424868435,5689214.253536990843713,0.0],[1004634.367860928992741,5689489.665592018514872,0.0],[1004624.182773167965934,5689514.519546983763576,0.0],[1004624.214898781268857,5689547.601012388244271,0.0],[1004640.796344985603355,5689588.581414578482509,0.0],[1004656.202160835266113,5689667.135221611708403,0.0],[1004714.699948357068934,5690012.710265954956412,0.0],[1004774.229127528960817,5690343.886967051774263,0.0],[1004820.519179331022315,5690606.123226344585419,0.0],[1004857.98239637655206,5690804.762300156988204,0.0],[1004887.892771264421754,5690992.00992008857429,0.0],[1004903.295169449644163,5691063.871855139732361,0.0],[1004988.136381748015992,5691284.604574654251337,0.0],[1005040.740375654306263,5691416.995494266971946,0.0],[1005083.959525799844414,5691510.997096250765026,0.0],[1005110.083656713715754,5691551.8716457830742,0.0],[1005121.99085976020433,5691553.138111792504787,0.0],[1005159.879915035329759,5691546.188553937710822,0.0],[1005259.773789739934728,5691531.092777751386166,0.0],[1005364.926379801239818,5691529.217630764469504,0.0],[1005495.199995917035267,5691545.577243458479643,0.0],[1005667.302724524633959,5691576.407178058288991,0.0],[1005860.921899133361876,5691616.414913109503686,0.0],[1005993.950225756270811,5691645.964822696521878,0.0],[1006119.871174129773863,5691668.067645252682269,0.0],[1006197.469225055305287,5691692.2007413264364,0.0],[1006261.882513637770899,5691715.593296678736806,0.0],[1006303.474721884937026,5691763.895528055727482,0.0],[1006318.38213737308979,5691801.421165998093784,0.0],[1006321.118022335926071,5691826.108361218124628,0.0],[1006318.367687701364048,5691835.094444896094501,0.0]]]}},
{"type":"Feature","properties":{"fid":438,"TIPOLOGIA":"NO DIG","PROVINCIA":"MI","COMUNE":"RHO","CLUSTER":"1","ROUTE":"23","ENTE":"COMUNE","ENTE 2":null,"LUNGHEZZA":1650.28,"SPAN":"23","LOTTO":"1A","TRATTA_ID":"TR_0438","ENTE 3":null,"MOTIVO_NO":"Manca autorizz","STATO_AUTORIZZAZIONE":"PROTOCOLLATO","STATO_NULLAOSTA":"NON NECESSARIO","STATO_ORDINANZA":"NON NECESSARIO","PROTOCOLLO_AUT":"2026/03/17","PRATICA":"AUT/2/1A","LAVORABILE":"NO","STATO_LEGENDA":"PROTOCOLLATO","CAMPO AWS":"ON GOING"},"geometry":{"type":"MultiLineString","coordinates":[[[1007738.481729141320102,5703452.492485214956105,0.0],[1007503.127100034849718,5703184.97461036965251,0.0],[1007417.597737202653661,5703127.715887872502208,0.0],[1006965.434819926624186,5703030.640551190823317,0.0],[1005884.918788439477794,5702844.522399635985494,0.0],[1005556.412894334527664,5702784.465056101791561,0.0]]]}},
{"type":"Feature","properties":{"fid":439,"TIPOLOGIA":"NO DIG","PROVINCIA":"MI","COMUNE":"CORNAREDO","CLUSTER":"1","ROUTE":"23","ENTE":"COMUNE","ENTE 2":null,"LUNGHEZZA":1514.97,"SPAN":"23","LOTTO":"1A","TRATTA_ID":"TR_0439","ENTE 3":null,"MOTIVO_NO":"Manca autorizz","STATO_AUTORIZZAZIONE":"INVIATO","STATO_NULLAOSTA":"NON NECESSARIO","STATO_ORDINANZA":"NON NECESSARIO","PROTOCOLLO_AUT":null,"PRATICA":"AUT/1/1A","LAVORABILE":"NO","STATO_LEGENDA":"INVIATO","CAMPO AWS":"ON GOING"},"geometry":{"type":"MultiLineString","coordinates":[[[1005198.478943661320955,5698057.953841437585652,0.0],[1005213.189362051198259,5698020.395326402038336,0.0],[1005485.019114641239867,5697255.923051556572318,0.0],[1005508.180198914837092,5697141.995555939152837,0.0],[1005441.200847096508369,5696948.569203494116664,0.0],[1005426.803416331647895,5696871.574247665703297,0.0],[1005598.32063500653021,5696412.108413697220385,0.0],[1005727.271536638145335,5696060.936298089101911,0.0],[1005767.198980790446512,5696034.919289790093899,0.0]]]}},
{"type":"Feature","properties":{"fid":440,"TIPOLOGIA":"SCAVO","PROVINCIA":"MI","COMUNE":"CORNAREDO","CLUSTER":"1","ROUTE":"23","ENTE":"PROVINCIA DI MILANO","ENTE 2":"SATAP","LUNGHEZZA":145.89,"SPAN":"23","LOTTO":"1A","TRATTA_ID":"TR_0440","ENTE 3":"RFI","MOTIVO_NO":"Manca autorizz | Manca nulla osta","STATO_AUTORIZZAZIONE":"NECESSARIA INTEGRAZIONE","STATO_NULLAOSTA":"PROTOCOLLATO INTEGRAZIONE","STATO_ORDINANZA":"NON NECESSARIO","PROTOCOLLO_AUT":"2026/03/24","PRATICA":"AUT/3/1A | NO/5/1A | NO/6/1A","LAVORABILE":"NO","STATO_LEGENDA":"NECESSARIA INTEGRAZIONE","CAMPO AWS":"ON GOING"},"geometry":{"type":"MultiLineString","coordinates":[[[1003868.006816046661697,5701914.635832668282092,0.0],[1003859.243162537692115,5701898.360476151108742,0.0],[1003795.315356242470443,5701726.228585196658969,0.0],[1003793.832332508522086,5701720.095715379342437,0.0]]]}},
{"type":"Feature","properties":{"fid":441,"TIPOLOGIA":"NO DIG","PROVINCIA":"MI","COMUNE":"CORNAREDO","CLUSTER":"1","ROUTE":"23","ENTE":"COMUNE","ENTE 2":"","LUNGHEZZA":675.2,"SPAN":"23","LOTTO":"1A","TRATTA_ID":"TR_0441","ENTE 3":null,"MOTIVO_NO":"Manca autorizz","STATO_AUTORIZZAZIONE":"INVIATO","STATO_NULLAOSTA":"NON NECESSARIO","STATO_ORDINANZA":"NON NECESSARIO","PROTOCOLLO_AUT":null,"PRATICA":"AUT/1/1A","LAVORABILE":"NO","STATO_LEGENDA":"INVIATO","CAMPO AWS":"ON GOING"},"geometry":{"type":"MultiLineString","coordinates":[[[1005173.699019146733917,5702297.310642032884061,0.0],[1005149.821845624828711,5702274.850938757881522,0.0],[1004997.270162506960332,5702161.489419678226113,0.0],[1004914.150337439379655,5702113.32959679607302,0.0],[1004736.467291341745295,5702112.355864623561502,0.0],[1004439.318901238264516,5702140.030926953069866,0.0],[1004273.322526476229541,5702120.056180899962783,0.0]]]}},
{"type":"Feature","properties":{"fid":442,"TIPOLOGIA":"SCAVO","PROVINCIA":"MI","COMUNE":"CORNAREDO","CLUSTER":"1","ROUTE":"23","ENTE":"PROVINCIA DI MILANO","ENTE 2":null,"LUNGHEZZA":341.29,"SPAN":"23","LOTTO":"1A","TRATTA_ID":"TR_0442","ENTE 3":null,"MOTIVO_NO":"Manca autorizz","STATO_AUTORIZZAZIONE":"NECESSARIA INTEGRAZIONE","STATO_NULLAOSTA":"NON NECESSARIO","STATO_ORDINANZA":"NON NECESSARIO","PROTOCOLLO_AUT":"2026/03/24","PRATICA":"AUT/3/1A","LAVORABILE":"NO","STATO_LEGENDA":"NECESSARIA INTEGRAZIONE","CAMPO AWS":"ON GOING"},"geometry":{"type":"MultiLineString","coordinates":[[[1003793.832332508522086,5701720.095715379342437,0.0],[1003772.545590324094519,5701580.365048827603459,0.0],[1003796.127973202383146,5701413.895341921597719,0.0],[1003845.265817445353605,5701336.983130703680217,0.0],[1003888.194517879514024,5701261.508905530907214,0.0]]]}},
{"type":"Feature","properties":{"fid":443,"TIPOLOGIA":"NO DIG","PROVINCIA":"MI","COMUNE":"RHO","CLUSTER":"1","ROUTE":"23","ENTE":"PROVINCIA DI MILANO","ENTE 2":"AIPO","LUNGHEZZA":458.56,"SPAN":"23","LOTTO":"1A","TRATTA_ID":"TR_0443","ENTE 3":null,"MOTIVO_NO":"Manca nulla osta","STATO_AUTORIZZAZIONE":"OTTENUTO","STATO_NULLAOSTA":"PROTOCOLLATO","STATO_ORDINANZA":"NON NECESSARIO","PROTOCOLLO_AUT":"2026/03/25","PRATICA":"AUT/12/1A | NO/8/1A","LAVORABILE":"NO","STATO_LEGENDA":"OTTENUTO","CAMPO AWS":"APPROVAL"},"geometry":{"type":"MultiLineString","coordinates":[[[1005556.412894334527664,5702784.465056101791561,0.0],[1005545.871666139457375,5702782.537918785586953,0.0],[1005464.221484739333391,5702752.540096869692206,0.0],[1005414.45352784555871,5702714.340745731256902,0.0],[1005356.392345960601233,5702648.279448247514665,0.0],[1005322.547080680378713,5702550.583677328191698,0.0],[1005279.407138149836101,5702404.931194555945694,0.0],[1005185.396524118259549,5702308.313744310289621,0.0],[1005173.699019146733917,5702297.310642032884061,0.0]]]}},
{"type":"Feature","properties":{"fid":444,"TIPOLOGIA":"NO DIG","PROVINCIA":"MI","COMUNE":"PERO","CLUSTER":"1","ROUTE":"1","ENTE":"COMUNE","ENTE 2":"SERRAVALLE","LUNGHEZZA":154.0,"SPAN":"1","LOTTO":"1A","TRATTA_ID":"TR_0444","ENTE 3":null,"MOTIVO_NO":"Manca autorizz | Manca nulla osta","STATO_AUTORIZZAZIONE":"PROTOCOLLATO INTEGRAZIONE","STATO_NULLAOSTA":"PROTOCOLLATO INTEGRAZIONE","STATO_ORDINANZA":"NON NECESSARIO","PROTOCOLLO_AUT":"2026/03/23","PRATICA":"AUT/13/1A | NO/10/1A","LAVORABILE":"NO","STATO_LEGENDA":"PROTOCOLLATO INTEGRAZIONE","CAMPO AWS":"ON GOING"},"geometry":{"type":"MultiLineString","coordinates":[[[1008613.337603116291575,5703369.427386635914445,0.0],[1008591.145384759875014,5703368.089912579394877,0.0],[1008431.925074935541488,5703318.472467416897416,0.0],[1008406.116461990983225,5703334.693930145353079,0.0]]]}},
{"type":"Feature","properties":{"fid":445,"TIPOLOGIA":"NO DIG","PROVINCIA":"MI","COMUNE":"RHO","CLUSTER":"1","ROUTE":"1","ENTE":"COMUNE","ENTE 2":null,"LUNGHEZZA":218.51,"SPAN":"1","LOTTO":"1A","TRATTA_ID":"TR_0445","ENTE 3":null,"MOTIVO_NO":"Manca autorizz","STATO_AUTORIZZAZIONE":"PROTOCOLLATO","STATO_NULLAOSTA":"NON NECESSARIO","STATO_ORDINANZA":"NON NECESSARIO","PROTOCOLLO_AUT":"2026/03/17","PRATICA":"AUT/2/1A","LAVORABILE":"NO","STATO_LEGENDA":"PROTOCOLLATO","CAMPO AWS":"ON GOING"},"geometry":{"type":"MultiLineString","coordinates":[[[1007911.978921718662605,5703214.92747637629509,0.0],[1007868.092882683500648,5703233.268983577378094,0.0],[1007868.47925082675647,5703237.633270964026451,0.0],[1007868.016662604524754,5703244.95447254832834,0.0],[1007867.737289014039561,5703249.376000430434942,0.0],[1007791.717240433208644,5703398.974548475816846,0.0],[1007777.061639685067348,5703407.675426221452653,0.0],[1007755.603166968678124,5703417.335565293207765,0.0],[1007738.33956053876318,5703446.581748961471021,0.0],[1007738.481729141320102,5703452.492485214956105,0.0]]]}},
{"type":"Feature","properties":{"fid":446,"TIPOLOGIA":"NO DIG","PROVINCIA":"MI","COMUNE":"PERO","CLUSTER":"1","ROUTE":"1","ENTE":"COMUNE","ENTE 2":"RFI","LUNGHEZZA":183.5,"SPAN":"1","LOTTO":"1A","TRATTA_ID":"TR_0446","ENTE 3":null,"MOTIVO_NO":"Manca autorizz | Manca nulla osta","STATO_AUTORIZZAZIONE":"PROTOCOLLATO INTEGRAZIONE","STATO_NULLAOSTA":"INVIATO","STATO_ORDINANZA":"NON NECESSARIO","PROTOCOLLO_AUT":"2026/03/23","PRATICA":"AUT/13/1A | NO/9/1A","LAVORABILE":"NO","STATO_LEGENDA":"PROTOCOLLATO INTEGRAZIONE","CAMPO AWS":"ON GOING"},"geometry":{"type":"MultiLineString","coordinates":[[[1008233.865236613433808,5703387.033608555793762,0.0],[1008138.917943772044964,5703224.371078011579812,0.0],[1008095.124909937265329,5703165.075498904101551,0.0]]]}},
{"type":"Feature","properties":{"fid":447,"TIPOLOGIA":"NO DIG","PROVINCIA":"MI","COMUNE":"PERO","CLUSTER":"1","ROUTE":"1","ENTE":"COMUNE","ENTE 2":null,"LUNGHEZZA":90.33,"SPAN":"1","LOTTO":"1A","TRATTA_ID":"TR_0447","ENTE 3":null,"MOTIVO_NO":"Manca autorizz","STATO_AUTORIZZAZIONE":"PROTOCOLLATO INTEGRAZIONE","STATO_NULLAOSTA":"NON NECESSARIO","STATO_ORDINANZA":"NON NECESSARIO","PROTOCOLLO_AUT":"2026/03/23","PRATICA":"AUT/13/1A","LAVORABILE":"NO","STATO_LEGENDA":"PROTOCOLLATO INTEGRAZIONE","CAMPO AWS":"ON GOING"},"geometry":{"type":"MultiLineString","coordinates":[[[1008406.116461990983225,5703334.693930145353079,0.0],[1008385.214488472789526,5703347.83144907373935,0.0],[1008348.082055368344299,5703379.660549178719521,0.0],[1008293.004319595871493,5703383.215991660952568,0.0]]]}},
{"type":"Feature","properties":{"fid":448,"TIPOLOGIA":"NO DIG","PROVINCIA":"MI","COMUNE":"PERO","CLUSTER":"1","ROUTE":"1","ENTE":"COMUNE","ENTE 2":"RFI","LUNGHEZZA":41.59,"SPAN":"1","LOTTO":"1A","TRATTA_ID":"TR_0448","ENTE 3":null,"MOTIVO_NO":"Manca autorizz | Manca nulla osta","STATO_AUTORIZZAZIONE":"PROTOCOLLATO INTEGRAZIONE","STATO_NULLAOSTA":"INVIATO","STATO_ORDINANZA":"NON NECESSARIO","PROTOCOLLO_AUT":"2026/03/23","PRATICA":"AUT/13/1A | NO/9/1A","LAVORABILE":"NO","STATO_LEGENDA":"PROTOCOLLATO INTEGRAZIONE","CAMPO AWS":"ON GOING"},"geometry":{"type":"MultiLineString","coordinates":[[[1008293.004319595871493,5703383.215991660952568,0.0],[1008233.865236613433808,5703387.033608555793762,0.0]]]}},
{"type":"Feature","properties":{"fid":449,"TIPOLOGIA":"NO DIG","PROVINCIA":"MI","COMUNE":"TREZZANO SUL NAVIGLIO","CLUSTER":"3","ROUTE":"11","ENTE":"ANAS","ENTE 2":null,"LUNGHEZZA":89.98,"SPAN":"11_1","LOTTO":"6","TRATTA_ID":"TR_0449","ENTE 3":null,"MOTIVO_NO":"Manca autorizz","STATO_AUTORIZZAZIONE":"IN ATTESA","STATO_NULLAOSTA":"NON NECESSARIO","STATO_ORDINANZA":"NON NECESSARIO","PROTOCOLLO_AUT":null,"PRATICA":null,"LAVORABILE":"NO","STATO_LEGENDA":"IN ATTESA","CAMPO AWS":"NOT STARTED"},"geometry":{"type":"MultiLineString","coordinates":[[[1005959.445196921937168,5686693.40888546127826,0.0],[1005920.910911525366828,5686743.506444279104471,0.0],[1005890.666172617813572,5686782.362938872538507,0.0],[1005881.724252035026439,5686795.364553108811378,0.0]]]}},
{"type":"Feature","properties":{"fid":450,"TIPOLOGIA":"SCAVO","PROVINCIA":"MI","COMUNE":"MILANO","CLUSTER":"4","ROUTE":"24","ENTE":"COMUNE","ENTE 2":null,"LUNGHEZZA":5087.29,"SPAN":"24","LOTTO":"6","TRATTA_ID":"TR_0450","ENTE 3":null,"MOTIVO_NO":"Manca autorizz","STATO_AUTORIZZAZIONE":"IN ATTESA","STATO_NULLAOSTA":"NON NECESSARIO","STATO_ORDINANZA":"NON NECESSARIO","PROTOCOLLO_AUT":null,"PRATICA":null,"LAVORABILE":"NO","STATO_LEGENDA":"IN ATTESA","CAMPO AWS":"NOT STARTED"},"geometry":{"type":"MultiLineString","coordinates":[[[1013580.048598585184664,5696777.295316366478801,0.0],[1013615.183756390120834,5696757.682180542498827,0.0],[1013588.69239988643676,5696694.320361227728426,0.0],[1013588.899669058271684,5696674.653113575652242,0.0],[1013634.731958096032031,5696634.316829573363066,0.0],[1013668.558671901584603,5696599.941119277849793,0.0],[1013692.337230962119065,5696515.45927953813225,0.0],[1013726.680281952954829,5696489.328182532452047,0.0],[1013703.366935238591395,5696446.227293429896235,0.0],[1013702.434769748942927,5696443.417672126553953,0.0],[1013698.929870733176358,5696437.821090768091381,0.0],[1013696.562312842346728,5696423.415803691372275,0.0],[1013753.832492708112113,5696026.574987442232668,0.0],[1013983.64343389950227,5696053.402768167667091,0.0],[1014000.698080415953882,5695948.487828837707639,0.0],[1014018.759306951542385,5695879.623391191475093,0.0],[1014038.282679681666195,5695884.261835422366858,0.0],[1014069.939536011661403,5695741.463059731759131,0.0],[1014081.396921825362369,5695742.402634439989924,0.0],[1014109.901567223365419,5695753.275334206409752,0.0],[1014228.476882777758874,5695750.461474612355232,0.0],[1014233.191630736924708,5695743.025627950206399,0.0],[1014230.058268109336495,5695720.034777554683387,0.0],[1014233.927893336280249,5695696.740232143551111,0.0],[1014261.630036243004724,5695624.764443916268647,0.0],[1014317.948912864085287,5695470.184041132219136,0.0],[1014413.757683926727623,5695215.763760727830231,0.0],[1014428.198119192849845,5695162.140701999887824,0.0],[1014527.769683072343469,5694898.426748476922512,0.0],[1014538.270010814769194,5694870.321726264432073,0.0],[1014576.480150289600715,5694767.328208172693849,0.0],[1014607.976628564647399,5694669.802516876719892,0.0],[1014735.072245567222126,5694321.285133583471179,0.0],[1015242.071033450658433,5694467.203573675826192,0.0],[1015338.241957964608446,5694197.318090248852968,0.0],[1015384.2537736260565,5694073.457478193566203,0.0],[1015423.337284103967249,5693963.124175561591983,0.0],[1015460.222833148669451,5693867.138624483719468,0.0],[1015474.629936393466778,5693825.798307059332728,0.0],[1015521.660730948671699,5693699.520539848133922,0.0],[1015588.017095250659622,5693512.552963313646615,0.0],[1015644.091834796126932,5693349.392011214978993,0.0],[1015693.524355336441658,5693217.805433769710362,0.0],[1015726.43816327652894,5693123.533374480903149,0.0],[1015775.339328796835616,5692986.75977486744523,0.0],[1015828.343819050234742,5692844.172738333232701,0.0],[1015846.039672122453339,5692794.869915631599724,0.0],[1015858.701563527924009,5692760.158211064524949,0.0],[1015957.612720693927258,5692495.499105604365468,0.0],[1015970.315619751694612,5692465.834456042386591,0.0],[1016083.077262583305128,5692170.593098586425185,0.0],[1016058.219966793316416,5692153.809037752449512,0.0],[1015943.200364451971836,5692104.158287204802036,0.0],[1015832.494985984056257,5692052.653385446406901,0.0],[1015698.840514589566737,5691989.128401694819331,0.0],[1015605.788242807961069,5691952.487079797312617,0.0],[1015446.790196053334512,5691897.473136597312987,0.0],[1015316.280393383465707,5691851.582115678116679,0.0],[1015189.656084339367226,5691806.008738130331039,0.0],[1015119.547497603227384,5691784.213290077634156,0.0],[1015047.534135771915317,5691745.651889853179455,0.0],[1014992.481090671615675,5691716.134192482568324,0.0]]]}},
{"type":"Feature","properties":{"fid":451,"TIPOLOGIA":"SCAVO","PROVINCIA":"MI","COMUNE":"PERO","CLUSTER":"3","ROUTE":"18","ENTE":"COMUNE","ENTE 2":null,"LUNGHEZZA":1532.73,"SPAN":"18","LOTTO":"1A","TRATTA_ID":"TR_0451","ENTE 3":null,"MOTIVO_NO":"Manca autorizz","STATO_AUTORIZZAZIONE":"PROTOCOLLATO","STATO_NULLAOSTA":"NON NECESSARIO","STATO_ORDINANZA":"NON NECESSARIO","PROTOCOLLO_AUT":"2026/05/13","PRATICA":"AUT/24/1A","LAVORABILE":"NO","STATO_LEGENDA":"PROTOCOLLATO","CAMPO AWS":"ON GOING"},"geometry":{"type":"MultiLineString","coordinates":[[[1012745.389876256813295,5701685.141161834821105,0.0],[1012421.056449437397532,5701788.896559650078416,0.0],[1012415.422672180226073,5701773.247178378514946,0.0],[1012228.334319103276357,5701841.008999281562865,0.0],[1012097.505491688032635,5701886.079217338934541,0.0],[1011885.925856920541264,5701980.60148020926863,0.0],[1011699.385232185130008,5702113.308233375661075,0.0],[1011501.577052934910171,5702266.67216981947422,0.0],[1011344.457264986354858,5702387.485393220558763,0.0],[1011196.727105799829587,5702502.664839368313551,0.0],[1011123.488001457066275,5702555.872735683806241,0.0],[1010960.108461000607349,5702662.288528319448233,0.0],[1010897.510935921687633,5702703.602894870564342,0.0],[1010874.38897509558592,5702728.250670378096402,0.0]]]}},
{"type":"Feature","properties":{"fid":452,"TIPOLOGIA":"SCAVO","PROVINCIA":"MI","COMUNE":"MILANO","CLUSTER":"3","ROUTE":"5","ENTE":"COMUNE","ENTE 2":null,"LUNGHEZZA":2992.83,"SPAN":"5","LOTTO":"3","TRATTA_ID":"TR_0452","ENTE 3":null,"MOTIVO_NO":"Manca autorizz","STATO_AUTORIZZAZIONE":"IN ATTESA","STATO_NULLAOSTA":"NON NECESSARIO","STATO_ORDINANZA":"NON NECESSARIO","PROTOCOLLO_AUT":null,"PRATICA":null,"LAVORABILE":"NO","STATO_LEGENDA":"IN ATTESA","CAMPO AWS":"NOT STARTED"},"geometry":{"type":"MultiLineString","coordinates":[[[1016292.431966413510963,5699813.943748661316931,0.0],[1016289.526127638528123,5699834.938780969940126,0.0],[1016271.276253539021127,5699848.697763660922647,0.0],[1016278.899496985250153,5699877.539812977425754,0.0],[1015344.239464995218441,5700426.300870557315648,0.0],[1015328.506157318479382,5700455.54581337235868,0.0],[1015308.367928626597859,5700517.659972652792931,0.0],[1015257.243707607965916,5700769.976848318241537,0.0],[1015263.74951914139092,5700789.785775871947408,0.0],[1015215.41098868905101,5700804.552330965176225,0.0],[1015217.061690787086263,5700830.2316191252321,0.0],[1015084.830663440749049,5700868.077880694530904,0.0],[1014748.77675933635328,5700985.429983871988952,0.0],[1014738.08211450825911,5700998.845524586737156,0.0],[1014725.651379276998341,5701004.558521657250822,0.0],[1014707.987159858923405,5701008.866578082554042,0.0],[1014691.846683505224064,5701002.396075467579067,0.0],[1014339.250416420632973,5701125.86920655425638,0.0],[1014325.695621003396809,5701144.111394577659667,0.0],[1014310.543434076476842,5701159.911529599688947,0.0],[1014296.38816685648635,5701162.760503128170967,0.0],[1014282.84870929538738,5701159.331113674677908,0.0],[1014267.193360657780431,5701152.518754798918962,0.0],[1014240.128103666356765,5701159.88423287589103,0.0],[1014125.567003055824898,5701198.942165898159146,0.0],[1014123.88320127944462,5701199.516234781593084,0.0],[1014125.578688535722904,5701198.919707900844514,0.0],[1014125.567003055824898,5701198.942165898159146,0.0],[1014122.169640408013947,5701205.471464505419135,0.0],[1014120.15473492257297,5701207.781880255788565,0.0],[1014118.604388128267601,5701208.939900771714747,0.0],[1014113.66727396834176,5701215.151598991826177,0.0],[1014110.951450768392533,5701224.185060593299568,0.0],[1014086.699908279697411,5701232.131639370694757,0.0],[1014069.73363455478102,5701224.56454517506063,0.0],[1014044.580319863511249,5701222.184683283790946,0.0],[1013467.753691750462167,5701427.02121511194855,0.0],[1013456.407295685145073,5701443.083911403082311,0.0],[1013449.144754256703891,5701455.425264621153474,0.0],[1013445.600806139991619,5701469.149104504846036,0.0],[1013445.038770052953623,5701469.750575528480113,0.0],[1013439.782455210923217,5701483.091717950999737,0.0],[1013413.49385664309375,5701489.214004625566304,0.0],[1013396.884263276355341,5701475.771023555658758,0.0],[1013375.162481723586097,5701469.722295136190951,0.0],[1013355.440896575222723,5701468.511277631856501,0.0],[1013272.2276963039767,5701493.474926738999784,0.0],[1013131.4559972245479,5701541.051233232952654,0.0],[1013127.401326171355322,5701562.164621572010219,0.0],[1013123.06781770545058,5701575.611132399179041,0.0],[1013103.009137398563325,5701582.40114020369947,0.0],[1013084.073262150515802,5701576.531346004456282,0.0],[1013066.078751075314358,5701572.080338745377958,0.0],[1012798.558016962371767,5701666.048733068630099,0.0]]]}},
{"type":"Feature","properties":{"fid":453,"TIPOLOGIA":"SCAVO","PROVINCIA":"MI","COMUNE":"MILANO","CLUSTER":"3","ROUTE":"4","ENTE":"COMUNE","ENTE 2":null,"LUNGHEZZA":1858.41,"SPAN":"4_1_1","LOTTO":"3","TRATTA_ID":"TR_0453","ENTE 3":null,"MOTIVO_NO":"Manca autorizz","STATO_AUTORIZZAZIONE":"IN ATTESA","STATO_NULLAOSTA":"NON NECESSARIO","STATO_ORDINANZA":"NON NECESSARIO","PROTOCOLLO_AUT":null,"PRATICA":null,"LAVORABILE":"NO","STATO_LEGENDA":"IN ATTESA","CAMPO AWS":"NOT STARTED"},"geometry":{"type":"MultiLineString","coordinates":[[[1022432.717002480174415,5700204.522592809982598,0.0],[1022403.064305925974622,5700201.961526439525187,0.0],[1022346.488223682274111,5700195.875814652070403,0.0],[1022062.070720129879192,5700170.011357438750565,0.0],[1021013.860931818722747,5700078.537670482881367,0.0],[1020957.611733482801355,5700071.797267220914364,0.0],[1020877.286986314342357,5700074.880755270831287,0.0],[1020848.951511600869708,5700078.746681654825807,0.0],[1020769.200279848999344,5700126.84248011559248,0.0],[1020581.35682693880517,5700235.540549302473664,0.0],[1020442.989285096875392,5700322.121085654944181,0.0],[1020391.443519760621712,5700352.19069860316813,0.0],[1020342.393832164001651,5700366.17759854067117,0.0],[1020283.658303031581454,5700370.003442618064582,0.0],[1020235.370380043750629,5700361.041877961717546,0.0],[1020140.661353960749693,5700313.231343404389918,0.0],[1019992.64325790386647,5700200.872561275027692,0.0],[1019940.137401836225763,5700149.170615049079061,0.0]]]}},
{"type":"Feature","properties":{"fid":454,"TIPOLOGIA":"SCAVO","PROVINCIA":"MI","COMUNE":"PIOLTELLO","CLUSTER":"3","ROUTE":"39","ENTE":"PROVINCIA DI MILANO","ENTE 2":"COMUNE","LUNGHEZZA":88.23,"SPAN":"39_1","LOTTO":"5","TRATTA_ID":"TR_0454","ENTE 3":null,"MOTIVO_NO":"Manca autorizz","STATO_AUTORIZZAZIONE":"IN ATTESA","STATO_NULLAOSTA":"NON NECESSARIO","STATO_ORDINANZA":"NON NECESSARIO","PROTOCOLLO_AUT":null,"PRATICA":null,"LAVORABILE":"NO","STATO_LEGENDA":"IN ATTESA","CAMPO AWS":"NOT STARTED"},"geometry":{"type":"MultiLineString","coordinates":[[[1037340.592392380931415,5700469.382324352860451,0.0],[1037354.171059488668106,5700482.764494176954031,0.0],[1037365.081393958535045,5700493.815744595602155,0.0],[1037371.082967114518397,5700516.120212399400771,0.0],[1037366.455611227080226,5700529.981679860502481,0.0],[1037355.760715778917074,5700540.883739707060158,0.0],[1037346.762782979989424,5700551.410483677871525,0.0],[1037344.13162118929904,5700567.757203394547105,0.0],[1037346.947696442017332,5700575.217697489075363,0.0]]]}},
{"type":"Feature","properties":{"fid":455,"TIPOLOGIA":"NO DIG","PROVINCIA":"MI","COMUNE":"PIOLTELLO","CLUSTER":"3","ROUTE":"39","ENTE":"COMUNE","ENTE 2":"RFI","LUNGHEZZA":39.45,"SPAN":"39_1","LOTTO":"5","TRATTA_ID":"TR_0455","ENTE 3":null,"MOTIVO_NO":"Manca autorizz","STATO_AUTORIZZAZIONE":"IN ATTESA","STATO_NULLAOSTA":"NON NECESSARIO","STATO_ORDINANZA":"NON NECESSARIO","PROTOCOLLO_AUT":null,"PRATICA":null,"LAVORABILE":"NO","STATO_LEGENDA":"IN ATTESA","CAMPO AWS":"NOT STARTED"},"geometry":{"type":"MultiLineString","coordinates":[[[1037847.57158526184503,5698153.172619842924178,0.0],[1037835.923055103980005,5698208.299573249183595,0.0]]]}},
{"type":"Feature","properties":{"fid":456,"TIPOLOGIA":"SCAVO","PROVINCIA":"MI","COMUNE":"PIOLTELLO","CLUSTER":"3","ROUTE":"39","ENTE":"COMUNE","ENTE 2":null,"LUNGHEZZA":2043.6,"SPAN":"39_1","LOTTO":"5","TRATTA_ID":"TR_0456","ENTE 3":null,"MOTIVO_NO":"Manca autorizz","STATO_AUTORIZZAZIONE":"IN ATTESA","STATO_NULLAOSTA":"NON NECESSARIO","STATO_ORDINANZA":"NON NECESSARIO","PROTOCOLLO_AUT":null,"PRATICA":null,"LAVORABILE":"NO","STATO_LEGENDA":"IN ATTESA","CAMPO AWS":"NOT STARTED"},"geometry":{"type":"MultiLineString","coordinates":[[[1037835.923055103980005,5698208.299573249183595,0.0],[1037821.695416574948467,5698275.632680921815336,0.0],[1037816.504537664237432,5698438.376491459086537,0.0],[1037818.26272221643012,5698441.892860217019916,0.0],[1037820.778055381262675,5698444.1294518513605,0.0],[1037830.422318383702077,5698445.591218650341034,0.0],[1037828.964396428200416,5698460.171505691483617,0.0],[1037821.674275162164122,5698462.844628490507603,0.0],[1037813.169163973885588,5698471.106860445812345,0.0],[1037799.075060091796331,5698502.211573295295238,0.0],[1037769.185606723069213,5698573.223125051707029,0.0],[1037773.317219456657767,5698743.807463584467769,0.0],[1037776.962401875993237,5698745.801168701611459,0.0],[1037779.8786956963595,5698789.786361891776323,0.0],[1037785.225627830368467,5698940.405936625786126,0.0],[1037793.489193616318516,5699128.937279283069074,0.0],[1037800.537800239515491,5699282.802308641374111,0.0],[1037787.414356205496006,5699282.559334514662623,0.0],[1037778.739501539967023,5699286.013970911502838,0.0],[1037595.770397124579176,5699279.041275451891124,0.0],[1037598.837930974666961,5699342.35548126604408,0.0],[1037591.306930350023322,5699361.042957476340234,0.0],[1037588.517587118316442,5699374.431056314148009,0.0],[1037588.517440763418563,5699386.982445863075554,0.0],[1037596.605949986143969,5699402.880977344699204,0.0],[1037602.463058363064192,5699424.3579645389691,0.0],[1037602.463022179785185,5699443.750871772877872,0.0],[1037594.374096534447744,5699463.833160650916398,0.0],[1037590.74777662823908,5699493.120008301921189,0.0],[1037591.86316163034644,5699520.175647662952542,0.0],[1037599.672827714006416,5699555.269896346144378,0.0],[1037607.761095321853645,5699625.531760011799634,0.0],[1037612.223383676027879,5699697.974415060132742,0.0],[1037618.088983708410524,5699722.110195841640234,0.0],[1037626.343062040745281,5699755.3302370198071,0.0],[1037613.704687591409311,5699757.937673141248524,0.0],[1037603.063253746950068,5699762.973901897668839,0.0],[1037595.131218841881491,5699773.492436309345067,0.0],[1037592.299848877126351,5699786.062385990284383,0.0],[1037598.630171238561161,5699801.934973356314003,0.0],[1037612.668560415972024,5699813.555479783564806,0.0],[1037623.150123808300123,5699946.28988179564476,0.0],[1037234.805317201651633,5699975.331753791309893,0.0],[1037244.961860166629776,5700125.559627801179886,0.0],[1037263.054683245019987,5700147.234714458696544,0.0],[1037286.307243128074333,5700204.639759996905923,0.0],[1037340.592392380931415,5700469.382324352860451,0.0]]]}},
{"type":"Feature","properties":{"fid":457,"TIPOLOGIA":"NO DIG","PROVINCIA":"MI","COMUNE":"PIOLTELLO","CLUSTER":"3","ROUTE":"39","ENTE":"COMUNE","ENTE 2":"PROVINCIA DI MILANO","LUNGHEZZA":35.25,"SPAN":"39_1","LOTTO":"5","TRATTA_ID":"TR_0457","ENTE 3":null,"MOTIVO_NO":"Manca autorizz","STATO_AUTORIZZAZIONE":"IN ATTESA","STATO_NULLAOSTA":"NON NECESSARIO","STATO_ORDINANZA":"NON NECESSARIO","PROTOCOLLO_AUT":null,"PRATICA":null,"LAVORABILE":"NO","STATO_LEGENDA":"IN ATTESA","CAMPO AWS":"NOT STARTED"},"geometry":{"type":"MultiLineString","coordinates":[[[1036824.111440567299724,5697129.426363697275519,0.0],[1036818.532819459913298,5697179.464196543209255,0.0]]]}},
{"type":"Feature","properties":{"fid":458,"TIPOLOGIA":"NO DIG","PROVINCIA":"MI","COMUNE":"PIOLTELLO","CLUSTER":"3","ROUTE":"39","ENTE":"COMUNE","ENTE 2":null,"LUNGHEZZA":246.39,"SPAN":"39_1","LOTTO":"5","TRATTA_ID":"TR_0458","ENTE 3":null,"MOTIVO_NO":"Manca autorizz","STATO_AUTORIZZAZIONE":"IN ATTESA","STATO_NULLAOSTA":"NON NECESSARIO","STATO_ORDINANZA":"NON NECESSARIO","PROTOCOLLO_AUT":null,"PRATICA":null,"LAVORABILE":"NO","STATO_LEGENDA":"IN ATTESA","CAMPO AWS":"NOT STARTED"},"geometry":{"type":"MultiLineString","coordinates":[[[1036482.852103664423339,5697082.472504670731723,0.0],[1036824.828050996758975,5697122.998696531169116,0.0],[1036824.111440567299724,5697129.426363697275519,0.0]]]}},
{"type":"Feature","properties":{"fid":460,"TIPOLOGIA":"NO DIG","PROVINCIA":"MI","COMUNE":"SAN GIULIANO MILANESE","CLUSTER":"3","ROUTE":"40","ENTE":"PROVINCIA DI MILANO","ENTE 2":null,"LUNGHEZZA":210.53,"SPAN":"40","LOTTO":"4","TRATTA_ID":"TR_0460","ENTE 3":null,"MOTIVO_NO":"Manca autorizz","STATO_AUTORIZZAZIONE":"IN ATTESA","STATO_NULLAOSTA":"NON NECESSARIO","STATO_ORDINANZA":"NON NECESSARIO","PROTOCOLLO_AUT":null,"PRATICA":null,"LAVORABILE":"NO","STATO_LEGENDA":"IN ATTESA","CAMPO AWS":"NOT STARTED"},"geometry":{"type":"MultiLineString","coordinates":[[[1038057.560211855685338,5679591.037346674129367,0.0],[1038098.521243136608973,5679610.365551950410008,0.0],[1038203.503191033494659,5679660.417945811524987,0.0],[1038265.774966928642243,5679688.473051032051444,0.0],[1038310.711841530865058,5679706.921659024432302,0.0],[1038323.756450734101236,5679712.555632885545492,0.0],[1038325.076422704383731,5679719.083193994127214,0.0]]]}},
{"type":"Feature","properties":{"fid":463,"TIPOLOGIA":"NO DIG","PROVINCIA":"MI","COMUNE":"MEDIGLIA","CLUSTER":"3","ROUTE":"40","ENTE":"PROVINCIA DI MILANO","ENTE 2":null,"LUNGHEZZA":212.47,"SPAN":"40","LOTTO":"4","TRATTA_ID":"TR_0463","ENTE 3":null,"MOTIVO_NO":"Manca autorizz","STATO_AUTORIZZAZIONE":"IN ATTESA","STATO_NULLAOSTA":"NON NECESSARIO","STATO_ORDINANZA":"NON NECESSARIO","PROTOCOLLO_AUT":null,"PRATICA":null,"LAVORABILE":"NO","STATO_LEGENDA":"IN ATTESA","CAMPO AWS":"NOT STARTED"},"geometry":{"type":"MultiLineString","coordinates":[[[1043434.810157786589116,5689029.478492582216859,0.0],[1043438.743250644649379,5689053.219806552864611,0.0],[1043481.540260523790494,5689096.427595882676542,0.0],[1043531.125237809028476,5689136.406254025176167,0.0],[1043606.684020362445153,5689185.448770135641098,0.0],[1043635.182473837980069,5689218.907377309165895,0.0],[1043637.273486881284043,5689223.796374265104532,0.0],[1043641.061857522348873,5689226.699724548496306,0.0],[1043644.886472048703581,5689228.780665595084429,0.0],[1043650.283170359442011,5689230.445927010849118,0.0]]]}},
{"type":"Feature","properties":{"fid":465,"TIPOLOGIA":"NO DIG","PROVINCIA":"CR","COMUNE":"RIVOLTA D'ADDA","CLUSTER":"3","ROUTE":"6","ENTE":"PROVINCIA DI MILANO","ENTE 2":null,"LUNGHEZZA":111.19,"SPAN":"6_2","LOTTO":"4","TRATTA_ID":"TR_0465","ENTE 3":null,"MOTIVO_NO":"Manca autorizz","STATO_AUTORIZZAZIONE":"IN ATTESA","STATO_NULLAOSTA":"NON NECESSARIO","STATO_ORDINANZA":"NON NECESSARIO","PROTOCOLLO_AUT":null,"PRATICA":null,"LAVORABILE":"NO","STATO_LEGENDA":"IN ATTESA","CAMPO AWS":"NOT STARTED"},"geometry":{"type":"MultiLineString","coordinates":[[[1059815.637610711622983,5701155.819829732179642,0.0],[1059809.016758282203227,5701123.216453470289707,0.0],[1059804.919293768703938,5700997.655898050405085,0.0]]]}},
{"type":"Feature","properties":{"fid":467,"TIPOLOGIA":"NO DIG","PROVINCIA":"MB","COMUNE":"MONZA","CLUSTER":"3","ROUTE":"9","ENTE":"COMUNE","ENTE 2":null,"LUNGHEZZA":285.27,"SPAN":"9_2","LOTTO":"2","TRATTA_ID":"TR_0467","ENTE 3":null,"MOTIVO_NO":"Manca autorizz","STATO_AUTORIZZAZIONE":"IN ATTESA","STATO_NULLAOSTA":"NON NECESSARIO","STATO_ORDINANZA":"NON NECESSARIO","PROTOCOLLO_AUT":null,"PRATICA":null,"LAVORABILE":"NO","STATO_LEGENDA":"IN ATTESA","CAMPO AWS":"NOT STARTED"},"geometry":{"type":"MultiLineString","coordinates":[[[1028782.507653912412934,5715170.480222712270916,0.0],[1028708.704334965790622,5715185.276016599498689,0.0],[1028611.413534751511179,5715203.790959262289107,0.0],[1028521.404376062448137,5715224.801154154352844,0.0],[1028438.691074325470254,5715239.649597132578492,0.0],[1028384.040697004762478,5715252.985510985367,0.0]]]}},
{"type":"Feature","properties":{"fid":469,"TIPOLOGIA":"NO DIG","PROVINCIA":"MI","COMUNE":"LAINATE","CLUSTER":"3","ROUTE":"9","ENTE":"PROVINCIA DI MILANO","ENTE 2":null,"LUNGHEZZA":86.46,"SPAN":"9_2","LOTTO":"2","TRATTA_ID":"TR_0469","ENTE 3":null,"MOTIVO_NO":"Manca autorizz","STATO_AUTORIZZAZIONE":"IN ATTESA","STATO_NULLAOSTA":"NON NECESSARIO","STATO_ORDINANZA":"NON NECESSARIO","PROTOCOLLO_AUT":null,"PRATICA":null,"LAVORABILE":"NO","STATO_LEGENDA":"IN ATTESA","CAMPO AWS":"NOT STARTED"},"geometry":{"type":"MultiLineString","coordinates":[[[1007740.368232988286763,5712252.295714211650193,0.0],[1007736.683394175139256,5712253.280242836102843,0.0],[1007621.637139144702815,5712285.686040147207677,0.0]]]}},
{"type":"Feature","properties":{"fid":472,"TIPOLOGIA":"NO DIG","PROVINCIA":"MB","COMUNE":"CONCOREZZO","CLUSTER":"3","ROUTE":"9","ENTE":"PROVINCIA DI MB","ENTE 2":null,"LUNGHEZZA":401.66,"SPAN":"9_2","LOTTO":"2","TRATTA_ID":"TR_0472","ENTE 3":null,"MOTIVO_NO":"Manca autorizz","STATO_AUTORIZZAZIONE":"IN ATTESA","STATO_NULLAOSTA":"NON NECESSARIO","STATO_ORDINANZA":"NON NECESSARIO","PROTOCOLLO_AUT":null,"PRATICA":null,"LAVORABILE":"NO","STATO_LEGENDA":"IN ATTESA","CAMPO AWS":"NOT STARTED"},"geometry":{"type":"MultiLineString","coordinates":[[[1037055.176054998766631,5716172.343953644856811,0.0],[1037050.730159939965233,5716162.746057599782944,0.0],[1037014.620509788161144,5716106.404301417060196,0.0],[1036989.196756809367798,5716057.648255911655724,0.0],[1036959.254084697575308,5716009.805421901866794,0.0],[1036927.98237906396389,5715975.467689453624189,0.0],[1036894.704951458843425,5715939.435859926976264,0.0],[1036827.55951889581047,5715871.737199949100614,0.0],[1036789.416041775606573,5715834.008508492261171,0.0],[1036746.640782743692398,5715791.633512360043824,0.0],[1036696.15558762405999,5715728.836990524083376,0.0]]]}},
{"type":"Feature","properties":{"fid":473,"TIPOLOGIA":"NO DIG","PROVINCIA":"MB","COMUNE":"VILLASANTA","CLUSTER":"3","ROUTE":"9","ENTE":"PROVINCIA DI MB","ENTE 2":null,"LUNGHEZZA":575.58,"SPAN":"9_2","LOTTO":"2","TRATTA_ID":"TR_0473","ENTE 3":null,"MOTIVO_NO":"Manca autorizz","STATO_AUTORIZZAZIONE":"IN ATTESA","STATO_NULLAOSTA":"NON NECESSARIO","STATO_ORDINANZA":"NON NECESSARIO","PROTOCOLLO_AUT":null,"PRATICA":null,"LAVORABILE":"NO","STATO_LEGENDA":"IN ATTESA","CAMPO AWS":"NOT STARTED"},"geometry":{"type":"MultiLineString","coordinates":[[[1037455.572467682883143,5716890.927546703256667,0.0],[1037436.035503465682268,5716866.855605439282954,0.0],[1037411.783355843042955,5716823.704525301232934,0.0],[1037388.691711278399453,5716782.618201347067952,0.0],[1037365.515287328511477,5716742.825064577162266,0.0],[1037314.493798878858797,5716649.507455926388502,0.0],[1037284.498918927158229,5716600.45283130183816,0.0],[1037262.37876199267339,5716557.454049034975469,0.0],[1037172.169514199486002,5716393.970470669679344,0.0],[1037120.81503657461144,5716302.470235766842961,0.0],[1037076.790981243131682,5716218.318885201588273,0.0],[1037055.176054998766631,5716172.343953644856811,0.0]]]}},
{"type":"Feature","properties":{"fid":475,"TIPOLOGIA":"NO DIG","PROVINCIA":"BG","COMUNE":"CAPRIATE SAN GERVASIO","CLUSTER":"3","ROUTE":"9","ENTE":"PROVINCIA DI BERGAMO","ENTE 2":null,"LUNGHEZZA":232.37,"SPAN":"9_2","LOTTO":"1","TRATTA_ID":"TR_0475","ENTE 3":null,"MOTIVO_NO":"Manca autorizz","STATO_AUTORIZZAZIONE":"IN ATTESA","STATO_NULLAOSTA":"NON NECESSARIO","STATO_ORDINANZA":"NON NECESSARIO","PROTOCOLLO_AUT":null,"PRATICA":null,"LAVORABILE":"NO","STATO_LEGENDA":"IN ATTESA","CAMPO AWS":"NOT STARTED"},"geometry":{"type":"MultiLineString","coordinates":[[[1061755.803503807866946,5721929.028564820997417,0.0],[1061729.161501330789179,5721891.02831272687763,0.0],[1061648.533659087028354,5721757.225571954622865,0.0],[1061577.539549619657919,5721648.445041925646365,0.0]]]}},
{"type":"Feature","properties":{"fid":476,"TIPOLOGIA":"NO DIG","PROVINCIA":"BG","COMUNE":"BREMBATE","CLUSTER":"7","ROUTE":"45","ENTE":"COMUNE","ENTE 2":null,"LUNGHEZZA":433.05,"SPAN":"45_1","LOTTO":"7","TRATTA_ID":"TR_0476","ENTE 3":null,"MOTIVO_NO":"Manca autorizz","STATO_AUTORIZZAZIONE":"IN ATTESA","STATO_NULLAOSTA":"NON NECESSARIO","STATO_ORDINANZA":"NON NECESSARIO","PROTOCOLLO_AUT":null,"PRATICA":null,"LAVORABILE":"NO","STATO_LEGENDA":"IN ATTESA","CAMPO AWS":"NOT STARTED"},"geometry":{"type":"MultiLineString","coordinates":[[[1064843.472117122961208,5717296.30357629340142,0.0],[1064660.537503112806007,5717255.281905476935208,0.0],[1064472.969685644609854,5717219.732724570669234,0.0],[1064321.719100716058165,5717185.662966600619256,0.0],[1064238.475603298982605,5717170.634074334055185,0.0]]]}},
{"type":"Feature","properties":{"fid":478,"TIPOLOGIA":"NO DIG","PROVINCIA":"BG","COMUNE":"AZZANO SAN PAOLO","CLUSTER":"6","ROUTE":"3","ENTE":"COMUNE","ENTE 2":null,"LUNGHEZZA":31.77,"SPAN":"3_1","LOTTO":"7","TRATTA_ID":"TR_0478","ENTE 3":null,"MOTIVO_NO":"Manca autorizz","STATO_AUTORIZZAZIONE":"IN ATTESA","STATO_NULLAOSTA":"NON NECESSARIO","STATO_ORDINANZA":"NON NECESSARIO","PROTOCOLLO_AUT":null,"PRATICA":null,"LAVORABILE":"NO","STATO_LEGENDA":"IN ATTESA","CAMPO AWS":"NOT STARTED"},"geometry":{"type":"MultiLineString","coordinates":[[[1077482.709948877571151,5726532.882819838821888,0.0],[1077439.828509272774681,5726517.980748276226223,0.0]]]}},
{"type":"Feature","properties":{"fid":479,"TIPOLOGIA":"SCAVO","PROVINCIA":"BG","COMUNE":"PONTIROLO NUOVO","CLUSTER":"3","ROUTE":"4","ENTE":"PROVINCIA DI BERGAMO","ENTE 2":null,"LUNGHEZZA":156.99,"SPAN":"4_1_2","LOTTO":"3","TRATTA_ID":"TR_0479","ENTE 3":null,"MOTIVO_NO":"Manca autorizz","STATO_AUTORIZZAZIONE":"IN ATTESA","STATO_NULLAOSTA":"NON NECESSARIO","STATO_ORDINANZA":"NON NECESSARIO","PROTOCOLLO_AUT":null,"PRATICA":null,"LAVORABILE":"NO","STATO_LEGENDA":"IN ATTESA","CAMPO AWS":"NOT STARTED"},"geometry":{"type":"MultiLineString","coordinates":[[[1063241.792096612975001,5713066.278221959248185,0.0],[1063022.779460097895935,5713019.53536042291671,0.0]]]}},
{"type":"Feature","properties":{"fid":481,"TIPOLOGIA":"NO DIG","PROVINCIA":"MI","COMUNE":"PERO","CLUSTER":"1","ROUTE":"16","ENTE":"COMUNE","ENTE 2":null,"LUNGHEZZA":1562.4,"SPAN":"16_2","LOTTO":"1B","TRATTA_ID":"TR_0481","ENTE 3":null,"MOTIVO_NO":"Manca autorizz","STATO_AUTORIZZAZIONE":"PROTOCOLLATO INTEGRAZIONE","STATO_NULLAOSTA":"NON NECESSARIO","STATO_ORDINANZA":"IN ATTESA","PROTOCOLLO_AUT":"2026/03/13","PRATICA":"AUT/2/1B","LAVORABILE":"NO","STATO_LEGENDA":"PROTOCOLLATO INTEGRAZIONE","CAMPO AWS":"ON GOING"},"geometry":{"type":"MultiLineString","coordinates":[[[1010112.657950004562736,5700825.955781104974449,0.0],[1010154.861238994286396,5700842.929993306286633,0.0],[1010196.274949621874839,5700851.637265060096979,0.0],[1010459.716967759071849,5700878.444914393126965,0.0],[1010487.811549670994282,5700916.681071943603456,0.0],[1010470.987049411050975,5700995.942410707473755,0.0],[1010449.577101062634028,5701099.837219935841858,0.0],[1010411.570862778346054,5701238.172220062464476,0.0],[1010377.376318375347182,5701375.412247633561492,0.0],[1010342.63691028393805,5701513.748057851567864,0.0],[1010327.987219335045666,5701578.814182030968368,0.0],[1010307.849543953198008,5701602.202972695231438,0.0],[1010274.066220930428244,5701626.344083370640874,0.0],[1010253.078812168329023,5701672.281115194782615,0.0],[1010190.266325418371707,5701806.312944457866251,0.0],[1010138.599140689009801,5701929.631250237114727,0.0],[1010059.154779625474475,5702109.840339834801853,0.0],[1009981.32462401187513,5702288.405215344391763,0.0],[1009922.397724221576937,5702418.533008558675647,0.0],[1009893.470488413819112,5702481.840346456505358,0.0],[1009866.263941569486633,5702525.649045250378549,0.0],[1009849.333282868145034,5702557.899466876871884,0.0],[1009837.459161251899786,5702588.765243674628437,0.0],[1009833.461944427923299,5702607.981847818009555,0.0]]]}},
{"type":"Feature","properties":{"fid":483,"TIPOLOGIA":"NO DIG","PROVINCIA":"MI","COMUNE":"MILANO","CLUSTER":"1","ROUTE":"16","ENTE":"COMUNE","ENTE 2":null,"LUNGHEZZA":1439.93,"SPAN":"16_2","LOTTO":"1B","TRATTA_ID":"TR_0483","ENTE 3":null,"MOTIVO_NO":"Manca autorizz","STATO_AUTORIZZAZIONE":"COORDINAMENTO","STATO_NULLAOSTA":"NON NECESSARIO","STATO_ORDINANZA":"NON NECESSARIO","PROTOCOLLO_AUT":null,"PRATICA":"AUT/7/1B","LAVORABILE":"NO","STATO_LEGENDA":"COORDINAMENTO","CAMPO AWS":"ON GOING"},"geometry":{"type":"MultiLineString","coordinates":[[[1009471.531892602681182,5698788.343818921595812,0.0],[1009523.745781775214709,5698809.085741242393851,0.0],[1009523.745781775214709,5698809.085741242393851,0.0],[1009614.778786603477784,5698854.517607083544135,0.0],[1009639.02758139022626,5698864.510931985452771,0.0],[1009757.053911291295663,5698902.682646214030683,0.0],[1009857.43505922856275,5698934.656235768459737,0.0],[1009866.176889371359721,5698999.626498058438301,0.0],[1009864.663285907008685,5699145.21476933080703,0.0],[1009865.968653043382801,5699218.231969051063061,0.0],[1009866.563161627273075,5699321.241600122302771,0.0],[1009872.819642681162804,5699334.41471903026104,0.0],[1009928.892908684560098,5699354.873187177814543,0.0],[1009959.23071140376851,5699393.687688656151295,0.0],[1009969.889225572813302,5699412.098523564636707,0.0],[1009928.531435799435712,5699532.362259893678129,0.0],[1009904.435308631625958,5699639.134432080201805,0.0],[1009891.665450120461173,5699696.47622025758028,0.0],[1009936.725272823357955,5699711.19106647092849,0.0],[1009981.643045886885375,5699718.080724407918751,0.0],[1010036.308767405920662,5699732.734303493984044,0.0],[1010056.675873579224572,5699733.442950283177197,0.0],[1010067.186250004451722,5699688.268755397759378,0.0],[1010109.494513080338947,5699702.376781261526048,0.0],[1010146.64392753620632,5699711.925454129464924,0.0],[1010161.787280359771103,5699705.10282547865063,0.0],[1010192.366766567458399,5699712.62167592998594,0.0],[1010237.090673353755847,5699727.171724085696042,0.0],[1010297.305473207728937,5699747.705165529623628,0.0],[1010334.578295762999915,5699762.90210958942771,0.0],[1010333.925556691829115,5699778.221105146221817,0.0],[1010321.545328372274525,5699816.631393353454769,0.0],[1010306.47346181049943,5699856.3829465797171,0.0],[1010296.116671791882254,5699889.08220031671226,0.0],[1010293.657380575314164,5699922.429727583192289,0.0],[1010284.869367477251217,5699945.363376824185252,0.0],[1010270.707151569775306,5699962.399920139461756,0.0],[1010203.124455396085978,5700039.489927033893764,0.0]]]}},
{"type":"Feature","properties":{"fid":484,"TIPOLOGIA":"NO DIG","PROVINCIA":"BG","COMUNE":"FILAGO","CLUSTER":"7","ROUTE":"33","ENTE":"PROVINCIA DI BERGAMO","ENTE 2":null,"LUNGHEZZA":1201.48,"SPAN":"33_1","LOTTO":"7","TRATTA_ID":"TR_0484","ENTE 3":null,"MOTIVO_NO":"Manca autorizz","STATO_AUTORIZZAZIONE":"IN ATTESA","STATO_NULLAOSTA":"NON NECESSARIO","STATO_ORDINANZA":"NON NECESSARIO","PROTOCOLLO_AUT":null,"PRATICA":null,"LAVORABILE":"NO","STATO_LEGENDA":"IN ATTESA","CAMPO AWS":"NOT STARTED"},"geometry":{"type":"MultiLineString","coordinates":[[[1062809.827590705361217,5721137.862532063387334,0.0],[1062798.224330530967563,5721155.382665756158531,0.0],[1062772.886451492318884,5721235.635852660983801,0.0],[1062702.773330742260441,5721472.722007904201746,0.0],[1062629.585837145103142,5721713.884162427857518,0.0],[1062552.545981052098796,5721964.414784430526197,0.0],[1062516.837485414464027,5722076.971664795652032,0.0],[1062505.882258572848514,5722134.438234920613468,0.0],[1062498.713137803599238,5722178.997796161100268,0.0],[1062487.770535147516057,5722252.460443213582039,0.0],[1062476.223792917560786,5722330.87483011931181,0.0],[1062457.811398872872815,5722391.282255073077977,0.0],[1062418.165279775159433,5722460.513134974986315,0.0],[1062371.745096323080361,5722509.493207525461912,0.0],[1062297.688515712274238,5722559.07389897108078,0.0],[1062228.205974389798939,5722597.959156086668372,0.0],[1062199.39679487189278,5722631.617420529015362,0.0],[1062185.013523552333936,5722684.44652328081429,0.0]]]}},
{"type":"Feature","properties":{"fid":489,"TIPOLOGIA":"SCAVO","PROVINCIA":"MI","COMUNE":"LAINATE","CLUSTER":"3","ROUTE":"9","ENTE":"COMUNE","ENTE 2":"AUTOSTRADE","LUNGHEZZA":65.29,"SPAN":"9_2","LOTTO":"2","TRATTA_ID":"TR_0489","ENTE 3":null,"MOTIVO_NO":"Manca autorizz","STATO_AUTORIZZAZIONE":"IN ATTESA","STATO_NULLAOSTA":"NON NECESSARIO","STATO_ORDINANZA":"NON NECESSARIO","PROTOCOLLO_AUT":null,"PRATICA":null,"LAVORABILE":"NO","STATO_LEGENDA":"IN ATTESA","CAMPO AWS":"NOT STARTED"},"geometry":{"type":"MultiLineString","coordinates":[[[1004478.817919478286058,5711411.38607523124665,0.0],[1004466.599469884182326,5711405.600747679360211,0.0],[1004435.749126797425561,5711370.098669222556055,0.0],[1004418.464154277928174,5711345.212313254363835,0.0],[1004418.967033580527641,5711342.836471200920641,0.0]]]}},
{"type":"Feature","properties":{"fid":490,"TIPOLOGIA":"SCAVO","PROVINCIA":"MI","COMUNE":"RHO","CLUSTER":"1","ROUTE":"9","ENTE":"COMUNE","ENTE 2":"ANAS","LUNGHEZZA":52.67,"SPAN":"9_3","LOTTO":"1A","TRATTA_ID":"TR_0490","ENTE 3":null,"MOTIVO_NO":"Manca autorizz | Manca nulla osta","STATO_AUTORIZZAZIONE":"PROTOCOLLATO","STATO_NULLAOSTA":"PROTOCOLLATO INTEGRAZIONE","STATO_ORDINANZA":"NON NECESSARIO","PROTOCOLLO_AUT":"2026/03/27","PRATICA":"AUT/20/1A | NO/17/1A","LAVORABILE":"NO","STATO_LEGENDA":"PROTOCOLLATO","CAMPO AWS":"ON GOING"},"geometry":{"type":"MultiLineString","coordinates":[[[1008211.996783414506353,5704949.784367302432656,0.0],[1008269.408173777512275,5704966.382081246934831,0.0],[1008284.683923322707415,5704967.453853292390704,0.0]]]}},
{"type":"Feature","properties":{"fid":491,"TIPOLOGIA":"SCAVO","PROVINCIA":"MI","COMUNE":"RHO","CLUSTER":"1","ROUTE":"9","ENTE":"COMUNE","ENTE 2":null,"LUNGHEZZA":685.98,"SPAN":"9_3","LOTTO":"1A","TRATTA_ID":"TR_0491","ENTE 3":null,"MOTIVO_NO":"Manca autorizz","STATO_AUTORIZZAZIONE":"PROTOCOLLATO","STATO_NULLAOSTA":"NON NECESSARIO","STATO_ORDINANZA":"NON NECESSARIO","PROTOCOLLO_AUT":"2026/03/27","PRATICA":"AUT/20/1A","LAVORABILE":"NO","STATO_LEGENDA":"PROTOCOLLATO","CAMPO AWS":"ON GOING"},"geometry":{"type":"MultiLineString","coordinates":[[[1008767.576651181909256,5704697.208555219694972,0.0],[1008797.793808438815176,5704694.859453439712524,0.0],[1008865.159048804547638,5704706.064494003541768,0.0],[1008919.856391564244404,5704713.126590150408447,0.0],[1008969.391829669824801,5704718.603485357016325,0.0],[1009065.706254745018668,5704738.646947169676423,0.0],[1009238.278607650427148,5704776.553257900290191,0.0],[1009276.320371863082983,5704788.573551028966904,0.0],[1009279.953087739646435,5704795.678364915773273,0.0],[1009281.578697436954826,5704807.909294500946999,0.0],[1009283.05150758556556,5704812.384759359993041,0.0],[1009293.562999138841406,5704812.862725243903697,0.0],[1009295.84936195879709,5704808.558175018057227,0.0],[1009304.727700621820986,5704800.803428533487022,0.0],[1009313.368784350575879,5704794.638188285753131,0.0],[1009313.992503200075589,5704794.666545012034476,0.0],[1009333.653033373411745,5704792.563413478434086,0.0],[1009352.033732445095666,5704789.524708307348192,0.0],[1009382.494287997833453,5704779.485472660511732,0.0],[1009405.984553162939847,5704772.239571989513934,0.0],[1009427.229204516159371,5704762.095026208087802,0.0],[1009440.328224348602816,5704749.691898004151881,0.0],[1009454.565603354945779,5704723.694667757488787,0.0],[1009461.857009162078612,5704704.259947751648724,0.0],[1009461.845388543093577,5704687.542474431917071,0.0],[1009457.913737964001484,5704667.164332116954029,0.0],[1009458.484636393608525,5704655.038167728111148,0.0],[1009464.469697801745497,5704635.53405358735472,0.0],[1009472.628707427997142,5704613.322464663535357,0.0],[1009478.586073523620144,5704594.43292401637882,0.0],[1009479.86234309989959,5704573.109192978590727,0.0],[1009474.053691982990131,5704548.39165570307523,0.0],[1009472.488753856043331,5704533.05526205804199,0.0],[1009453.474755613366142,5704505.12111649196595,0.0]]]}},
{"type":"Feature","properties":{"fid":492,"TIPOLOGIA":"SCAVO","PROVINCIA":"MI","COMUNE":"RHO","CLUSTER":"1","ROUTE":"9","ENTE":"COMUNE","ENTE 2":"SERRAVALLE","LUNGHEZZA":226.88,"SPAN":"9_3","LOTTO":"1A","TRATTA_ID":"TR_0492","ENTE 3":null,"MOTIVO_NO":"Manca autorizz | Manca nulla osta","STATO_AUTORIZZAZIONE":"PROTOCOLLATO","STATO_NULLAOSTA":"PROTOCOLLATO INTEGRAZIONE","STATO_ORDINANZA":"NON NECESSARIO","PROTOCOLLO_AUT":"2026/03/27","PRATICA":"AUT/20/1A | NO/19/1A","LAVORABILE":"NO","STATO_LEGENDA":"PROTOCOLLATO","CAMPO AWS":"ON GOING"},"geometry":{"type":"MultiLineString","coordinates":[[[1008644.452095252927393,5704967.319076699204743,0.0],[1008709.36101689003408,5704940.502779527567327,0.0],[1008734.492580269114114,5704900.071803001686931,0.0],[1008750.767936789663509,5704847.489881934598088,0.0],[1008760.78354080230929,5704758.601396322250366,0.0],[1008767.576651181909256,5704697.208555219694972,0.0]]]}},
{"type":"Feature","properties":{"fid":493,"TIPOLOGIA":"SCAVO","PROVINCIA":"MI","COMUNE":"RHO","CLUSTER":"1","ROUTE":"9","ENTE":"COMUNE","ENTE 2":null,"LUNGHEZZA":175.69,"SPAN":"9_3","LOTTO":"1A","TRATTA_ID":"TR_0493","ENTE 3":null,"MOTIVO_NO":"Manca autorizz","STATO_AUTORIZZAZIONE":"PROTOCOLLATO","STATO_NULLAOSTA":"NON NECESSARIO","STATO_ORDINANZA":"NON NECESSARIO","PROTOCOLLO_AUT":"2026/03/27","PRATICA":"AUT/20/1A","LAVORABILE":"NO","STATO_LEGENDA":"PROTOCOLLATO","CAMPO AWS":"ON GOING"},"geometry":{"type":"MultiLineString","coordinates":[[[1008284.683923322707415,5704967.453853292390704,0.0],[1008297.024998153676279,5704968.319723764434457,0.0],[1008347.058418456581421,5704962.077674008905888,0.0],[1008408.709748548804782,5704954.157047883607447,0.0],[1008460.936919618630782,5704953.120942122302949,0.0],[1008533.686360704130493,5704960.981318586505949,0.0]]]}},
{"type":"Feature","properties":{"fid":494,"TIPOLOGIA":"NO DIG","PROVINCIA":"MI","COMUNE":"MILANO","CLUSTER":"1","ROUTE":"16","ENTE":"COMUNE","ENTE 2":"SERRAVALLE","LUNGHEZZA":263.07,"SPAN":"16_2","LOTTO":"1B","TRATTA_ID":"TR_0494","ENTE 3":null,"MOTIVO_NO":"Manca autorizz | Manca nulla osta","STATO_AUTORIZZAZIONE":"COORDINAMENTO","STATO_NULLAOSTA":"NECESSARIA INTEGRAZIONE","STATO_ORDINANZA":"NON NECESSARIO","PROTOCOLLO_AUT":null,"PRATICA":"AUT/7/1B | NO/5/1B","LAVORABILE":"NO","STATO_LEGENDA":"COORDINAMENTO","CAMPO AWS":"ON GOING"},"geometry":{"type":"MultiLineString","coordinates":[[[1009101.168989841477014,5698734.52175818476826,0.0],[1009263.048523217206821,5698766.425132452510297,0.0],[1009296.817582276533358,5698770.815858834423125,0.0],[1009382.33926542638801,5698779.213576772250235,0.0],[1009471.531892602681182,5698788.343818921595812,0.0]]]}},
{"type":"Feature","properties":{"fid":495,"TIPOLOGIA":"NO DIG","PROVINCIA":"MI","COMUNE":"SETTIMO MILANESE","CLUSTER":"1","ROUTE":"16","ENTE":"COMUNE","ENTE 2":null,"LUNGHEZZA":282.55,"SPAN":"16_2","LOTTO":"1B","TRATTA_ID":"TR_0495","ENTE 3":null,"MOTIVO_NO":"Manca autorizz","STATO_AUTORIZZAZIONE":"PROTOCOLLATO INTEGRAZIONE","STATO_NULLAOSTA":"NON NECESSARIO","STATO_ORDINANZA":"IN ATTESA","PROTOCOLLO_AUT":"2026/03/05","PRATICA":"AUT/1/1B","LAVORABILE":"NO","STATO_LEGENDA":"PROTOCOLLATO INTEGRAZIONE","CAMPO AWS":"DENIED"},"geometry":{"type":"MultiLineString","coordinates":[[[1008712.943657728959806,5698833.882365299388766,0.0],[1008947.046911456156522,5698764.840250796638429,0.0],[1009010.70604591537267,5698742.143339836038649,0.0],[1009101.168989841477014,5698734.52175818476826,0.0]]]}},
{"type":"Feature","properties":{"fid":496,"TIPOLOGIA":"CANALINA","PROVINCIA":"MI","COMUNE":"PERO","CLUSTER":"1","ROUTE":"16","ENTE":"COMUNE","ENTE 2":"SATAP","LUNGHEZZA":200.99,"SPAN":"16_2","LOTTO":"1B","TRATTA_ID":"TR_0496","ENTE 3":null,"MOTIVO_NO":"Manca autorizz | Manca nulla osta","STATO_AUTORIZZAZIONE":"PROTOCOLLATO INTEGRAZIONE","STATO_NULLAOSTA":"INVIATO","STATO_ORDINANZA":"IN ATTESA","PROTOCOLLO_AUT":"2026/03/13","PRATICA":"AUT/2/1B | NO/6/1B","LAVORABILE":"NO","STATO_LEGENDA":"PROTOCOLLATO INTEGRAZIONE","CAMPO AWS":"ON GOING"},"geometry":{"type":"MultiLineString","coordinates":[[[1009833.461944427923299,5702607.981847818009555,0.0],[1009824.7344303377904,5702649.939480993896723,0.0],[1009778.806057010544464,5702839.653029978275299,0.0],[1009770.587145456578583,5702888.150739564560354,0.0]]]}},
{"type":"Feature","properties":{"fid":497,"TIPOLOGIA":"NO DIG","PROVINCIA":"MI","COMUNE":"PERO","CLUSTER":"1","ROUTE":"16","ENTE":"COMUNE","ENTE 2":"","LUNGHEZZA":361.85,"SPAN":"16_2","LOTTO":"1B","TRATTA_ID":"TR_0497","ENTE 3":null,"MOTIVO_NO":"Manca autorizz","STATO_AUTORIZZAZIONE":"PROTOCOLLATO INTEGRAZIONE","STATO_NULLAOSTA":"NON NECESSARIO","STATO_ORDINANZA":"IN ATTESA","PROTOCOLLO_AUT":"2026/03/13","PRATICA":"AUT/2/1B","LAVORABILE":"NO","STATO_LEGENDA":"PROTOCOLLATO INTEGRAZIONE","CAMPO AWS":"ON GOING"},"geometry":{"type":"MultiLineString","coordinates":[[[1009771.700257738353685,5703500.728021717630327,0.0],[1009771.66098699066788,5703500.655784983187914,0.0]],[[1009800.508959405357018,5703091.75916891451925,0.0],[1009844.672186905168928,5703204.453201573342085,0.0],[1009829.469729449599981,5703209.304853918030858,0.0],[1009799.330856861663051,5703220.325059147551656,0.0],[1009715.058759291423485,5703248.07994850166142,0.0],[1009730.975955385598354,5703318.163595305755734,0.0],[1009743.51939795317594,5703377.206472406163812,0.0],[1009771.668718394939788,5703500.65714680776,0.0]]]}},
{"type":"Feature","properties":{"fid":498,"TIPOLOGIA":"NO DIG","PROVINCIA":"MI","COMUNE":"PERO","CLUSTER":"1","ROUTE":"16","ENTE":"COMUNE","ENTE 2":null,"LUNGHEZZA":101.86,"SPAN":"16_2","LOTTO":"1A","TRATTA_ID":"TR_0498","ENTE 3":null,"MOTIVO_NO":"Manca autorizz","STATO_AUTORIZZAZIONE":"PROTOCOLLATO INTEGRAZIONE","STATO_NULLAOSTA":"NON NECESSARIO","STATO_ORDINANZA":"NON NECESSARIO","PROTOCOLLO_AUT":"2026/03/23","PRATICA":"AUT/13/1A","LAVORABILE":"NO","STATO_LEGENDA":"PROTOCOLLATO INTEGRAZIONE","CAMPO AWS":"ON GOING"},"geometry":{"type":"MultiLineString","coordinates":[[[1009639.360325018758886,5703656.907530342228711,0.0],[1009639.68689220934175,5703657.521306291222572,0.0],[1009646.998962257290259,5703674.935100274160504,0.0],[1009654.853520100819878,5703692.541061114519835,0.0],[1009666.174054339411668,5703721.964559832587838,0.0],[1009675.093900093110278,5703749.766917690634727,0.0],[1009680.824537718552165,5703775.524757224135101,0.0],[1009683.215315109002404,5703794.965579443611205,0.0]]]}},
{"type":"Feature","properties":{"fid":499,"TIPOLOGIA":"NO DIG","PROVINCIA":"MI","COMUNE":"PERO","CLUSTER":"1","ROUTE":"16","ENTE":"COMUNE","ENTE 2":"SATAP","LUNGHEZZA":151.16,"SPAN":"16_2","LOTTO":"1A","TRATTA_ID":"TR_0499","ENTE 3":null,"MOTIVO_NO":"Manca autorizz | Manca nulla osta","STATO_AUTORIZZAZIONE":"PROTOCOLLATO","STATO_NULLAOSTA":"PROTOCOLLATO INTEGRAZIONE","STATO_ORDINANZA":"NON NECESSARIO","PROTOCOLLO_AUT":"2026/05/13","PRATICA":"AUT/24/1A | AUT/11/1A | NO/25/1A","LAVORABILE":"NO","STATO_LEGENDA":"PROTOCOLLATO","CAMPO AWS":"ON GOING"},"geometry":{"type":"MultiLineString","coordinates":[[[1009771.622400117921643,5703500.676599807105958,0.0],[1009754.243717432254925,5703510.051145358942449,0.0],[1009752.761434712447226,5703525.154803884215653,0.0],[1009743.117918245727196,5703538.369376408867538,0.0],[1009730.608773086685687,5703551.366354176774621,0.0],[1009702.269233236438595,5703577.766606459394097,0.0],[1009688.043680272065103,5703591.853970561176538,0.0],[1009669.739539451315068,5703603.299113754183054,0.0],[1009657.44123257114552,5703617.51438239403069,0.0],[1009647.88148590340279,5703628.057634214870632,0.0],[1009638.076691286754794,5703640.760135974735022,0.0],[1009636.398439436801709,5703651.340732573531568,0.0],[1009639.360325018758886,5703656.907530342228711,0.0]]]}},
{"type":"Feature","properties":{"fid":500,"TIPOLOGIA":"NO DIG","PROVINCIA":"MI","COMUNE":"MILANO","CLUSTER":"3","ROUTE":"17","ENTE":"COMUNE","ENTE 2":"AUTOSTRADE","LUNGHEZZA":79.35,"SPAN":"17_1","LOTTO":"6","TRATTA_ID":"TR_0500","ENTE 3":null,"MOTIVO_NO":"Manca autorizz","STATO_AUTORIZZAZIONE":"IN ATTESA","STATO_NULLAOSTA":"NON NECESSARIO","STATO_ORDINANZA":"NON NECESSARIO","PROTOCOLLO_AUT":null,"PRATICA":null,"LAVORABILE":"NO","STATO_LEGENDA":"IN ATTESA","CAMPO AWS":"NOT STARTED"},"geometry":{"type":"MultiLineString","coordinates":[[[1010412.608231778023764,5694162.639891195110977,0.0],[1010517.72184055543039,5694204.075640507973731,0.0]]]}},
{"type":"Feature","properties":{"fid":501,"TIPOLOGIA":"NO DIG","PROVINCIA":"MI","COMUNE":"MILANO","CLUSTER":"3","ROUTE":"17","ENTE":"COMUNE","ENTE 2":null,"LUNGHEZZA":187.73,"SPAN":"17_1","LOTTO":"6","TRATTA_ID":"TR_0501","ENTE 3":null,"MOTIVO_NO":"Manca autorizz","STATO_AUTORIZZAZIONE":"IN ATTESA","STATO_NULLAOSTA":"NON NECESSARIO","STATO_ORDINANZA":"NON NECESSARIO","PROTOCOLLO_AUT":null,"PRATICA":null,"LAVORABILE":"NO","STATO_LEGENDA":"IN ATTESA","CAMPO AWS":"NOT STARTED"},"geometry":{"type":"MultiLineString","coordinates":[[[1010163.923429532675073,5694064.609189505688846,0.0],[1010412.608231778023764,5694162.639891195110977,0.0]]]}},
{"type":"Feature","properties":{"fid":502,"TIPOLOGIA":"SCAVO","PROVINCIA":"MI","COMUNE":"LOCATE TRIULZI","CLUSTER":"3","ROUTE":"8","ENTE":"PROVINCIA DI MILANO","ENTE 2":"AIPO","LUNGHEZZA":91.33,"SPAN":"8_2","LOTTO":"5","TRATTA_ID":"TR_0502","ENTE 3":null,"MOTIVO_NO":"Manca autorizz","STATO_AUTORIZZAZIONE":"IN ATTESA","STATO_NULLAOSTA":"NON NECESSARIO","STATO_ORDINANZA":"NON NECESSARIO","PROTOCOLLO_AUT":null,"PRATICA":null,"LAVORABILE":"NO","STATO_LEGENDA":"IN ATTESA","CAMPO AWS":"NOT STARTED"},"geometry":{"type":"MultiLineString","coordinates":[[[1028007.978473415714689,5673819.675185976549983,0.0],[1027891.732453031465411,5673761.985629138536751,0.0]]]}},
{"type":"Feature","properties":{"fid":503,"TIPOLOGIA":"SCAVO","PROVINCIA":"MI","COMUNE":"PIEVE EMANUELE","CLUSTER":"3","ROUTE":"8","ENTE":"PROVINCIA DI MILANO","ENTE 2":"ROGGIA","LUNGHEZZA":9.64,"SPAN":"8_2","LOTTO":"5","TRATTA_ID":"TR_0503","ENTE 3":null,"MOTIVO_NO":"Manca autorizz","STATO_AUTORIZZAZIONE":"IN ATTESA","STATO_NULLAOSTA":"NON NECESSARIO","STATO_ORDINANZA":"NON NECESSARIO","PROTOCOLLO_AUT":null,"PRATICA":null,"LAVORABILE":"NO","STATO_LEGENDA":"IN ATTESA","CAMPO AWS":"NOT STARTED"},"geometry":{"type":"MultiLineString","coordinates":[[[1027017.763797122286633,5673326.127607951872051,0.0],[1027005.497230298817158,5673320.04350864328444,0.0]]]}},
{"type":"Feature","properties":{"fid":504,"TIPOLOGIA":"NO DIG","PROVINCIA":"MI","COMUNE":"PIEVE EMANUELE","CLUSTER":"3","ROUTE":"8","ENTE":"PROVINCIA DI MILANO","ENTE 2":null,"LUNGHEZZA":346.99,"SPAN":"8_2","LOTTO":"5","TRATTA_ID":"TR_0504","ENTE 3":null,"MOTIVO_NO":"Manca autorizz","STATO_AUTORIZZAZIONE":"IN ATTESA","STATO_NULLAOSTA":"NON NECESSARIO","STATO_ORDINANZA":"NON NECESSARIO","PROTOCOLLO_AUT":null,"PRATICA":null,"LAVORABILE":"NO","STATO_LEGENDA":"IN ATTESA","CAMPO AWS":"NOT STARTED"},"geometry":{"type":"MultiLineString","coordinates":[[[1027459.42609818209894,5673545.289022549055517,0.0],[1027294.31184885057155,5673462.883167616091669,0.0],[1027132.472943463013507,5673383.02122609782964,0.0],[1027017.763797122286633,5673326.127607951872051,0.0]]]}},
{"type":"Feature","properties":{"fid":505,"TIPOLOGIA":"NO DIG","PROVINCIA":"MI","COMUNE":"CARPIANO","CLUSTER":"5","ROUTE":"27","ENTE":"PROVINCIA DI MILANO","ENTE 2":null,"LUNGHEZZA":15.6,"SPAN":"27_1","LOTTO":"8","TRATTA_ID":"TR_0505","ENTE 3":null,"MOTIVO_NO":"Manca autorizz","STATO_AUTORIZZAZIONE":"IN REDAZIONE","STATO_NULLAOSTA":"NON NECESSARIO","STATO_ORDINANZA":"NON NECESSARIO","PROTOCOLLO_AUT":null,"PRATICA":"AUT/1/8","LAVORABILE":"NO","STATO_LEGENDA":"IN REDAZIONE","CAMPO AWS":"NOT STARTED"},"geometry":{"type":"MultiLineString","coordinates":[[[1028871.212854464189149,5674222.396263241767883,0.0],[1028867.773027524352074,5674230.005624405108392,0.0],[1028866.156308406498283,5674243.781226235441864,0.0]]]}},
{"type":"Feature","properties":{"fid":506,"TIPOLOGIA":"SCAVO","PROVINCIA":"MI","COMUNE":"CARPIANO","CLUSTER":"3","ROUTE":"15","ENTE":"PROVINCIA DI MILANO","ENTE 2":"RIM","LUNGHEZZA":28.01,"SPAN":"15","LOTTO":"5","TRATTA_ID":"TR_0506","ENTE 3":null,"MOTIVO_NO":"Manca autorizz","STATO_AUTORIZZAZIONE":"IN ATTESA","STATO_NULLAOSTA":"NON NECESSARIO","STATO_ORDINANZA":"NON NECESSARIO","PROTOCOLLO_AUT":null,"PRATICA":null,"LAVORABILE":"NO","STATO_LEGENDA":"IN ATTESA","CAMPO AWS":"NOT STARTED"},"geometry":{"type":"MultiLineString","coordinates":[[[1030997.73344185447786,5675296.971743595786393,0.0],[1030962.052922086208127,5675279.330092606134713,0.0]]]}},
{"type":"Feature","properties":{"fid":507,"TIPOLOGIA":"NO DIG","PROVINCIA":"MI","COMUNE":"CARPIANO","CLUSTER":"3","ROUTE":"15","ENTE":"PROVINCIA DI MILANO","ENTE 2":null,"LUNGHEZZA":705.2,"SPAN":"15","LOTTO":"5","TRATTA_ID":"TR_0507","ENTE 3":null,"MOTIVO_NO":"Manca autorizz","STATO_AUTORIZZAZIONE":"IN ATTESA","STATO_NULLAOSTA":"NON NECESSARIO","STATO_ORDINANZA":"NON NECESSARIO","PROTOCOLLO_AUT":null,"PRATICA":null,"LAVORABILE":"NO","STATO_LEGENDA":"IN ATTESA","CAMPO AWS":"NOT STARTED"},"geometry":{"type":"MultiLineString","coordinates":[[[1031894.300321843125857,5675744.886819711886346,0.0],[1031724.202676712768152,5675656.445065842010081,0.0],[1031586.506187330232933,5675586.601760379970074,0.0],[1031400.841307533439249,5675495.852455906569958,0.0],[1031257.323875995818526,5675426.109504186548293,0.0],[1031066.015482778078876,5675330.732189921662211,0.0],[1030997.73344185447786,5675296.971743595786393,0.0]]]}},
{"type":"Feature","properties":{"fid":508,"TIPOLOGIA":"SCAVO","PROVINCIA":"MI","COMUNE":"CARPIANO","CLUSTER":"3","ROUTE":"15","ENTE":"COMUNE","ENTE 2":"ROGGIA","LUNGHEZZA":16.03,"SPAN":"15","LOTTO":"5","TRATTA_ID":"TR_0508","ENTE 3":null,"MOTIVO_NO":"Manca autorizz","STATO_AUTORIZZAZIONE":"IN ATTESA","STATO_NULLAOSTA":"NON NECESSARIO","STATO_ORDINANZA":"NON NECESSARIO","PROTOCOLLO_AUT":null,"PRATICA":null,"LAVORABILE":"NO","STATO_LEGENDA":"IN ATTESA","CAMPO AWS":"NOT STARTED"},"geometry":{"type":"MultiLineString","coordinates":[[[1031025.942720177583396,5677413.54814603086561,0.0],[1031006.594269298482686,5677401.509269044734538,0.0]]]}},
{"type":"Feature","properties":{"fid":509,"TIPOLOGIA":"NO DIG","PROVINCIA":"MI","COMUNE":"CARPIANO","CLUSTER":"3","ROUTE":"15","ENTE":"COMUNE","ENTE 2":null,"LUNGHEZZA":1232.76,"SPAN":"15","LOTTO":"5","TRATTA_ID":"TR_0509","ENTE 3":null,"MOTIVO_NO":"Manca autorizz","STATO_AUTORIZZAZIONE":"IN ATTESA","STATO_NULLAOSTA":"NON NECESSARIO","STATO_ORDINANZA":"NON NECESSARIO","PROTOCOLLO_AUT":null,"PRATICA":null,"LAVORABILE":"NO","STATO_LEGENDA":"IN ATTESA","CAMPO AWS":"NOT STARTED"},"geometry":{"type":"MultiLineString","coordinates":[[[1032404.09745858667884,5678294.858942229300737,0.0],[1032410.100471800658852,5678120.370818534865975,0.0],[1032407.661596046760678,5678087.864124308340251,0.0],[1032396.922378688468598,5678066.416111742146313,0.0],[1032374.737520173075609,5678046.574880469590425,0.0],[1032252.354918427765369,5677993.898369065485895,0.0],[1032093.07269764249213,5677925.17439160309732,0.0],[1031830.303876238060184,5677814.334429835900664,0.0],[1031589.477699375711381,5677711.119285452179611,0.0],[1031377.654900324647315,5677616.351141360588372,0.0],[1031255.114238430280238,5677551.297239263541996,0.0],[1031126.744853352662176,5677476.267702365294099,0.0],[1031025.942720177583396,5677413.54814603086561,0.0]]]}},
{"type":"Feature","properties":{"fid":510,"TIPOLOGIA":"SCAVO","PROVINCIA":"MI","COMUNE":"CARPIANO","CLUSTER":"3","ROUTE":"15","ENTE":"COMUNE","ENTE 2":"ROGGIA","LUNGHEZZA":22.32,"SPAN":"15","LOTTO":"5","TRATTA_ID":"TR_0510","ENTE 3":null,"MOTIVO_NO":"Manca autorizz","STATO_AUTORIZZAZIONE":"IN ATTESA","STATO_NULLAOSTA":"NON NECESSARIO","STATO_ORDINANZA":"NON NECESSARIO","PROTOCOLLO_AUT":null,"PRATICA":null,"LAVORABILE":"NO","STATO_LEGENDA":"IN ATTESA","CAMPO AWS":"NOT STARTED"},"geometry":{"type":"MultiLineString","coordinates":[[[1032418.182201927178539,5678320.545713869854808,0.0],[1032408.998351783375256,5678314.360201897099614,0.0],[1032403.79072342289146,5678303.774655724875629,0.0],[1032404.09745858667884,5678294.858942229300737,0.0]]]}},
{"type":"Feature","properties":{"fid":511,"TIPOLOGIA":"NO DIG","PROVINCIA":"MI","COMUNE":"CARPIANO","CLUSTER":"3","ROUTE":"15","ENTE":"COMUNE","ENTE 2":null,"LUNGHEZZA":386.13,"SPAN":"15","LOTTO":"5","TRATTA_ID":"TR_0511","ENTE 3":null,"MOTIVO_NO":"Manca autorizz","STATO_AUTORIZZAZIONE":"IN ATTESA","STATO_NULLAOSTA":"NON NECESSARIO","STATO_ORDINANZA":"NON NECESSARIO","PROTOCOLLO_AUT":null,"PRATICA":null,"LAVORABILE":"NO","STATO_LEGENDA":"IN ATTESA","CAMPO AWS":"NOT STARTED"},"geometry":{"type":"MultiLineString","coordinates":[[[1032588.304787438595667,5678838.079322858713567,0.0],[1032588.304787438595667,5678838.079322858713567,0.0],[1032577.309672008268535,5678827.096766616217792,0.0],[1032554.400882778456435,5678752.831335037946701,0.0],[1032507.962349258945324,5678607.03688460867852,0.0],[1032483.648514680564404,5678488.906717265956104,0.0],[1032440.509150430792943,5678346.965207885950804,0.0],[1032425.229209013748914,5678325.292008767835796,0.0],[1032418.182201927178539,5678320.545713869854808,0.0]]]}},
{"type":"Feature","properties":{"fid":512,"TIPOLOGIA":"NO DIG","PROVINCIA":"MI","COMUNE":"MILANO","CLUSTER":"3","ROUTE":"14","ENTE":"COMUNE","ENTE 2":"AUTOSTRADE","LUNGHEZZA":54.49,"SPAN":"14_1","LOTTO":"5","TRATTA_ID":"TR_0512","ENTE 3":null,"MOTIVO_NO":"Manca autorizz","STATO_AUTORIZZAZIONE":"IN ATTESA","STATO_NULLAOSTA":"NON NECESSARIO","STATO_ORDINANZA":"NON NECESSARIO","PROTOCOLLO_AUT":null,"PRATICA":null,"LAVORABILE":"NO","STATO_LEGENDA":"IN ATTESA","CAMPO AWS":"NOT STARTED"},"geometry":{"type":"MultiLineString","coordinates":[[[1029490.086818406125531,5689252.76746170874685,0.0],[1029487.210405224235728,5689256.100372922606766,0.0],[1029433.794004134717397,5689306.187069435603917,0.0]]]}},
{"type":"Feature","properties":{"fid":513,"TIPOLOGIA":"NO DIG","PROVINCIA":"MI","COMUNE":"MILANO","CLUSTER":"3","ROUTE":"14","ENTE":"COMUNE","ENTE 2":null,"LUNGHEZZA":207.78,"SPAN":"14_1","LOTTO":"5","TRATTA_ID":"TR_0513","ENTE 3":null,"MOTIVO_NO":"Manca autorizz","STATO_AUTORIZZAZIONE":"IN ATTESA","STATO_NULLAOSTA":"NON NECESSARIO","STATO_ORDINANZA":"NON NECESSARIO","PROTOCOLLO_AUT":null,"PRATICA":null,"LAVORABILE":"NO","STATO_LEGENDA":"IN ATTESA","CAMPO AWS":"NOT STARTED"},"geometry":{"type":"MultiLineString","coordinates":[[[1029680.856812184210867,5689026.287025097757578,0.0],[1029580.288031334406696,5689148.249865017831326,0.0],[1029490.086818406125531,5689252.76746170874685,0.0]]]}},
{"type":"Feature","properties":{"fid":514,"TIPOLOGIA":"NO DIG","PROVINCIA":"MI","COMUNE":"MILANO","CLUSTER":"3","ROUTE":"20","ENTE":"COMUNE","ENTE 2":"RFI","LUNGHEZZA":69.0,"SPAN":"20","LOTTO":"5","TRATTA_ID":"TR_0514","ENTE 3":null,"MOTIVO_NO":"Manca autorizz","STATO_AUTORIZZAZIONE":"IN ATTESA","STATO_NULLAOSTA":"NON NECESSARIO","STATO_ORDINANZA":"NON NECESSARIO","PROTOCOLLO_AUT":null,"PRATICA":null,"LAVORABILE":"NO","STATO_LEGENDA":"IN ATTESA","CAMPO AWS":"NOT STARTED"},"geometry":{"type":"MultiLineString","coordinates":[[[1028323.483541686437093,5693660.560860719531775,0.0],[1028225.331713294493966,5693657.549914904870093,0.0]]]}},
{"type":"Feature","properties":{"fid":515,"TIPOLOGIA":"NO DIG","PROVINCIA":"MI","COMUNE":"MILANO","CLUSTER":"3","ROUTE":"20","ENTE":"COMUNE","ENTE 2":null,"LUNGHEZZA":248.02,"SPAN":"20","LOTTO":"5","TRATTA_ID":"TR_0515","ENTE 3":null,"MOTIVO_NO":"Manca autorizz","STATO_AUTORIZZAZIONE":"IN ATTESA","STATO_NULLAOSTA":"NON NECESSARIO","STATO_ORDINANZA":"NON NECESSARIO","PROTOCOLLO_AUT":null,"PRATICA":null,"LAVORABILE":"NO","STATO_LEGENDA":"IN ATTESA","CAMPO AWS":"NOT STARTED"},"geometry":{"type":"MultiLineString","coordinates":[[[1028634.933388639707118,5693821.169713540934026,0.0],[1028575.452293806010857,5693783.843188303522766,0.0],[1028433.892198442481458,5693703.739473704248667,0.0],[1028348.438651942764409,5693661.326221538707614,0.0],[1028323.483541686437093,5693660.560860719531775,0.0]]]}},
{"type":"Feature","properties":{"fid":516,"TIPOLOGIA":"NO DIG","PROVINCIA":"MI","COMUNE":"MILANO","CLUSTER":"3","ROUTE":"20","ENTE":"COMUNE","ENTE 2":"RFI","LUNGHEZZA":42.41,"SPAN":"20","LOTTO":"5","TRATTA_ID":"TR_0516","ENTE 3":null,"MOTIVO_NO":"Manca autorizz","STATO_AUTORIZZAZIONE":"IN ATTESA","STATO_NULLAOSTA":"NON NECESSARIO","STATO_ORDINANZA":"NON NECESSARIO","PROTOCOLLO_AUT":null,"PRATICA":null,"LAVORABILE":"NO","STATO_LEGENDA":"IN ATTESA","CAMPO AWS":"NOT STARTED"},"geometry":{"type":"MultiLineString","coordinates":[[[1027428.227466967422515,5692114.001525480300188,0.0],[1027427.306643529911526,5692053.4581488231197,0.0]]]}},
{"type":"Feature","properties":{"fid":517,"TIPOLOGIA":"NO DIG","PROVINCIA":"MI","COMUNE":"MILANO","CLUSTER":"3","ROUTE":"20","ENTE":"COMUNE","ENTE 2":null,"LUNGHEZZA":160.57,"SPAN":"20","LOTTO":"5","TRATTA_ID":"TR_0517","ENTE 3":null,"MOTIVO_NO":"Manca autorizz","STATO_AUTORIZZAZIONE":"IN ATTESA","STATO_NULLAOSTA":"NON NECESSARIO","STATO_ORDINANZA":"NON NECESSARIO","PROTOCOLLO_AUT":null,"PRATICA":null,"LAVORABILE":"NO","STATO_LEGENDA":"IN ATTESA","CAMPO AWS":"NOT STARTED"},"geometry":{"type":"MultiLineString","coordinates":[[[1027427.306643529911526,5692053.4581488231197,0.0],[1027427.121531072887592,5692041.287099851295352,0.0],[1027448.438293505227193,5691860.25655085220933,0.0],[1027432.428844507783651,5691829.422609956003726,0.0]]]}},
{"type":"Feature","properties":{"fid":518,"TIPOLOGIA":"SCAVO","PROVINCIA":"MI","COMUNE":"MILANO","CLUSTER":"3","ROUTE":"20","ENTE":"COMUNE","ENTE 2":"METRO","LUNGHEZZA":12.48,"SPAN":"20","LOTTO":"5","TRATTA_ID":"TR_0518","ENTE 3":null,"MOTIVO_NO":"Manca autorizz","STATO_AUTORIZZAZIONE":"IN ATTESA","STATO_NULLAOSTA":"NON NECESSARIO","STATO_ORDINANZA":"NON NECESSARIO","PROTOCOLLO_AUT":null,"PRATICA":null,"LAVORABILE":"NO","STATO_LEGENDA":"IN ATTESA","CAMPO AWS":"NOT STARTED"},"geometry":{"type":"MultiLineString","coordinates":[[[1022763.990294694085605,5691801.557751446962357,0.0],[1022761.417805146891624,5691819.188707472756505,0.0]]]}},
{"type":"Feature","properties":{"fid":519,"TIPOLOGIA":"SCAVO","PROVINCIA":"MI","COMUNE":"MILANO","CLUSTER":"3","ROUTE":"20","ENTE":"COMUNE","ENTE 2":null,"LUNGHEZZA":1057.45,"SPAN":"20","LOTTO":"5","TRATTA_ID":"TR_0519","ENTE 3":null,"MOTIVO_NO":"Manca autorizz","STATO_AUTORIZZAZIONE":"IN ATTESA","STATO_NULLAOSTA":"NON NECESSARIO","STATO_ORDINANZA":"NON NECESSARIO","PROTOCOLLO_AUT":null,"PRATICA":null,"LAVORABILE":"NO","STATO_LEGENDA":"IN ATTESA","CAMPO AWS":"NOT STARTED"},"geometry":{"type":"MultiLineString","coordinates":[[[1022761.417805146891624,5691819.188707472756505,0.0],[1022745.780699132708833,5691926.359284590929747,0.0],[1022725.077204938046634,5691977.811417683959007,0.0],[1022466.219474431010894,5691862.889165976084769,0.0],[1022282.567646082723513,5691787.433261071331799,0.0],[1022073.833575416356325,5691693.01011176686734,0.0],[1021970.529603895847686,5691651.23175845015794,0.0],[1021848.586626597098075,5691641.591739381663501,0.0],[1021740.10867184062954,5691653.950707191601396,0.0],[1021504.710293659009039,5691662.410099546425045,0.0],[1021494.176807381445542,5691660.401752833276987,0.0],[1021486.65995138976723,5691619.214844460599124,0.0]]]}},
{"type":"Feature","properties":{"fid":520,"TIPOLOGIA":"SCAVO","PROVINCIA":"MI","COMUNE":"MILANO","CLUSTER":"3","ROUTE":"12","ENTE":"COMUNE","ENTE 2":"RIP","LUNGHEZZA":59.57,"SPAN":"12_1","LOTTO":"6","TRATTA_ID":"TR_0520","ENTE 3":null,"MOTIVO_NO":"Manca autorizz","STATO_AUTORIZZAZIONE":"IN ATTESA","STATO_NULLAOSTA":"NON NECESSARIO","STATO_ORDINANZA":"NON NECESSARIO","PROTOCOLLO_AUT":null,"PRATICA":null,"LAVORABILE":"NO","STATO_LEGENDA":"IN ATTESA","CAMPO AWS":"NOT STARTED"},"geometry":{"type":"MultiLineString","coordinates":[[[1020643.067495496943593,5688554.793086302466691,0.0],[1020647.651629199041054,5688566.327309186570346,0.0],[1020677.427607211051509,5688632.485249277204275,0.0]]]}},
{"type":"Feature","properties":{"fid":521,"TIPOLOGIA":"NO DIG","PROVINCIA":"MI","COMUNE":"MILANO","CLUSTER":"3","ROUTE":"12","ENTE":"COMUNE","ENTE 2":null,"LUNGHEZZA":2102.16,"SPAN":"12_1","LOTTO":"6","TRATTA_ID":"TR_0521","ENTE 3":null,"MOTIVO_NO":"Manca autorizz","STATO_AUTORIZZAZIONE":"IN ATTESA","STATO_NULLAOSTA":"NON NECESSARIO","STATO_ORDINANZA":"NON NECESSARIO","PROTOCOLLO_AUT":null,"PRATICA":null,"LAVORABILE":"NO","STATO_LEGENDA":"IN ATTESA","CAMPO AWS":"NOT STARTED"},"geometry":{"type":"MultiLineString","coordinates":[[[1020677.427607211051509,5688632.485249277204275,0.0],[1020683.776926358928904,5688646.592446487396955,0.0],[1020701.457399262581021,5688688.068710284307599,0.0],[1020726.119199788896367,5688748.282048350200057,0.0],[1020768.556801525875926,5688857.605270801112056,0.0],[1020815.529100415762514,5688971.979199532419443,0.0],[1020871.146632141200826,5689111.152369067072868,0.0],[1020969.645028224913403,5689354.702942174859345,0.0],[1021098.002759290160611,5689666.087891567498446,0.0],[1021157.808131989673711,5689822.273711123503745,0.0],[1021218.490201535983942,5689962.197820707224309,0.0],[1021240.712708977865987,5690078.194303642958403,0.0],[1021274.009792543482035,5690279.986387136392295,0.0],[1021312.352200909284875,5690491.212715783156455,0.0],[1021355.195562566397712,5690747.079560034908354,0.0],[1021407.872797128977254,5691052.515305259265006,0.0],[1021443.934826489188708,5691291.816111822612584,0.0],[1021474.759638277697377,5691504.893617295660079,0.0]]]}},
{"type":"Feature","properties":{"fid":522,"TIPOLOGIA":"NO DIG","PROVINCIA":"MI","COMUNE":"ROZZANO","CLUSTER":"3","ROUTE":"12","ENTE":"COMUNE","ENTE 2":"AUTOSTRADE","LUNGHEZZA":64.07,"SPAN":"12_1","LOTTO":"6","TRATTA_ID":"TR_0522","ENTE 3":null,"MOTIVO_NO":"Manca autorizz","STATO_AUTORIZZAZIONE":"IN ATTESA","STATO_NULLAOSTA":"NON NECESSARIO","STATO_ORDINANZA":"NON NECESSARIO","PROTOCOLLO_AUT":null,"PRATICA":null,"LAVORABILE":"NO","STATO_LEGENDA":"IN ATTESA","CAMPO AWS":"NOT STARTED"},"geometry":{"type":"MultiLineString","coordinates":[[[1018593.68207548384089,5683453.537090389989316,0.0],[1018627.510307429707609,5683530.743388145230711,0.0],[1018630.061383285676129,5683537.308931641280651,0.0]]]}},
{"type":"Feature","properties":{"fid":523,"TIPOLOGIA":"NO DIG","PROVINCIA":"MI","COMUNE":"ROZZANO","CLUSTER":"3","ROUTE":"12","ENTE":"COMUNE","ENTE 2":null,"LUNGHEZZA":1284.01,"SPAN":"12_1","LOTTO":"6","TRATTA_ID":"TR_0523","ENTE 3":null,"MOTIVO_NO":"Manca autorizz","STATO_AUTORIZZAZIONE":"IN ATTESA","STATO_NULLAOSTA":"NON NECESSARIO","STATO_ORDINANZA":"NON NECESSARIO","PROTOCOLLO_AUT":null,"PRATICA":null,"LAVORABILE":"NO","STATO_LEGENDA":"IN ATTESA","CAMPO AWS":"NOT STARTED"},"geometry":{"type":"MultiLineString","coordinates":[[[1018630.061383285676129,5683537.308931641280651,0.0],[1018665.339038750273176,5683628.100242575630546,0.0],[1018719.12367439060472,5683780.384014464914799,0.0],[1018774.048485338804312,5683905.656967502087355,0.0],[1018806.47379418334458,5683958.77746716234833,0.0],[1018823.651726547745056,5684011.174115817993879,0.0],[1018847.043478573905304,5684093.779842834919691,0.0],[1018905.689422782161273,5684258.60590504668653,0.0],[1018940.090653188177384,5684343.991127115674317,0.0],[1019028.409185627824627,5684573.842895662412047,0.0],[1019081.088846081169322,5684703.10778883472085,0.0],[1019155.671496313880198,5684886.948349668644369,0.0],[1019207.84753334952984,5685012.303552280180156,0.0],[1019298.944979222607799,5685239.543189059942961,0.0]]]}},
{"type":"Feature","properties":{"fid":524,"TIPOLOGIA":"SCAVO","PROVINCIA":"MI","COMUNE":"ROZZANO","CLUSTER":"2","ROUTE":"13","ENTE":"COMUNE","ENTE 2":"AIPO","LUNGHEZZA":19.31,"SPAN":"13_1","LOTTO":"2A","TRATTA_ID":"TR_0524","ENTE 3":null,"MOTIVO_NO":null,"STATO_AUTORIZZAZIONE":"OTTENUTO","STATO_NULLAOSTA":"INVIATO","STATO_ORDINANZA":"NON NECESSARIO","PROTOCOLLO_AUT":"2026/03/17","PRATICA":"AUT/3/2A | NO/15/2A","LAVORABILE":"SI","STATO_LEGENDA":"OTTENUTO","CAMPO AWS":"APPROVAL"},"geometry":{"type":"MultiLineString","coordinates":[[[1017876.117913873167709,5680323.408654284663498,0.0],[1017902.300850139814429,5680331.650229237042367,0.0]]]}},
{"type":"Feature","properties":{"fid":525,"TIPOLOGIA":"NO DIG","PROVINCIA":"MI","COMUNE":"ROZZANO","CLUSTER":"2","ROUTE":"13","ENTE":"COMUNE","ENTE 2":null,"LUNGHEZZA":216.11,"SPAN":"13_1","LOTTO":"2A","TRATTA_ID":"TR_0525","ENTE 3":null,"MOTIVO_NO":null,"STATO_AUTORIZZAZIONE":"OTTENUTO","STATO_NULLAOSTA":"INVIATO","STATO_ORDINANZA":"NON NECESSARIO","PROTOCOLLO_AUT":"2026/03/17","PRATICA":"AUT/3/2A | NO/15/2A","LAVORABILE":"SI","STATO_LEGENDA":"OTTENUTO","CAMPO AWS":"APPROVAL"},"geometry":{"type":"MultiLineString","coordinates":[[[1018037.788322431617416,5680374.296128192916512,0.0],[1018277.602648932137527,5680437.819718048907816,0.0],[1018331.4365205001086,5680413.40668326895684,0.0]]]}},
{"type":"Feature","properties":{"fid":526,"TIPOLOGIA":"SCAVO","PROVINCIA":"MI","COMUNE":"ROZZANO","CLUSTER":"2","ROUTE":"13","ENTE":"COMUNE","ENTE 2":"AIPO","LUNGHEZZA":17.15,"SPAN":"13_1","LOTTO":"2A","TRATTA_ID":"TR_0526","ENTE 3":null,"MOTIVO_NO":"Manca nulla osta","STATO_AUTORIZZAZIONE":"OTTENUTO","STATO_NULLAOSTA":"INVIATO","STATO_ORDINANZA":"NON NECESSARIO","PROTOCOLLO_AUT":"2026/03/17","PRATICA":"AUT/3/2A | NO/15/2A","LAVORABILE":"NO","STATO_LEGENDA":"OTTENUTO","CAMPO AWS":"APPROVAL"},"geometry":{"type":"MultiLineString","coordinates":[[[1018014.530244647758082,5680366.975599965080619,0.0],[1018037.788322431617416,5680374.296128192916512,0.0]]]}},
{"type":"Feature","properties":{"fid":527,"TIPOLOGIA":"NO DIG","PROVINCIA":"MI","COMUNE":"ROZZANO","CLUSTER":"2","ROUTE":"13","ENTE":"COMUNE","ENTE 2":null,"LUNGHEZZA":82.77,"SPAN":"13_1","LOTTO":"2A","TRATTA_ID":"TR_0527","ENTE 3":null,"MOTIVO_NO":null,"STATO_AUTORIZZAZIONE":"OTTENUTO","STATO_NULLAOSTA":"NON NECESSARIO","STATO_ORDINANZA":"NON NECESSARIO","PROTOCOLLO_AUT":"2026/03/17","PRATICA":"AUT/3/2A","LAVORABILE":"SI","STATO_LEGENDA":"OTTENUTO","CAMPO AWS":"APPROVAL"},"geometry":{"type":"MultiLineString","coordinates":[[[1017902.300850139814429,5680331.650229237042367,0.0],[1018014.530244647758082,5680366.975599965080619,0.0]]]}},
{"type":"Feature","properties":{"fid":528,"TIPOLOGIA":"SCAVO","PROVINCIA":"MI","COMUNE":"LACCHIARELLA","CLUSTER":"2","ROUTE":"13","ENTE":"PROVINCIA DI MILANO","ENTE 2":"RFI","LUNGHEZZA":16.14,"SPAN":"13_1","LOTTO":"2A","TRATTA_ID":"TR_0528","ENTE 3":null,"MOTIVO_NO":"Manca nulla osta","STATO_AUTORIZZAZIONE":"OTTENUTO","STATO_NULLAOSTA":"PROTOCOLLATO INTEGRAZIONE","STATO_ORDINANZA":"NON NECESSARIO","PROTOCOLLO_AUT":"2026/04/03","PRATICA":"AUT/6/2A | NO/9/2A","LAVORABILE":"NO","STATO_LEGENDA":"OTTENUTO","CAMPO AWS":"APPROVAL"},"geometry":{"type":"MultiLineString","coordinates":[[[1023569.487479833420366,5673299.283896417357028,0.0],[1023576.181501682032831,5673293.5257518440485,0.0],[1023586.87710378842894,5673284.304662944748998,0.0]]]}},
{"type":"Feature","properties":{"fid":529,"TIPOLOGIA":"NO DIG","PROVINCIA":"MI","COMUNE":"LACCHIARELLA","CLUSTER":"2","ROUTE":"13","ENTE":"PROVINCIA DI MILANO","ENTE 2":null,"LUNGHEZZA":541.07,"SPAN":"13_1","LOTTO":"2A","TRATTA_ID":"TR_0529","ENTE 3":null,"MOTIVO_NO":null,"STATO_AUTORIZZAZIONE":"OTTENUTO","STATO_NULLAOSTA":"NON NECESSARIO","STATO_ORDINANZA":"NON NECESSARIO","PROTOCOLLO_AUT":"2026/04/03","PRATICA":"AUT/6/2A","LAVORABILE":"SI","STATO_LEGENDA":"OTTENUTO","CAMPO AWS":"APPROVAL"},"geometry":{"type":"MultiLineString","coordinates":[[[1023586.87710378842894,5673284.304662944748998,0.0],[1023881.565839543589391,5673030.233441160060465,0.0],[1023995.420561271253973,5672973.402325353585184,0.0],[1024134.355409273062833,5672929.002137118950486,0.0],[1024200.247572930646129,5672929.542147979140282,0.0],[1024240.455799843533896,5672922.234688092023134,0.0]]]}},
{"type":"Feature","properties":{"fid":530,"TIPOLOGIA":"NO DIG","PROVINCIA":"MI","COMUNE":"ZIBIDO SAN GIACOMO","CLUSTER":"2","ROUTE":"10","ENTE":"COMUNE","ENTE 2":"SOPRINTENDENZA","LUNGHEZZA":460.79,"SPAN":"10","LOTTO":"2B","TRATTA_ID":"TR_0530","ENTE 3":"PROVINCIA DI MILANO","MOTIVO_NO":"Manca nulla osta","STATO_AUTORIZZAZIONE":"OTTENUTO","STATO_NULLAOSTA":"INVIATO","STATO_ORDINANZA":"IN ATTESA","PROTOCOLLO_AUT":"2026/03/12","PRATICA":"AUT/7/2B | NO/12/2B | NO/13/2B | NO/1/2B","LAVORABILE":"NO","STATO_LEGENDA":"OTTENUTO","CAMPO AWS":"APPROVAL"},"geometry":{"type":"MultiLineString","coordinates":[[[1014448.79004288406577,5679375.765134870074689,0.0],[1014441.914682361297309,5679391.951961091719568,0.0],[1014489.871535227750428,5679403.631208219565451,0.0],[1014537.314944454934448,5679426.857289194129407,0.0],[1014589.770217771292664,5679459.013146204873919,0.0],[1014638.093019241117872,5679492.88740439992398,0.0],[1014682.889476776239462,5679525.087446553632617,0.0],[1014705.485595881007612,5679542.358605279587209,0.0],[1014732.265674681868404,5679557.640466557815671,0.0],[1014746.389166876440868,5679582.115201088599861,0.0],[1014793.962143278913572,5679619.561087249778211,0.0],[1014845.215375024243258,5679654.52504865359515,0.0],[1014911.878578146686777,5679687.385637382045388,0.0],[1014984.053968274733052,5679709.418232398107648,0.0]]]}},
{"type":"Feature","properties":{"fid":531,"TIPOLOGIA":"NO DIG","PROVINCIA":"MI","COMUNE":"ZIBIDO SAN GIACOMO","CLUSTER":"2","ROUTE":"10","ENTE":"COMUNE","ENTE 2":"SOPRINTENDENZA","LUNGHEZZA":452.92,"SPAN":"10","LOTTO":"2B","TRATTA_ID":"TR_0531","ENTE 3":null,"MOTIVO_NO":null,"STATO_AUTORIZZAZIONE":"OTTENUTO","STATO_NULLAOSTA":"INVIATO","STATO_ORDINANZA":"NON NECESSARIO","PROTOCOLLO_AUT":"2026/03/12","PRATICA":"AUT/7/2B | NO/13/2B | NO/12/2B","LAVORABILE":"SI","STATO_LEGENDA":"OTTENUTO","CAMPO AWS":"APPROVAL"},"geometry":{"type":"MultiLineString","coordinates":[[[1014066.526270559174009,5678904.068116794340312,0.0],[1014100.252770759630948,5678965.202353120781481,0.0],[1014120.872453174670227,5679006.758552047424018,0.0],[1014143.381218766444363,5679044.893239595927298,0.0],[1014169.142156924703158,5679061.951360546983778,0.0],[1014206.09311963210348,5679075.270369204692543,0.0],[1014256.825761987362057,5679094.753856121562421,0.0],[1014307.487959881080315,5679126.08401713706553,0.0],[1014349.389189990470186,5679158.065523679368198,0.0],[1014375.058079758193344,5679189.296723241917789,0.0],[1014383.533245624741539,5679214.938669777475297,0.0],[1014391.17059768748004,5679237.303659109398723,0.0],[1014408.040060035535134,5679264.708408577367663,0.0],[1014429.849227177794091,5679294.353111245669425,0.0],[1014443.234655283507891,5679318.799176997505128,0.0],[1014452.11929332674481,5679345.330231891945004,0.0],[1014453.988457133527845,5679363.526360578835011,0.0],[1014448.79004288406577,5679375.765134870074689,0.0]]]}},
{"type":"Feature","properties":{"fid":532,"TIPOLOGIA":"NO DIG","PROVINCIA":"MI","COMUNE":"ZIBIDO SAN GIACOMO","CLUSTER":"2","ROUTE":"7","ENTE":"PROVINCIA DI MILANO","ENTE 2":null,"LUNGHEZZA":6.71,"SPAN":"7_3","LOTTO":"2B","TRATTA_ID":"TR_0532","ENTE 3":null,"MOTIVO_NO":null,"STATO_AUTORIZZAZIONE":"OTTENUTO","STATO_NULLAOSTA":"NON NECESSARIO","STATO_ORDINANZA":"NON NECESSARIO","PROTOCOLLO_AUT":"2026/03/24","PRATICA":"AUT/8/2B","LAVORABILE":"SI","STATO_LEGENDA":"OTTENUTO","CAMPO AWS":"APPROVAL"},"geometry":{"type":"MultiLineString","coordinates":[[[1014637.360347389010713,5674114.361222680658102,0.0],[1014636.94723241077736,5674114.541178041137755,0.0],[1014628.624711906420998,5674118.166935743764043,0.0]]]}},
{"type":"Feature","properties":{"fid":533,"TIPOLOGIA":"NO DIG","PROVINCIA":"MI","COMUNE":"BINASCO","CLUSTER":"2","ROUTE":"7","ENTE":"PROVINCIA DI MILANO","ENTE 2":null,"LUNGHEZZA":661.59,"SPAN":"7_3","LOTTO":"2B","TRATTA_ID":"TR_0533","ENTE 3":null,"MOTIVO_NO":null,"STATO_AUTORIZZAZIONE":"OTTENUTO","STATO_NULLAOSTA":"NON NECESSARIO","STATO_ORDINANZA":"NON NECESSARIO","PROTOCOLLO_AUT":"2026/03/24","PRATICA":"AUT/8/2B","LAVORABILE":"SI","STATO_LEGENDA":"OTTENUTO","CAMPO AWS":"APPROVAL"},"geometry":{"type":"MultiLineString","coordinates":[[[1014628.624711906188168,5674118.175644673407078,0.0],[1014507.934907555696554,5674171.240636107511818,0.0],[1014323.308056259993464,5674252.569340704008937,0.0],[1014130.640993221546523,5674336.319382264278829,0.0],[1013957.483720223419368,5674416.36065645609051,0.0],[1013833.340633609797806,5674475.41650605481118,0.0],[1013770.145856227143668,5674500.954802854917943,0.0]]]}},
{"type":"Feature","properties":{"fid":534,"TIPOLOGIA":"NO DIG","PROVINCIA":"MI","COMUNE":"LACCHIARELLA","CLUSTER":"2","ROUTE":"7","ENTE":"PROVINCIA DI MILANO","ENTE 2":null,"LUNGHEZZA":1765.57,"SPAN":"7_3","LOTTO":"2B","TRATTA_ID":"TR_0534","ENTE 3":null,"MOTIVO_NO":null,"STATO_AUTORIZZAZIONE":"OTTENUTO","STATO_NULLAOSTA":"NON NECESSARIO","STATO_ORDINANZA":"NON NECESSARIO","PROTOCOLLO_AUT":"2026/03/24","PRATICA":"AUT/8/2B","LAVORABILE":"SI","STATO_LEGENDA":"OTTENUTO","CAMPO AWS":"APPROVAL"},"geometry":{"type":"MultiLineString","coordinates":[[[1016955.580864204210229,5673198.456981502473354,0.0],[1016870.956258915597573,5673197.824081948027015,0.0],[1016785.554950710618868,5673202.208104982040823,0.0],[1016742.637660267297179,5673203.033562469296157,0.0],[1016686.170064667472616,5673217.227478348650038,0.0],[1016606.886192268226296,5673245.060632394626737,0.0],[1016522.702625067671761,5673282.22671084292233,0.0],[1016116.032284009736031,5673469.392151356674731,0.0],[1015818.704469645745121,5673603.064949460327625,0.0],[1015715.526373430737294,5673648.37506949622184,0.0],[1015287.482906501740217,5673831.135810215957463,0.0],[1014637.360347389010713,5674114.361222680658102,0.0]],[[1016955.580864204210229,5673198.456981502473354,0.0],[1016955.531344346818514,5673198.451428626663983,0.0]],[[1016955.618410118739121,5673198.457262304611504,0.0],[1016955.580864204210229,5673198.456981502473354,0.0]]]}},
{"type":"Feature","properties":{"fid":535,"TIPOLOGIA":"SCAVO","PROVINCIA":"MI","COMUNE":"BINASCO","CLUSTER":"3","ROUTE":"11","ENTE":"COMUNE","ENTE 2":"RIB","LUNGHEZZA":47.36,"SPAN":"11_1","LOTTO":"6","TRATTA_ID":"TR_0535","ENTE 3":null,"MOTIVO_NO":"Manca autorizz","STATO_AUTORIZZAZIONE":"IN ATTESA","STATO_NULLAOSTA":"NON NECESSARIO","STATO_ORDINANZA":"NON NECESSARIO","PROTOCOLLO_AUT":null,"PRATICA":null,"LAVORABILE":"NO","STATO_LEGENDA":"IN ATTESA","CAMPO AWS":"NOT STARTED"},"geometry":{"type":"MultiLineString","coordinates":[[[1013558.861942856339738,5674296.578576747328043,0.0],[1013546.62669024837669,5674281.787239214405417,0.0],[1013511.335174781852402,5674249.004215041175485,0.0]]]}},
{"type":"Feature","properties":{"fid":536,"TIPOLOGIA":"NO DIG","PROVINCIA":"MI","COMUNE":"BINASCO","CLUSTER":"3","ROUTE":"11","ENTE":"COMUNE","ENTE 2":null,"LUNGHEZZA":68.45,"SPAN":"11_1","LOTTO":"6","TRATTA_ID":"TR_0536","ENTE 3":null,"MOTIVO_NO":"Manca autorizz","STATO_AUTORIZZAZIONE":"IN ATTESA","STATO_NULLAOSTA":"NON NECESSARIO","STATO_ORDINANZA":"NON NECESSARIO","PROTOCOLLO_AUT":null,"PRATICA":null,"LAVORABILE":"NO","STATO_LEGENDA":"IN ATTESA","CAMPO AWS":"NOT STARTED"},"geometry":{"type":"MultiLineString","coordinates":[[[1013511.335174781852402,5674249.004215041175485,0.0],[1013476.006353873526677,5674216.186276760883629,0.0],[1013437.459887721110135,5674185.745356342755258,0.0]]]}},
{"type":"Feature","properties":{"fid":537,"TIPOLOGIA":"NO DIG","PROVINCIA":"MI","COMUNE":"GAGGIANO","CLUSTER":"3","ROUTE":"11","ENTE":"COMUNE","ENTE 2":"RFI","LUNGHEZZA":14.02,"SPAN":"11_1","LOTTO":"6","TRATTA_ID":"TR_0537","ENTE 3":null,"MOTIVO_NO":"Manca autorizz","STATO_AUTORIZZAZIONE":"IN ATTESA","STATO_NULLAOSTA":"NON NECESSARIO","STATO_ORDINANZA":"NON NECESSARIO","PROTOCOLLO_AUT":null,"PRATICA":null,"LAVORABILE":"NO","STATO_LEGENDA":"IN ATTESA","CAMPO AWS":"NOT STARTED"},"geometry":{"type":"MultiLineString","coordinates":[[[1006005.214684910024516,5686324.762034483253956,0.0],[1005999.328470180742443,5686343.868823085911572,0.0]]]}},
{"type":"Feature","properties":{"fid":538,"TIPOLOGIA":"NO DIG","PROVINCIA":"MI","COMUNE":"GAGGIANO","CLUSTER":"3","ROUTE":"11","ENTE":"COMUNE","ENTE 2":null,"LUNGHEZZA":251.64,"SPAN":"11_1","LOTTO":"6","TRATTA_ID":"TR_0538","ENTE 3":null,"MOTIVO_NO":"Manca autorizz","STATO_AUTORIZZAZIONE":"IN ATTESA","STATO_NULLAOSTA":"NON NECESSARIO","STATO_ORDINANZA":"NON NECESSARIO","PROTOCOLLO_AUT":null,"PRATICA":null,"LAVORABILE":"NO","STATO_LEGENDA":"IN ATTESA","CAMPO AWS":"NOT STARTED"},"geometry":{"type":"MultiLineString","coordinates":[[[1005999.328470180742443,5686343.868823085911572,0.0],[1005987.779830329935066,5686381.355844148434699,0.0],[1005986.204642993863672,5686483.519373887218535,0.0],[1005992.418479762971401,5686561.447166662663221,0.0],[1005986.7225572837051,5686645.686515955254436,0.0],[1005959.445196921937168,5686693.40888546127826,0.0]]]}},
{"type":"Feature","properties":{"fid":539,"TIPOLOGIA":"NO DIG","PROVINCIA":"MI","COMUNE":"SETTIMO MILANESE","CLUSTER":"1","ROUTE":"16","ENTE":"COMUNE","ENTE 2":"AIPO","LUNGHEZZA":14.16,"SPAN":"16_1","LOTTO":"1B","TRATTA_ID":"TR_0539","ENTE 3":null,"MOTIVO_NO":"Manca autorizz","STATO_AUTORIZZAZIONE":"PROTOCOLLATO INTEGRAZIONE","STATO_NULLAOSTA":"NON NECESSARIO","STATO_ORDINANZA":"IN ATTESA","PROTOCOLLO_AUT":"2026/03/05","PRATICA":"AUT/1/1B","LAVORABILE":"NO","STATO_LEGENDA":"PROTOCOLLATO INTEGRAZIONE","CAMPO AWS":"DENIED"},"geometry":{"type":"MultiLineString","coordinates":[[[1007957.136817547958344,5696864.986411770805717,0.0],[1007971.7182042269269,5696870.019767712801695,0.0],[1007976.249866607249714,5696871.41684883646667,0.0]]]}},
{"type":"Feature","properties":{"fid":540,"TIPOLOGIA":"NO DIG","PROVINCIA":"MI","COMUNE":"SETTIMO MILANESE","CLUSTER":"1","ROUTE":"16","ENTE":"COMUNE","ENTE 2":null,"LUNGHEZZA":1473.6,"SPAN":"16_1","LOTTO":"1B","TRATTA_ID":"TR_0540","ENTE 3":null,"MOTIVO_NO":"Manca autorizz","STATO_AUTORIZZAZIONE":"PROTOCOLLATO INTEGRAZIONE","STATO_NULLAOSTA":"NON NECESSARIO","STATO_ORDINANZA":"IN ATTESA","PROTOCOLLO_AUT":"2026/03/05","PRATICA":"AUT/1/1B","LAVORABILE":"NO","STATO_LEGENDA":"PROTOCOLLATO INTEGRAZIONE","CAMPO AWS":"DENIED"},"geometry":{"type":"MultiLineString","coordinates":[[[1006039.136929442174733,5696174.180849346332252,0.0],[1006144.078568181139417,5696225.988620584830642,0.0],[1006274.152239434188232,5696292.038675474002957,0.0],[1006341.81059880531393,5696352.847786786966026,0.0],[1006426.477168140001595,5696414.160654080100358,0.0],[1006580.891032202984206,5696534.584269030019641,0.0],[1006665.067783921957016,5696588.533511097542942,0.0],[1006749.48723429965321,5696637.082695144228637,0.0],[1006847.22029872960411,5696651.140948873944581,0.0],[1007006.968328939867206,5696671.421155346557498,0.0],[1007055.408294279244728,5696680.474080523476005,0.0],[1007116.330012004706077,5696699.827532840892673,0.0],[1007211.998113781563006,5696735.849262085743248,0.0],[1007307.424142781295814,5696774.815455586649477,0.0],[1007387.684104937710799,5696813.422033046372235,0.0],[1007440.897744891117327,5696826.274291515350342,0.0],[1007540.091393553069793,5696824.002912469208241,0.0],[1007596.719024789170362,5696819.548933614045382,0.0],[1007691.872131063020788,5696810.897164822556078,0.0],[1007752.540069447830319,5696812.820857778191566,0.0],[1007820.255763120134361,5696816.425586564466357,0.0],[1007863.979167587123811,5696832.464330279268324,0.0],[1007918.805251308251172,5696851.754592505283654,0.0],[1007957.136817547958344,5696864.986411770805717,0.0]]]}},
{"type":"Feature","properties":{"fid":541,"TIPOLOGIA":"SCAVO","PROVINCIA":"MI","COMUNE":"MILANO","CLUSTER":"1","ROUTE":"16","ENTE":"COMUNE","ENTE 2":"AIPO","LUNGHEZZA":23.86,"SPAN":"16_2","LOTTO":"1B","TRATTA_ID":"TR_0541","ENTE 3":null,"MOTIVO_NO":"Manca autorizz | Manca nulla osta","STATO_AUTORIZZAZIONE":"COORDINAMENTO","STATO_NULLAOSTA":"PROTOCOLLATO","STATO_ORDINANZA":"NON NECESSARIO","PROTOCOLLO_AUT":null,"PRATICA":"AUT/7/1B | NO/3/1B","LAVORABILE":"NO","STATO_LEGENDA":"COORDINAMENTO","CAMPO AWS":"ON GOING"},"geometry":{"type":"MultiLineString","coordinates":[[[1010203.124455396085978,5700039.489927033893764,0.0],[1010187.873492249986157,5700069.956621562130749,0.0]]]}},
{"type":"Feature","properties":{"fid":542,"TIPOLOGIA":"NO DIG","PROVINCIA":"MI","COMUNE":"MILANO","CLUSTER":"1","ROUTE":"16","ENTE":"COMUNE","ENTE 2":null,"LUNGHEZZA":344.15,"SPAN":"16_2","LOTTO":"1B","TRATTA_ID":"TR_0542","ENTE 3":null,"MOTIVO_NO":"Manca autorizz","STATO_AUTORIZZAZIONE":"COORDINAMENTO","STATO_NULLAOSTA":"NON NECESSARIO","STATO_ORDINANZA":"NON NECESSARIO","PROTOCOLLO_AUT":null,"PRATICA":"AUT/7/1B","LAVORABILE":"NO","STATO_LEGENDA":"COORDINAMENTO","CAMPO AWS":"ON GOING"},"geometry":{"type":"MultiLineString","coordinates":[[[1010193.913760875235312,5700361.612196139991283,0.0],[1010194.533549041138031,5700442.506647002883255,0.0],[1010161.94532304466702,5700549.669374906457961,0.0],[1010089.135254987399094,5700759.632447527721524,0.0],[1010086.991554006002843,5700798.443793247453868,0.0],[1010112.657950004562736,5700825.955781104974449,0.0]]]}},
{"type":"Feature","properties":{"fid":543,"TIPOLOGIA":"NO DIG","PROVINCIA":"MI","COMUNE":"MILANO","CLUSTER":"1","ROUTE":"16","ENTE":"COMUNE","ENTE 2":"SERRAVALLE","LUNGHEZZA":140.82,"SPAN":"16_2","LOTTO":"1B","TRATTA_ID":"TR_0543","ENTE 3":null,"MOTIVO_NO":"Manca autorizz | Manca nulla osta","STATO_AUTORIZZAZIONE":"COORDINAMENTO","STATO_NULLAOSTA":"PROTOCOLLATO INTEGRAZIONE","STATO_ORDINANZA":"NON NECESSARIO","PROTOCOLLO_AUT":null,"PRATICA":"AUT/7/1B | NO/5/1B","LAVORABILE":"NO","STATO_LEGENDA":"COORDINAMENTO","CAMPO AWS":"ON GOING"},"geometry":{"type":"MultiLineString","coordinates":[[[1010187.734818361350335,5700160.476703864522278,0.0],[1010193.913760875235312,5700361.612196139991283,0.0]]]}},
{"type":"Feature","properties":{"fid":544,"TIPOLOGIA":"NO DIG","PROVINCIA":"MI","COMUNE":"MILANO","CLUSTER":"1","ROUTE":"16","ENTE":"COMUNE","ENTE 2":null,"LUNGHEZZA":63.71,"SPAN":"16_2","LOTTO":"1B","TRATTA_ID":"TR_0544","ENTE 3":null,"MOTIVO_NO":"Manca autorizz","STATO_AUTORIZZAZIONE":"COORDINAMENTO","STATO_NULLAOSTA":"NON NECESSARIO","STATO_ORDINANZA":"NON NECESSARIO","PROTOCOLLO_AUT":null,"PRATICA":"AUT/7/1B","LAVORABILE":"NO","STATO_LEGENDA":"COORDINAMENTO","CAMPO AWS":"ON GOING"},"geometry":{"type":"MultiLineString","coordinates":[[[1010187.873492249986157,5700069.956621562130749,0.0],[1010182.959753528586589,5700114.984073492698371,0.0],[1010187.734818361350335,5700160.476703864522278,0.0]]]}},
{"type":"Feature","properties":{"fid":545,"TIPOLOGIA":"SCAVO","PROVINCIA":"MI","COMUNE":"RHO","CLUSTER":"1","ROUTE":"9","ENTE":"COMUNE","ENTE 2":"RFI","LUNGHEZZA":24.73,"SPAN":"9_3","LOTTO":"1A","TRATTA_ID":"TR_0545","ENTE 3":null,"MOTIVO_NO":"Manca autorizz | Manca nulla osta","STATO_AUTORIZZAZIONE":"PROTOCOLLATO","STATO_NULLAOSTA":"INVIATO","STATO_ORDINANZA":"NON NECESSARIO","PROTOCOLLO_AUT":"2026/03/27","PRATICA":"AUT/20/1A | NO/15/1A","LAVORABILE":"NO","STATO_LEGENDA":"PROTOCOLLATO","CAMPO AWS":"ON GOING"},"geometry":{"type":"MultiLineString","coordinates":[[[1009453.474755613366142,5704505.12111649196595,0.0],[1009447.840978356078267,5704498.078894917853177,0.0],[1009449.092928857775405,5704471.787934387102723,0.0]]]}},
{"type":"Feature","properties":{"fid":546,"TIPOLOGIA":"SCAVO","PROVINCIA":"MI","COMUNE":"RHO","CLUSTER":"1","ROUTE":"9","ENTE":"COMUNE","ENTE 2":null,"LUNGHEZZA":72.48,"SPAN":"9_3","LOTTO":"1A","TRATTA_ID":"TR_0546","ENTE 3":null,"MOTIVO_NO":"Manca autorizz","STATO_AUTORIZZAZIONE":"PROTOCOLLATO","STATO_NULLAOSTA":"NON NECESSARIO","STATO_ORDINANZA":"NON NECESSARIO","PROTOCOLLO_AUT":"2026/03/27","PRATICA":"AUT/20/1A","LAVORABILE":"NO","STATO_LEGENDA":"PROTOCOLLATO","CAMPO AWS":"ON GOING"},"geometry":{"type":"MultiLineString","coordinates":[[[1009449.092928857775405,5704471.787934387102723,0.0],[1009464.194581783143803,5704434.464160058647394,0.0],[1009483.443320744670928,5704391.115373941138387,0.0],[1009469.231030884780921,5704384.111702533438802,0.0]]]}},
{"type":"Feature","properties":{"fid":547,"TIPOLOGIA":"SCAVO","PROVINCIA":"MI","COMUNE":"RHO","CLUSTER":"1","ROUTE":"9","ENTE":"COMUNE","ENTE 2":"AIPO","LUNGHEZZA":14.63,"SPAN":"9_3","LOTTO":"1A","TRATTA_ID":"TR_0547","ENTE 3":null,"MOTIVO_NO":"Manca autorizz | Manca nulla osta","STATO_AUTORIZZAZIONE":"PROTOCOLLATO","STATO_NULLAOSTA":"PROTOCOLLATO","STATO_ORDINANZA":"NON NECESSARIO","PROTOCOLLO_AUT":"2026/03/27","PRATICA":"AUT/20/1A | NO/18/1A","LAVORABILE":"NO","STATO_LEGENDA":"PROTOCOLLATO","CAMPO AWS":"ON GOING"},"geometry":{"type":"MultiLineString","coordinates":[[[1008533.686360704130493,5704960.981318586505949,0.0],[1008554.413668303051963,5704963.220736984163523,0.0]]]}},
{"type":"Feature","properties":{"fid":548,"TIPOLOGIA":"SCAVO","PROVINCIA":"MI","COMUNE":"RHO","CLUSTER":"1","ROUTE":"9","ENTE":"COMUNE","ENTE 2":null,"LUNGHEZZA":63.41,"SPAN":"9_3","LOTTO":"1A","TRATTA_ID":"TR_0548","ENTE 3":null,"MOTIVO_NO":"Manca autorizz","STATO_AUTORIZZAZIONE":"PROTOCOLLATO","STATO_NULLAOSTA":"NON NECESSARIO","STATO_ORDINANZA":"NON NECESSARIO","PROTOCOLLO_AUT":"2026/03/27","PRATICA":"AUT/20/1A","LAVORABILE":"NO","STATO_LEGENDA":"PROTOCOLLATO","CAMPO AWS":"ON GOING"},"geometry":{"type":"MultiLineString","coordinates":[[[1008554.413668303051963,5704963.220736984163523,0.0],[1008578.044359507854097,5704965.773783039301634,0.0],[1008642.711930225719698,5704968.038004900328815,0.0],[1008644.452095252927393,5704967.319076699204743,0.0]]]}},
{"type":"Feature","properties":{"fid":549,"TIPOLOGIA":"NO DIG","PROVINCIA":"MI","COMUNE":"RHO","CLUSTER":"3","ROUTE":"9","ENTE":"COMUNE","ENTE 2":"RFI","LUNGHEZZA":21.89,"SPAN":"9_2","LOTTO":"2","TRATTA_ID":"TR_0549","ENTE 3":null,"MOTIVO_NO":"Manca autorizz","STATO_AUTORIZZAZIONE":"IN ATTESA","STATO_NULLAOSTA":"NON NECESSARIO","STATO_ORDINANZA":"NON NECESSARIO","PROTOCOLLO_AUT":null,"PRATICA":null,"LAVORABILE":"NO","STATO_LEGENDA":"IN ATTESA","CAMPO AWS":"NOT STARTED"},"geometry":{"type":"MultiLineString","coordinates":[[[1007113.179292669519782,5704592.510568927042186,0.0],[1007125.792915334459394,5704563.89602620061487,0.0]]]}},
{"type":"Feature","properties":{"fid":550,"TIPOLOGIA":"NO DIG","PROVINCIA":"MI","COMUNE":"RHO","CLUSTER":"3","ROUTE":"9","ENTE":"COMUNE","ENTE 2":null,"LUNGHEZZA":25.92,"SPAN":"9_2","LOTTO":"2","TRATTA_ID":"TR_0550","ENTE 3":null,"MOTIVO_NO":"Manca autorizz","STATO_AUTORIZZAZIONE":"IN ATTESA","STATO_NULLAOSTA":"NON NECESSARIO","STATO_ORDINANZA":"NON NECESSARIO","PROTOCOLLO_AUT":null,"PRATICA":null,"LAVORABILE":"NO","STATO_LEGENDA":"IN ATTESA","CAMPO AWS":"NOT STARTED"},"geometry":{"type":"MultiLineString","coordinates":[[[1007125.792915334459394,5704563.89602620061487,0.0],[1007126.405274419230409,5704562.506860627792776,0.0],[1007127.770605301484466,5704526.990553529001772,0.0]]]}},
{"type":"Feature","properties":{"fid":551,"TIPOLOGIA":"SCAVO","PROVINCIA":"MI","COMUNE":"LAINATE","CLUSTER":"3","ROUTE":"9","ENTE":"COMUNE","ENTE 2":"RIB","LUNGHEZZA":26.39,"SPAN":"9_2","LOTTO":"2","TRATTA_ID":"TR_0551","ENTE 3":null,"MOTIVO_NO":"Manca autorizz","STATO_AUTORIZZAZIONE":"IN ATTESA","STATO_NULLAOSTA":"NON NECESSARIO","STATO_ORDINANZA":"NON NECESSARIO","PROTOCOLLO_AUT":null,"PRATICA":null,"LAVORABILE":"NO","STATO_LEGENDA":"IN ATTESA","CAMPO AWS":"NOT STARTED"},"geometry":{"type":"MultiLineString","coordinates":[[[1005972.037591791013256,5712092.871477849781513,0.0],[1005970.768147078342736,5712063.864458722062409,0.0],[1005976.258126954548061,5712057.101449537090957,0.0]]]}},
{"type":"Feature","properties":{"fid":552,"TIPOLOGIA":"NO DIG","PROVINCIA":"MI","COMUNE":"LAINATE","CLUSTER":"3","ROUTE":"9","ENTE":"COMUNE","ENTE 2":null,"LUNGHEZZA":125.31,"SPAN":"9_2","LOTTO":"2","TRATTA_ID":"TR_0552","ENTE 3":null,"MOTIVO_NO":"Manca autorizz","STATO_AUTORIZZAZIONE":"IN ATTESA","STATO_NULLAOSTA":"NON NECESSARIO","STATO_ORDINANZA":"NON NECESSARIO","PROTOCOLLO_AUT":null,"PRATICA":null,"LAVORABILE":"NO","STATO_LEGENDA":"IN ATTESA","CAMPO AWS":"NOT STARTED"},"geometry":{"type":"MultiLineString","coordinates":[[[1005976.85017358197365,5712271.615263018757105,0.0],[1005972.775516336085275,5712255.213301490060985,0.0],[1005972.136592366383411,5712219.261071527376771,0.0],[1005973.707941379630938,5712157.370645572431386,0.0],[1005972.482553041540086,5712103.038892495445907,0.0],[1005972.037591791013256,5712092.871477849781513,0.0]]]}},
{"type":"Feature","properties":{"fid":553,"TIPOLOGIA":"NO DIG","PROVINCIA":"MI","COMUNE":"GARBAGNATE MILANESE","CLUSTER":"3","ROUTE":"9","ENTE":"COMUNE","ENTE 2":"RFI","LUNGHEZZA":42.13,"SPAN":"9_2","LOTTO":"2","TRATTA_ID":"TR_0553","ENTE 3":null,"MOTIVO_NO":"Manca autorizz","STATO_AUTORIZZAZIONE":"IN ATTESA","STATO_NULLAOSTA":"NON NECESSARIO","STATO_ORDINANZA":"NON NECESSARIO","PROTOCOLLO_AUT":null,"PRATICA":null,"LAVORABILE":"NO","STATO_LEGENDA":"IN ATTESA","CAMPO AWS":"NOT STARTED"},"geometry":{"type":"MultiLineString","coordinates":[[[1011542.259421787341125,5712516.471943335607648,0.0],[1011482.851272966945544,5712525.523668935522437,0.0]]]}},
{"type":"Feature","properties":{"fid":554,"TIPOLOGIA":"NO DIG","PROVINCIA":"MI","COMUNE":"GARBAGNATE MILANESE","CLUSTER":"3","ROUTE":"9","ENTE":"COMUNE","ENTE 2":null,"LUNGHEZZA":88.37,"SPAN":"9_2","LOTTO":"2","TRATTA_ID":"TR_0554","ENTE 3":null,"MOTIVO_NO":"Manca autorizz","STATO_AUTORIZZAZIONE":"IN ATTESA","STATO_NULLAOSTA":"NON NECESSARIO","STATO_ORDINANZA":"NON NECESSARIO","PROTOCOLLO_AUT":null,"PRATICA":null,"LAVORABILE":"NO","STATO_LEGENDA":"IN ATTESA","CAMPO AWS":"NOT STARTED"},"geometry":{"type":"MultiLineString","coordinates":[[[1011482.851272966945544,5712525.523668935522437,0.0],[1011448.217994557926431,5712530.800382986664772,0.0],[1011358.154016961576417,5712543.834523958154023,0.0]]]}},
{"type":"Feature","properties":{"fid":555,"TIPOLOGIA":"NO DIG","PROVINCIA":"MI","COMUNE":"GARBAGNATE MILANESE","CLUSTER":"3","ROUTE":"9","ENTE":"PROVINCIA DI MILANO","ENTE 2":null,"LUNGHEZZA":689.92,"SPAN":"9_2","LOTTO":"2","TRATTA_ID":"TR_0555","ENTE 3":null,"MOTIVO_NO":"Manca autorizz","STATO_AUTORIZZAZIONE":"IN ATTESA","STATO_NULLAOSTA":"NON NECESSARIO","STATO_ORDINANZA":"NON NECESSARIO","PROTOCOLLO_AUT":null,"PRATICA":null,"LAVORABILE":"NO","STATO_LEGENDA":"IN ATTESA","CAMPO AWS":"NOT STARTED"},"geometry":{"type":"MultiLineString","coordinates":[[[1012447.845375042059459,5712152.480096457526088,0.0],[1012436.273138384218328,5712156.694543290883303,0.0],[1012423.637975458055735,5712164.8505187202245,0.0],[1012411.121439218404703,5712178.364396461285651,0.0],[1012400.660304653807543,5712194.352095454931259,0.0],[1012390.961575250141323,5712219.905597946606576,0.0],[1012384.891061142669059,5712248.42120798677206,0.0],[1012377.872838980983943,5712293.290992446243763,0.0],[1012374.224903708905913,5712343.803540200926363,0.0],[1012370.334187607979402,5712422.421387709677219,0.0],[1012361.46585319773294,5712493.508318230509758,0.0],[1012353.232696693623438,5712526.59684918448329,0.0],[1012336.287620428251103,5712559.441474865190685,0.0]],[[1012992.128528219996952,5712180.095558737404644,0.0],[1012981.993911270517856,5712177.046884660609066,0.0],[1012947.309507381753065,5712170.355246806517243,0.0],[1012888.572175131645054,5712173.00158245768398,0.0],[1012782.050269539351575,5712174.36140088737011,0.0],[1012673.689695467590354,5712177.002453016117215,0.0],[1012592.716703058569692,5712179.278742470778525,0.0],[1012544.545518189435825,5712173.898805508390069,0.0],[1012520.643186140456237,5712168.207808346487582,0.0],[1012498.953026379924268,5712163.936576476320624,0.0],[1012476.319342710194178,5712156.426369227468967,0.0],[1012449.76218222011812,5712153.165864411741495,0.0]]]}},
{"type":"Feature","properties":{"fid":556,"TIPOLOGIA":"NO DIG","PROVINCIA":"MI","COMUNE":"SENAGO","CLUSTER":"3","ROUTE":"9","ENTE":"PROVINCIA DI MILANO","ENTE 2":"RIB","LUNGHEZZA":25.48,"SPAN":"9_2","LOTTO":"2","TRATTA_ID":"TR_0556","ENTE 3":null,"MOTIVO_NO":"Manca autorizz","STATO_AUTORIZZAZIONE":"IN ATTESA","STATO_NULLAOSTA":"NON NECESSARIO","STATO_ORDINANZA":"NON NECESSARIO","PROTOCOLLO_AUT":null,"PRATICA":null,"LAVORABILE":"NO","STATO_LEGENDA":"IN ATTESA","CAMPO AWS":"NOT STARTED"},"geometry":{"type":"MultiLineString","coordinates":[[[1013812.642707115621306,5712316.374243301339447,0.0],[1013776.309193509747274,5712316.362052328884602,0.0]]]}},
{"type":"Feature","properties":{"fid":557,"TIPOLOGIA":"NO DIG","PROVINCIA":"MI","COMUNE":"SENAGO","CLUSTER":"3","ROUTE":"9","ENTE":"PROVINCIA DI MILANO","ENTE 2":null,"LUNGHEZZA":217.08,"SPAN":"9_2","LOTTO":"2","TRATTA_ID":"TR_0557","ENTE 3":null,"MOTIVO_NO":"Manca autorizz","STATO_AUTORIZZAZIONE":"IN ATTESA","STATO_NULLAOSTA":"NON NECESSARIO","STATO_ORDINANZA":"NON NECESSARIO","PROTOCOLLO_AUT":null,"PRATICA":null,"LAVORABILE":"NO","STATO_LEGENDA":"IN ATTESA","CAMPO AWS":"NOT STARTED"},"geometry":{"type":"MultiLineString","coordinates":[[[1014115.598079631570727,5712353.6539092566818,0.0],[1014096.878611958352849,5712338.861798675730824,0.0],[1014073.934869546908885,5712332.103931877762079,0.0],[1014031.649560678517446,5712328.484580444172025,0.0],[1013984.818965058773756,5712326.929957830347121,0.0],[1013934.5279187601991,5712323.837230240926147,0.0],[1013878.623465488082729,5712321.949434884823859,0.0],[1013817.25248297827784,5712316.375779417343438,0.0],[1013812.642707115621306,5712316.374243301339447,0.0]]]}},
{"type":"Feature","properties":{"fid":558,"TIPOLOGIA":"NO DIG","PROVINCIA":"MI","COMUNE":"SENAGO","CLUSTER":"3","ROUTE":"9","ENTE":"PROVINCIA DI MILANO","ENTE 2":null,"LUNGHEZZA":559.46,"SPAN":"9_2","LOTTO":"2","TRATTA_ID":"TR_0558","ENTE 3":null,"MOTIVO_NO":"Manca autorizz","STATO_AUTORIZZAZIONE":"IN ATTESA","STATO_NULLAOSTA":"NON NECESSARIO","STATO_ORDINANZA":"NON NECESSARIO","PROTOCOLLO_AUT":null,"PRATICA":null,"LAVORABILE":"NO","STATO_LEGENDA":"IN ATTESA","CAMPO AWS":"NOT STARTED"},"geometry":{"type":"MultiLineString","coordinates":[[[1013776.309193509747274,5712316.362052328884602,0.0],[1013775.964614195399918,5712316.361936002038419,0.0],[1013726.697712422115728,5712313.229400253854692,0.0],[1013673.257586592924781,5712306.401513583958149,0.0],[1013633.814661071985029,5712300.86221020296216,0.0],[1013567.775967665715143,5712293.021310413256288,0.0],[1013507.887610725709237,5712285.592357972636819,0.0],[1013446.096068103681318,5712276.901774500496686,0.0],[1013378.183032989851199,5712268.957522176206112,0.0],[1013318.385618259897456,5712260.923749620094895,0.0],[1013245.533377527375706,5712249.008984293788671,0.0],[1013172.567040603258647,5712233.360623044893146,0.0],[1013129.852949505439028,5712220.268399489112198,0.0],[1013046.807596442522481,5712196.544018580578268,0.0],[1012992.128528219996952,5712180.095558737404644,0.0]]]}},
{"type":"Feature","properties":{"fid":559,"TIPOLOGIA":"NO DIG","PROVINCIA":"MI","COMUNE":"SENAGO","CLUSTER":"3","ROUTE":"9","ENTE":"PROVINCIA DI MILANO","ENTE 2":null,"LUNGHEZZA":654.48,"SPAN":"9_2","LOTTO":"2","TRATTA_ID":"TR_0559","ENTE 3":null,"MOTIVO_NO":"Manca autorizz","STATO_AUTORIZZAZIONE":"IN ATTESA","STATO_NULLAOSTA":"NON NECESSARIO","STATO_ORDINANZA":"NON NECESSARIO","PROTOCOLLO_AUT":null,"PRATICA":null,"LAVORABILE":"NO","STATO_LEGENDA":"IN ATTESA","CAMPO AWS":"NOT STARTED"},"geometry":{"type":"MultiLineString","coordinates":[[[1014767.452216713572852,5712595.885942455381155,0.0],[1014751.090045282500796,5712597.190652285702527,0.0],[1014711.022605184582062,5712602.699417238123715,0.0],[1014569.016092182253487,5712627.368807598948479,0.0],[1014524.480883096111938,5712630.887976512312889,0.0],[1014484.665593078243546,5712646.990684411488473,0.0],[1014437.051850745105185,5712664.482650334946811,0.0],[1014404.828503147349693,5712675.2432332476601,0.0],[1014363.192693739314564,5712686.14069033972919,0.0],[1014327.542337722610682,5712694.405742623843253,0.0],[1014282.184787960257381,5712692.341153986752033,0.0],[1014268.974399501690641,5712687.10590988304466,0.0],[1014255.301877424120903,5712678.813897454179823,0.0],[1014240.080343845649622,5712670.475939167663455,0.0],[1014223.030829158145934,5712661.781828614883125,0.0],[1014204.250159805873409,5712653.024472976103425,0.0],[1014166.11452312883921,5712636.616999351419508,0.0],[1014139.865391252445988,5712624.786885972134769,0.0],[1014135.729850506642833,5712619.02030264865607,0.0],[1014134.785457936115563,5712609.386949548497796,0.0],[1014132.160341993439943,5712569.815367766655982,0.0],[1014133.368387872353196,5712502.980772471986711,0.0],[1014136.926015251432545,5712453.457095346413553,0.0],[1014138.086668681818992,5712411.097153619863093,0.0],[1014134.865875449846499,5712385.003812158480287,0.0],[1014115.598079631570727,5712353.6539092566818,0.0]]]}},
{"type":"Feature","properties":{"fid":560,"TIPOLOGIA":"SCAVO","PROVINCIA":"MI","COMUNE":"SENAGO","CLUSTER":"3","ROUTE":"9","ENTE":"PROVINCIA DI MILANO","ENTE 2":"RIP","LUNGHEZZA":17.73,"SPAN":"9_2","LOTTO":"2","TRATTA_ID":"TR_0560","ENTE 3":null,"MOTIVO_NO":"Manca autorizz","STATO_AUTORIZZAZIONE":"IN ATTESA","STATO_NULLAOSTA":"NON NECESSARIO","STATO_ORDINANZA":"NON NECESSARIO","PROTOCOLLO_AUT":null,"PRATICA":null,"LAVORABILE":"NO","STATO_LEGENDA":"IN ATTESA","CAMPO AWS":"NOT STARTED"},"geometry":{"type":"MultiLineString","coordinates":[[[1014792.652312469435856,5712593.87644258979708,0.0],[1014767.452216713572852,5712595.885942455381155,0.0]]]}},
{"type":"Feature","properties":{"fid":561,"TIPOLOGIA":"NO DIG","PROVINCIA":"MI","COMUNE":"SENAGO","CLUSTER":"3","ROUTE":"9","ENTE":"PROVINCIA DI MILANO","ENTE 2":null,"LUNGHEZZA":244.76,"SPAN":"9_2","LOTTO":"2","TRATTA_ID":"TR_0561","ENTE 3":null,"MOTIVO_NO":"Manca autorizz","STATO_AUTORIZZAZIONE":"IN ATTESA","STATO_NULLAOSTA":"NON NECESSARIO","STATO_ORDINANZA":"NON NECESSARIO","PROTOCOLLO_AUT":null,"PRATICA":null,"LAVORABILE":"NO","STATO_LEGENDA":"IN ATTESA","CAMPO AWS":"NOT STARTED"},"geometry":{"type":"MultiLineString","coordinates":[[[1014968.477008182555437,5712572.531548556871712,0.0],[1014957.985086602042429,5712575.377467276528478,0.0],[1014913.915614,5712578.640258149243891,0.0],[1014826.290704063605517,5712591.193946331739426,0.0],[1014792.652312469435856,5712593.87644258979708,0.0]],[[1015056.013659868389368,5712429.298916098661721,0.0],[1015049.131656680488959,5712430.918112528510392,0.0],[1015044.001513397670351,5712434.505469745956361,0.0],[1015034.314440201851539,5712448.494744679890573,0.0],[1015022.399495231453329,5712466.830701841041446,0.0],[1015007.518765792949125,5712493.421463713981211,0.0],[1014992.880943473894149,5712531.382977116852999,0.0],[1014984.013590988935903,5712559.974891922436655,0.0],[1014969.338355067069642,5712571.816443999297917,0.0]]]}},
{"type":"Feature","properties":{"fid":562,"TIPOLOGIA":"NO DIG","PROVINCIA":"MI","COMUNE":"PADERNO DUGNANO","CLUSTER":"3","ROUTE":"9","ENTE":"COMUNE","ENTE 2":"RFI","LUNGHEZZA":36.1,"SPAN":"9_2","LOTTO":"2","TRATTA_ID":"TR_0562","ENTE 3":null,"MOTIVO_NO":"Manca autorizz","STATO_AUTORIZZAZIONE":"IN ATTESA","STATO_NULLAOSTA":"NON NECESSARIO","STATO_ORDINANZA":"NON NECESSARIO","PROTOCOLLO_AUT":null,"PRATICA":null,"LAVORABILE":"NO","STATO_LEGENDA":"IN ATTESA","CAMPO AWS":"NOT STARTED"},"geometry":{"type":"MultiLineString","coordinates":[[[1019360.228000836563297,5713178.555362831801176,0.0],[1019355.977395759429783,5713177.393493127077818,0.0],[1019309.843396784737706,5713167.968715531751513,0.0]]]}},
{"type":"Feature","properties":{"fid":563,"TIPOLOGIA":"NO DIG","PROVINCIA":"MI","COMUNE":"PADERNO DUGNANO","CLUSTER":"3","ROUTE":"9","ENTE":"COMUNE","ENTE 2":null,"LUNGHEZZA":282.47,"SPAN":"9_2","LOTTO":"2","TRATTA_ID":"TR_0563","ENTE 3":null,"MOTIVO_NO":"Manca autorizz","STATO_AUTORIZZAZIONE":"IN ATTESA","STATO_NULLAOSTA":"NON NECESSARIO","STATO_ORDINANZA":"NON NECESSARIO","PROTOCOLLO_AUT":null,"PRATICA":null,"LAVORABILE":"NO","STATO_LEGENDA":"IN ATTESA","CAMPO AWS":"NOT STARTED"},"geometry":{"type":"MultiLineString","coordinates":[[[1019637.995996163343079,5713188.049233496189117,0.0],[1019634.079716498265043,5713190.964511248283088,0.0],[1019610.537603581789881,5713198.699726387858391,0.0],[1019585.525598008534871,5713199.346853464841843,0.0],[1019556.425155187607743,5713197.404761251993477,0.0],[1019521.094643010059372,5713190.962160026654601,0.0],[1019473.727348175132647,5713185.701460424810648,0.0],[1019464.393193145981058,5713244.113409881480038,0.0],[1019459.506113553419709,5713273.065119650214911,0.0],[1019446.642582007450983,5713269.014681847766042,0.0],[1019443.562166226562113,5713253.543396572582424,0.0],[1019441.39664080820512,5713244.014751276001334,0.0],[1019437.269229493685998,5713236.046754067763686,0.0],[1019427.259336809045635,5713221.000182363204658,0.0],[1019416.070363163482398,5713206.810719357803464,0.0],[1019404.962330569396727,5713197.300477786920965,0.0],[1019376.319732896750793,5713182.953892360441387,0.0],[1019360.228000836563297,5713178.555362831801176,0.0]]]}},
{"type":"Feature","properties":{"fid":564,"TIPOLOGIA":"NO DIG","PROVINCIA":"MI","COMUNE":"PADERNO DUGNANO","CLUSTER":"3","ROUTE":"9","ENTE":"COMUNE","ENTE 2":"AIPO","LUNGHEZZA":14.94,"SPAN":"9_2","LOTTO":"2","TRATTA_ID":"TR_0564","ENTE 3":null,"MOTIVO_NO":"Manca autorizz","STATO_AUTORIZZAZIONE":"IN ATTESA","STATO_NULLAOSTA":"NON NECESSARIO","STATO_ORDINANZA":"NON NECESSARIO","PROTOCOLLO_AUT":null,"PRATICA":null,"LAVORABILE":"NO","STATO_LEGENDA":"IN ATTESA","CAMPO AWS":"NOT STARTED"},"geometry":{"type":"MultiLineString","coordinates":[[[1019655.10682680318132,5713175.311903433874249,0.0],[1019637.995996163343079,5713188.049233496189117,0.0]]]}},
{"type":"Feature","properties":{"fid":565,"TIPOLOGIA":"NO DIG","PROVINCIA":"MI","COMUNE":"PADERNO DUGNANO","CLUSTER":"3","ROUTE":"9","ENTE":"COMUNE","ENTE 2":null,"LUNGHEZZA":1354.75,"SPAN":"9_2","LOTTO":"2","TRATTA_ID":"TR_0565","ENTE 3":null,"MOTIVO_NO":"Manca autorizz","STATO_AUTORIZZAZIONE":"IN ATTESA","STATO_NULLAOSTA":"NON NECESSARIO","STATO_ORDINANZA":"NON NECESSARIO","PROTOCOLLO_AUT":null,"PRATICA":null,"LAVORABILE":"NO","STATO_LEGENDA":"IN ATTESA","CAMPO AWS":"NOT STARTED"},"geometry":{"type":"MultiLineString","coordinates":[[[1021379.659574485500343,5713219.005537453107536,0.0],[1021370.120758590404876,5713206.312588312663138,0.0],[1021341.004944466520101,5713186.159483147785068,0.0],[1021285.172343440237455,5713170.607209487818182,0.0],[1021195.231034562573768,5713155.788011499680579,0.0],[1021156.351649632793851,5713142.624325102195144,0.0],[1021133.390659403987229,5713132.611163327470422,0.0],[1021119.665543360984884,5713110.655474248342216,0.0],[1021048.20329880004283,5713077.395893445238471,0.0],[1020878.970171197666787,5713018.390472779050469,0.0],[1020735.797289182431996,5712974.865970412269235,0.0],[1020618.29947831958998,5712943.515406488440931,0.0],[1020596.728790323715657,5712951.038872182369232,0.0],[1020585.865728902863339,5712963.368146334774792,0.0],[1020570.208655560389161,5713027.000381168909371,0.0],[1020544.14353492425289,5713137.332243517041206,0.0],[1020531.220494741341099,5713216.615212346427143,0.0],[1020521.377575894119218,5713242.562985099852085,0.0],[1020491.385556495632045,5713262.967626396566629,0.0],[1020471.685768775409088,5713262.967551459558308,0.0],[1020374.764248143997975,5713237.589548516087234,0.0],[1020208.408682915614918,5713193.979699790477753,0.0],[1020074.066551536438055,5713158.014756609685719,0.0],[1019914.835429502883926,5713118.20926212798804,0.0],[1019834.216807592543773,5713101.965158814564347,0.0],[1019762.045394931221381,5713101.159690452739596,0.0]]]}},
{"type":"Feature","properties":{"fid":566,"TIPOLOGIA":"NO DIG","PROVINCIA":"MI","COMUNE":"PADERNO DUGNANO","CLUSTER":"3","ROUTE":"9","ENTE":"PROVINCIA DI MILANO","ENTE 2":null,"LUNGHEZZA":60.66,"SPAN":"9_2","LOTTO":"2","TRATTA_ID":"TR_0566","ENTE 3":null,"MOTIVO_NO":"Manca autorizz","STATO_AUTORIZZAZIONE":"IN ATTESA","STATO_NULLAOSTA":"NON NECESSARIO","STATO_ORDINANZA":"NON NECESSARIO","PROTOCOLLO_AUT":null,"PRATICA":null,"LAVORABILE":"NO","STATO_LEGENDA":"IN ATTESA","CAMPO AWS":"NOT STARTED"},"geometry":{"type":"MultiLineString","coordinates":[[[1021453.596194528625347,5713257.35848909150809,0.0],[1021446.204883761121891,5713256.976174398325384,0.0],[1021393.248428349965252,5713237.087673115544021,0.0],[1021379.659574485500343,5713219.005537453107536,0.0]]]}},
{"type":"Feature","properties":{"fid":567,"TIPOLOGIA":"NO DIG","PROVINCIA":"MI","COMUNE":"PADERNO DUGNANO","CLUSTER":"3","ROUTE":"9","ENTE":"COMUNE","ENTE 2":null,"LUNGHEZZA":703.95,"SPAN":"9_2","LOTTO":"2","TRATTA_ID":"TR_0567","ENTE 3":null,"MOTIVO_NO":"Manca autorizz","STATO_AUTORIZZAZIONE":"IN ATTESA","STATO_NULLAOSTA":"NON NECESSARIO","STATO_ORDINANZA":"NON NECESSARIO","PROTOCOLLO_AUT":null,"PRATICA":null,"LAVORABILE":"NO","STATO_LEGENDA":"IN ATTESA","CAMPO AWS":"NOT STARTED"},"geometry":{"type":"MultiLineString","coordinates":[[[1022424.570388548541814,5713496.907208505086601,0.0],[1022330.952634713961743,5713470.5260188607499,0.0],[1022234.144772569299676,5713441.567607555538416,0.0],[1022121.939690398052335,5713407.300068821758032,0.0],[1022036.666742366156541,5713381.93821400590241,0.0],[1021910.63827652297914,5713344.626088636927307,0.0],[1021807.051984786405228,5713312.404879041947424,0.0],[1021742.620329000288621,5713290.754102149046957,0.0],[1021666.157261584419757,5713282.588143713772297,0.0],[1021606.128947251359932,5713283.101128963753581,0.0],[1021537.433919761097059,5713270.412056481465697,0.0],[1021474.805178501759656,5713258.455487161874771,0.0],[1021453.596194528625347,5713257.35848909150809,0.0]]]}},
{"type":"Feature","properties":{"fid":568,"TIPOLOGIA":"NO DIG","PROVINCIA":"MI","COMUNE":"PADERNO DUGNANO","CLUSTER":"3","ROUTE":"9","ENTE":"COMUNE","ENTE 2":null,"LUNGHEZZA":93.47,"SPAN":"9_2","LOTTO":"2","TRATTA_ID":"TR_0568","ENTE 3":null,"MOTIVO_NO":"Manca autorizz","STATO_AUTORIZZAZIONE":"IN ATTESA","STATO_NULLAOSTA":"NON NECESSARIO","STATO_ORDINANZA":"NON NECESSARIO","PROTOCOLLO_AUT":null,"PRATICA":null,"LAVORABILE":"NO","STATO_LEGENDA":"IN ATTESA","CAMPO AWS":"NOT STARTED"},"geometry":{"type":"MultiLineString","coordinates":[[[1019763.705666639725678,5713101.275956006720662,0.0],[1019751.782703227945603,5713103.017480194568634,0.0],[1019737.061229964252561,5713110.019123007543385,0.0],[1019722.996721617062576,5713119.443586411885917,0.0],[1019706.580938352039084,5713136.18565518129617,0.0],[1019682.428390664164908,5713152.637442416511476,0.0],[1019659.676218173699453,5713171.910432453267276,0.0],[1019655.10682680318132,5713175.311903433874249,0.0]]]}},
{"type":"Feature","properties":{"fid":569,"TIPOLOGIA":"NO DIG","PROVINCIA":"MB","COMUNE":"NOVA MILANESE","CLUSTER":"3","ROUTE":"9","ENTE":"COMUNE","ENTE 2":null,"LUNGHEZZA":853.88,"SPAN":"9_2","LOTTO":"2","TRATTA_ID":"TR_0569","ENTE 3":null,"MOTIVO_NO":"Manca autorizz","STATO_AUTORIZZAZIONE":"IN ATTESA","STATO_NULLAOSTA":"NON NECESSARIO","STATO_ORDINANZA":"NON NECESSARIO","PROTOCOLLO_AUT":null,"PRATICA":null,"LAVORABILE":"NO","STATO_LEGENDA":"IN ATTESA","CAMPO AWS":"NOT STARTED"},"geometry":{"type":"MultiLineString","coordinates":[[[1023587.958646975108422,5713845.62986880261451,0.0],[1023582.496035213349387,5713847.05011008772999,0.0],[1023543.650850263657048,5713844.958279049023986,0.0],[1023492.27148947364185,5713826.349588898941875,0.0],[1023435.121604002313688,5713808.016023213043809,0.0],[1023333.326439888565801,5713782.005393559113145,0.0],[1023207.956253808690235,5713744.65195170044899,0.0],[1023107.501149117713794,5713713.708244413137436,0.0],[1022979.43262152641546,5713677.146965436637402,0.0],[1022850.139090512297116,5713632.983885104767978,0.0],[1022738.505847591906786,5713597.170757321640849,0.0],[1022685.264303334988654,5713587.762923341244459,0.0],[1022645.499539918848313,5713578.418833733536303,0.0],[1022597.932124259299599,5713553.045619604177773,0.0],[1022424.570388548541814,5713496.907208505086601,0.0]]]}},
{"type":"Feature","properties":{"fid":570,"TIPOLOGIA":"NO DIG","PROVINCIA":"MB","COMUNE":"MUGGIO","CLUSTER":"3","ROUTE":"9","ENTE":"PROVINCIA DI MB","ENTE 2":"RIB","LUNGHEZZA":21.36,"SPAN":"9_2","LOTTO":"2","TRATTA_ID":"TR_0570","ENTE 3":null,"MOTIVO_NO":"Manca autorizz","STATO_AUTORIZZAZIONE":"IN ATTESA","STATO_NULLAOSTA":"NON NECESSARIO","STATO_ORDINANZA":"NON NECESSARIO","PROTOCOLLO_AUT":null,"PRATICA":null,"LAVORABILE":"NO","STATO_LEGENDA":"IN ATTESA","CAMPO AWS":"NOT STARTED"},"geometry":{"type":"MultiLineString","coordinates":[[[1026381.162658745306544,5714371.807019940577447,0.0],[1026380.319409938529134,5714341.246996301226318,0.0]]]}},
{"type":"Feature","properties":{"fid":571,"TIPOLOGIA":"NO DIG","PROVINCIA":"MB","COMUNE":"MUGGIO","CLUSTER":"3","ROUTE":"9","ENTE":"PROVINCIA DI MB","ENTE 2":null,"LUNGHEZZA":148.16,"SPAN":"9_2","LOTTO":"2","TRATTA_ID":"TR_0571","ENTE 3":null,"MOTIVO_NO":"Manca autorizz","STATO_AUTORIZZAZIONE":"IN ATTESA","STATO_NULLAOSTA":"NON NECESSARIO","STATO_ORDINANZA":"NON NECESSARIO","PROTOCOLLO_AUT":null,"PRATICA":null,"LAVORABILE":"NO","STATO_LEGENDA":"IN ATTESA","CAMPO AWS":"NOT STARTED"},"geometry":{"type":"MultiLineString","coordinates":[[[1026391.070503518916667,5714582.643257830291986,0.0],[1026385.552060683607124,5714563.915610657073557,0.0],[1026381.349784358171746,5714539.446595642715693,0.0],[1026382.060678553651087,5714508.734678518027067,0.0],[1026382.541597916395403,5714482.861488965339959,0.0],[1026380.874150333576836,5714442.552970040589571,0.0],[1026381.499343014089391,5714384.008699968457222,0.0],[1026381.162658745306544,5714371.807019940577447,0.0]]]}},
{"type":"Feature","properties":{"fid":572,"TIPOLOGIA":"NO DIG","PROVINCIA":"MB","COMUNE":"MONZA","CLUSTER":"3","ROUTE":"9","ENTE":"COMUNE","ENTE 2":"ANAS","LUNGHEZZA":38.3,"SPAN":"9_2","LOTTO":"2","TRATTA_ID":"TR_0572","ENTE 3":null,"MOTIVO_NO":"Manca autorizz","STATO_AUTORIZZAZIONE":"IN ATTESA","STATO_NULLAOSTA":"NON NECESSARIO","STATO_ORDINANZA":"NON NECESSARIO","PROTOCOLLO_AUT":null,"PRATICA":null,"LAVORABILE":"NO","STATO_LEGENDA":"IN ATTESA","CAMPO AWS":"NOT STARTED"},"geometry":{"type":"MultiLineString","coordinates":[[[1029277.184400110854767,5715086.329726544208825,0.0],[1029235.50542976486031,5715092.190721337683499,0.0],[1029223.110134447575547,5715094.174879969097674,0.0]]]}},
{"type":"Feature","properties":{"fid":573,"TIPOLOGIA":"NO DIG","PROVINCIA":"MB","COMUNE":"MONZA","CLUSTER":"3","ROUTE":"9","ENTE":"COMUNE","ENTE 2":null,"LUNGHEZZA":312.21,"SPAN":"9_2","LOTTO":"2","TRATTA_ID":"TR_0573","ENTE 3":null,"MOTIVO_NO":"Manca autorizz","STATO_AUTORIZZAZIONE":"IN ATTESA","STATO_NULLAOSTA":"NON NECESSARIO","STATO_ORDINANZA":"NON NECESSARIO","PROTOCOLLO_AUT":null,"PRATICA":null,"LAVORABILE":"NO","STATO_LEGENDA":"IN ATTESA","CAMPO AWS":"NOT STARTED"},"geometry":{"type":"MultiLineString","coordinates":[[[1029223.110134447575547,5715094.174879969097674,0.0],[1029198.751418050494976,5715098.074014035053551,0.0],[1029114.550813613925129,5715113.102649239823222,0.0],[1029005.138568938826211,5715137.046975527890027,0.0],[1028924.625013609183952,5715151.769765346311033,0.0],[1028784.678301057661884,5715171.931246772408485,0.0]]]}},
{"type":"Feature","properties":{"fid":574,"TIPOLOGIA":"NO DIG","PROVINCIA":"MB","COMUNE":"MONZA","CLUSTER":"3","ROUTE":"9","ENTE":"COMUNE","ENTE 2":"RFI","LUNGHEZZA":34.62,"SPAN":"9_2","LOTTO":"2","TRATTA_ID":"TR_0574","ENTE 3":null,"MOTIVO_NO":"Manca autorizz","STATO_AUTORIZZAZIONE":"IN ATTESA","STATO_NULLAOSTA":"NON NECESSARIO","STATO_ORDINANZA":"NON NECESSARIO","PROTOCOLLO_AUT":null,"PRATICA":null,"LAVORABILE":"NO","STATO_LEGENDA":"IN ATTESA","CAMPO AWS":"NOT STARTED"},"geometry":{"type":"MultiLineString","coordinates":[[[1030682.456273426651023,5715080.198188807815313,0.0],[1030670.753932925872505,5715077.632755042053759,0.0],[1030634.140279870829545,5715069.911239783279598,0.0]]]}},
{"type":"Feature","properties":{"fid":577,"TIPOLOGIA":"NO DIG","PROVINCIA":"MB","COMUNE":"MONZA","CLUSTER":"3","ROUTE":"9","ENTE":"COMUNE","ENTE 2":null,"LUNGHEZZA":1946.22,"SPAN":"9_2","LOTTO":"2","TRATTA_ID":"TR_0577","ENTE 3":null,"MOTIVO_NO":"Manca autorizz","STATO_AUTORIZZAZIONE":"IN ATTESA","STATO_NULLAOSTA":"NON NECESSARIO","STATO_ORDINANZA":"NON NECESSARIO","PROTOCOLLO_AUT":null,"PRATICA":null,"LAVORABILE":"NO","STATO_LEGENDA":"IN ATTESA","CAMPO AWS":"NOT STARTED"},"geometry":{"type":"MultiLineString","coordinates":[[[1033177.475496416096576,5715007.456381529569626,0.0],[1033136.805829649209045,5715050.651150616817176,0.0],[1033097.161437716800719,5715086.845346162095666,0.0],[1033066.334261782118119,5715103.036390092223883,0.0],[1033008.393945061950944,5715119.22691470105201,0.0],[1032976.553959155920893,5715121.965658324770629,0.0],[1032910.292684640618972,5715122.30162519402802,0.0],[1032845.948874693363905,5715118.398668710142374,0.0],[1032747.817113182740286,5715107.622295089997351,0.0],[1032688.310604787897319,5715107.166751194745302,0.0],[1032619.463447490474209,5715111.710237052291632,0.0],[1032557.883836249588057,5715118.784860908053815,0.0],[1032502.793300547054969,5715118.548216248862445,0.0],[1032456.39010211918503,5715112.154231561347842,0.0],[1032412.912762216990814,5715103.387276370078325,0.0],[1032335.291600707219914,5715090.098088151775301,0.0],[1032288.587335652671754,5715081.048586739227176,0.0],[1032259.691231061704457,5715076.994452537037432,0.0],[1032233.725041315541603,5715082.136219879612327,0.0],[1032199.451579400571063,5715098.29062678758055,0.0],[1032189.220281640766189,5715110.751351537182927,0.0],[1032180.593841017922387,5715138.180690725333989,0.0],[1032170.51473908056505,5715186.348795262165368,0.0],[1032161.98608597589191,5715236.954726101830602,0.0],[1032147.618306795717217,5715318.510966820642352,0.0],[1032138.435305639519356,5715358.41604854632169,0.0],[1032084.73416154156439,5715347.174900075420737,0.0],[1031874.32772945961915,5715314.711196793243289,0.0],[1031735.338692762539722,5715287.96849649772048,0.0],[1031540.103185989311896,5715251.646512417122722,0.0],[1031443.505148626631126,5715230.864395678974688,0.0],[1031306.63446547370404,5715203.48815135192126,0.0],[1031178.875759494141676,5715178.720942622050643,0.0],[1030994.798413687502034,5715141.827637232840061,0.0],[1030909.282083777128719,5715123.973139154724777,0.0],[1030778.412548712687567,5715101.2334975162521,0.0],[1030682.456273426651023,5715080.198188807815313,0.0]]]}},
{"type":"Feature","properties":{"fid":578,"TIPOLOGIA":"SCAVO","PROVINCIA":"MB","COMUNE":"MONZA","CLUSTER":"3","ROUTE":"9","ENTE":"COMUNE","ENTE 2":"AIPO","LUNGHEZZA":64.77,"SPAN":"9_2","LOTTO":"2","TRATTA_ID":"TR_0578","ENTE 3":null,"MOTIVO_NO":"Manca autorizz","STATO_AUTORIZZAZIONE":"IN ATTESA","STATO_NULLAOSTA":"NON NECESSARIO","STATO_ORDINANZA":"NON NECESSARIO","PROTOCOLLO_AUT":null,"PRATICA":null,"LAVORABILE":"NO","STATO_LEGENDA":"IN ATTESA","CAMPO AWS":"NOT STARTED"},"geometry":{"type":"MultiLineString","coordinates":[[[1033177.475496416096576,5715007.456381529569626,0.0],[1033248.042027468443848,5714947.602257829159498,0.0]]]}},
{"type":"Feature","properties":{"fid":579,"TIPOLOGIA":"NO DIG","PROVINCIA":"MB","COMUNE":"MONZA","CLUSTER":"3","ROUTE":"9","ENTE":"COMUNE","ENTE 2":null,"LUNGHEZZA":985.68,"SPAN":"9_2","LOTTO":"2","TRATTA_ID":"TR_0579","ENTE 3":null,"MOTIVO_NO":"Manca autorizz","STATO_AUTORIZZAZIONE":"IN ATTESA","STATO_NULLAOSTA":"NON NECESSARIO","STATO_ORDINANZA":"NON NECESSARIO","PROTOCOLLO_AUT":null,"PRATICA":null,"LAVORABILE":"NO","STATO_LEGENDA":"IN ATTESA","CAMPO AWS":"NOT STARTED"},"geometry":{"type":"MultiLineString","coordinates":[[[1030634.140279870829545,5715069.911239783279598,0.0],[1030540.840227502980269,5715050.234322058036923,0.0],[1030410.953270451864228,5715021.728385074995458,0.0],[1030236.052431238349527,5714986.52713698707521,0.0],[1030202.621021867147647,5714974.167784375138581,0.0],[1030191.18800673505757,5714958.054495802149177,0.0],[1030158.271658526035026,5714930.798087752424181,0.0],[1030132.385598980705254,5714921.748972068540752,0.0],[1030096.494876820826903,5714925.140208967030048,0.0],[1030066.183179925777949,5714936.462813970632851,0.0],[1030036.925211031688377,5714946.67734837718308,0.0],[1029942.147640184615739,5714966.033659451641142,0.0],[1029794.409537234343588,5714996.073819775134325,0.0],[1029624.946058399626054,5715027.268535622395575,0.0],[1029574.242674085893668,5715031.184463450685143,0.0],[1029542.605750927235931,5715031.182992218993604,0.0],[1029517.202947557438165,5715033.796070642769337,0.0],[1029501.666962875751778,5715042.959556601941586,0.0],[1029445.250194506836124,5715057.402154945768416,0.0],[1029405.489119992707856,5715065.302381386049092,0.0],[1029344.205105315195397,5715073.228641385212541,0.0],[1029292.760310335899703,5715084.139354351907969,0.0],[1029277.184400110854767,5715086.329726544208825,0.0]]]}},
{"type":"Feature","properties":{"fid":580,"TIPOLOGIA":"NO DIG","PROVINCIA":"MB","COMUNE":"MONZA","CLUSTER":"3","ROUTE":"9","ENTE":"COMUNE","ENTE 2":null,"LUNGHEZZA":1582.16,"SPAN":"9_2","LOTTO":"2","TRATTA_ID":"TR_0580","ENTE 3":null,"MOTIVO_NO":"Manca autorizz","STATO_AUTORIZZAZIONE":"IN ATTESA","STATO_NULLAOSTA":"NON NECESSARIO","STATO_ORDINANZA":"NON NECESSARIO","PROTOCOLLO_AUT":null,"PRATICA":null,"LAVORABILE":"NO","STATO_LEGENDA":"IN ATTESA","CAMPO AWS":"NOT STARTED"},"geometry":{"type":"MultiLineString","coordinates":[[[1036515.273068645969033,5715296.51919103320688,0.0],[1036497.629138494725339,5715262.711392136290669,0.0],[1036485.705581339192577,5715237.80588296521455,0.0],[1036469.845784339937381,5715216.974263249896467,0.0],[1036451.511037081363611,5715200.797972104512155,0.0],[1036433.587984433746897,5715192.777193685993552,0.0],[1036403.0236703598639,5715181.908944939263165,0.0],[1036327.834220124292187,5715161.831918985582888,0.0],[1036291.525902538909577,5715159.003195055760443,0.0],[1036243.708058950258419,5715146.960172375664115,0.0],[1036224.683170845848508,5715153.356634257361293,0.0],[1036199.518579055322334,5715154.79672568384558,0.0],[1036161.601030126097612,5715147.019523615948856,0.0],[1036138.537896832451224,5715137.862093227915466,0.0],[1036102.51820384839084,5715128.067716807126999,0.0],[1036050.363329922198318,5715113.691304624080658,0.0],[1035972.81606286810711,5715094.13723535835743,0.0],[1035930.334038346190937,5715083.650248143821955,0.0],[1035890.925958186737262,5715076.159359782002866,0.0],[1035834.92829521081876,5715064.186952266842127,0.0],[1035712.742219377774745,5715040.923627518117428,0.0],[1035626.244073941372335,5715025.344778250902891,0.0],[1035462.768564968369901,5714993.690679039806128,0.0],[1035343.632394757587463,5714966.505079979076982,0.0],[1035231.444715354358777,5714939.854938536882401,0.0],[1035144.395769585622475,5714919.990270496346056,0.0],[1035109.330013714032248,5714914.163191948086023,0.0],[1035070.041689775884151,5714906.927571431733668,0.0],[1035022.622546969680116,5714899.754219344817102,0.0],[1034901.717795316711999,5714872.313519770279527,0.0],[1034826.534897597273812,5714856.318933034315705,0.0],[1034753.369937818613835,5714839.133266385644674,0.0],[1034722.61258840363007,5714837.441273437812924,0.0],[1034691.872057625674643,5714826.382502837106586,0.0],[1034666.091052750940435,5714802.054248553700745,0.0],[1034624.008950103889219,5714792.156953316181898,0.0],[1034523.646446808124892,5714757.440987554378808,0.0],[1034397.858106156229042,5714723.186785565689206,0.0],[1034377.846230262541212,5714718.0053476607427,0.0]]]}},
{"type":"Feature","properties":{"fid":581,"TIPOLOGIA":"NO DIG","PROVINCIA":"MB","COMUNE":"MONZA","CLUSTER":"3","ROUTE":"9","ENTE":"COMUNE","ENTE 2":"RFI","LUNGHEZZA":22.89,"SPAN":"9_2","LOTTO":"2","TRATTA_ID":"TR_0581","ENTE 3":null,"MOTIVO_NO":"Manca autorizz","STATO_AUTORIZZAZIONE":"IN ATTESA","STATO_NULLAOSTA":"NON NECESSARIO","STATO_ORDINANZA":"NON NECESSARIO","PROTOCOLLO_AUT":null,"PRATICA":null,"LAVORABILE":"NO","STATO_LEGENDA":"IN ATTESA","CAMPO AWS":"NOT STARTED"},"geometry":{"type":"MultiLineString","coordinates":[[[1034377.846230262541212,5714718.0053476607427,0.0],[1034346.233199843089096,5714709.820062343962491,0.0]]]}},
{"type":"Feature","properties":{"fid":582,"TIPOLOGIA":"NO DIG","PROVINCIA":"MB","COMUNE":"MONZA","CLUSTER":"3","ROUTE":"9","ENTE":"COMUNE","ENTE 2":null,"LUNGHEZZA":895.25,"SPAN":"9_2","LOTTO":"2","TRATTA_ID":"TR_0582","ENTE 3":null,"MOTIVO_NO":"Manca autorizz","STATO_AUTORIZZAZIONE":"IN ATTESA","STATO_NULLAOSTA":"NON NECESSARIO","STATO_ORDINANZA":"NON NECESSARIO","PROTOCOLLO_AUT":null,"PRATICA":null,"LAVORABILE":"NO","STATO_LEGENDA":"IN ATTESA","CAMPO AWS":"NOT STARTED"},"geometry":{"type":"MultiLineString","coordinates":[[[1034346.233199843089096,5714709.820062343962491,0.0],[1034293.941990400198847,5714696.280493823811412,0.0],[1034205.023338366649114,5714672.265340226702392,0.0],[1034124.579325852799229,5714650.53589041531086,0.0],[1034040.898856191779487,5714630.120976546779275,0.0],[1033961.701705792220309,5714608.66757526062429,0.0],[1033891.318254990852438,5714591.28176580928266,0.0],[1033831.208396311965771,5714576.33175784163177,0.0],[1033762.585781696019694,5714554.685519822873175,0.0],[1033704.25996571208816,5714538.957540309987962,0.0],[1033695.270721916109324,5714542.370642234571278,0.0],[1033658.566240213927813,5714575.993854991160333,0.0],[1033613.307267007767223,5714617.073317765258253,0.0],[1033490.735359625192359,5714730.115747197531164,0.0],[1033404.410429682233371,5714809.793188320472836,0.0],[1033342.678756068693474,5714873.978514817543328,0.0],[1033283.142686004284769,5714918.847152076661587,0.0],[1033248.042027468443848,5714947.602257829159498,0.0]]]}},
{"type":"Feature","properties":{"fid":583,"TIPOLOGIA":"NO DIG","PROVINCIA":"MB","COMUNE":"VILLASANTA","CLUSTER":"3","ROUTE":"9","ENTE":"PROVINCIA DI MB","ENTE 2":null,"LUNGHEZZA":329.56,"SPAN":"9_2","LOTTO":"2","TRATTA_ID":"TR_0583","ENTE 3":null,"MOTIVO_NO":"Manca autorizz","STATO_AUTORIZZAZIONE":"IN ATTESA","STATO_NULLAOSTA":"NON NECESSARIO","STATO_ORDINANZA":"NON NECESSARIO","PROTOCOLLO_AUT":null,"PRATICA":null,"LAVORABILE":"NO","STATO_LEGENDA":"IN ATTESA","CAMPO AWS":"NOT STARTED"},"geometry":{"type":"MultiLineString","coordinates":[[[1036696.15558762405999,5715728.836990524083376,0.0],[1036672.304491404909641,5715700.313995664007962,0.0],[1036645.292871596408077,5715654.25252977013588,0.0],[1036632.354998263763264,5715623.590540237724781,0.0],[1036592.091414902010001,5715521.726655091159046,0.0],[1036584.584450290538371,5715502.839251942001283,0.0],[1036564.397579215234146,5715452.049604701809585,0.0],[1036544.35662192502059,5715390.043893732130527,0.0],[1036534.749486363725737,5715361.049994141794741,0.0],[1036515.273068645969033,5715296.51919103320688,0.0]]]}},
{"type":"Feature","properties":{"fid":584,"TIPOLOGIA":"NO DIG","PROVINCIA":"MB","COMUNE":"ARCORE","CLUSTER":"3","ROUTE":"9","ENTE":"PROVINCIA DI MB","ENTE 2":null,"LUNGHEZZA":476.02,"SPAN":"9_2","LOTTO":"2","TRATTA_ID":"TR_0584","ENTE 3":null,"MOTIVO_NO":"Manca autorizz","STATO_AUTORIZZAZIONE":"IN ATTESA","STATO_NULLAOSTA":"NON NECESSARIO","STATO_ORDINANZA":"NON NECESSARIO","PROTOCOLLO_AUT":null,"PRATICA":null,"LAVORABILE":"NO","STATO_LEGENDA":"IN ATTESA","CAMPO AWS":"NOT STARTED"},"geometry":{"type":"MultiLineString","coordinates":[[[1038900.463587210397236,5717749.843587200157344,0.0],[1038862.78025540523231,5717752.549584476277232,0.0],[1038797.294557614484802,5717769.853480285964906,0.0],[1038753.343659024452791,5717784.055482862517238,0.0],[1038736.222667759051546,5717789.695509642362595,0.0],[1038708.990998971043155,5717755.415202802978456,0.0],[1038667.716987877618521,5717717.625035865232348,0.0],[1038649.695877081365325,5717694.806072978302836,0.0],[1038632.927887189318426,5717665.605231993831694,0.0],[1038615.018045147415251,5717631.893690027296543,0.0],[1038590.397368031088263,5717580.200943338684738,0.0],[1038566.62428411457222,5717544.212805765680969,0.0],[1038553.694574452238157,5717512.889506256207824,0.0],[1038525.761004315689206,5717469.084490837529302,0.0],[1038504.793333544279449,5717441.425711068324745,0.0],[1038477.490917101036757,5717406.615374615415931,0.0],[1038443.337123336386867,5717377.540922896005213,0.0]]]}},
{"type":"Feature","properties":{"fid":585,"TIPOLOGIA":"NO DIG","PROVINCIA":"MB","COMUNE":"VIMERCATE","CLUSTER":"3","ROUTE":"9","ENTE":"COMUNE","ENTE 2":null,"LUNGHEZZA":612.15,"SPAN":"9_2","LOTTO":"2","TRATTA_ID":"TR_0585","ENTE 3":null,"MOTIVO_NO":"Manca autorizz","STATO_AUTORIZZAZIONE":"IN ATTESA","STATO_NULLAOSTA":"NON NECESSARIO","STATO_ORDINANZA":"NON NECESSARIO","PROTOCOLLO_AUT":null,"PRATICA":null,"LAVORABILE":"NO","STATO_LEGENDA":"IN ATTESA","CAMPO AWS":"NOT STARTED"},"geometry":{"type":"MultiLineString","coordinates":[[[1042056.228092399658635,5717796.533422656357288,0.0],[1042035.401379893766716,5717793.905046022497118,0.0],[1041998.579450928722508,5717799.554869876243174,0.0],[1041980.53062065388076,5717804.606487635523081,0.0],[1041918.402816395042464,5717805.98631832934916,0.0],[1041895.158439988037571,5717803.530561666935682,0.0],[1041888.278891117079183,5717799.698737679980695,0.0],[1041882.728623382863589,5717788.384983858093619,0.0],[1041883.253125811461359,5717754.824087922461331,0.0],[1041884.11555816559121,5717704.111176683567464,0.0],[1041881.962566110421903,5717645.780321737751365,0.0],[1041882.754922470077872,5717591.443317841738462,0.0],[1041883.722374049713835,5717553.883978846482933,0.0],[1041883.377825575065799,5717533.287035195156932,0.0],[1041883.42605006787926,5717532.360639669932425,0.0],[1041884.310321868513711,5717515.373654681257904,0.0],[1041881.670604239916429,5717487.095452543348074,0.0],[1041872.085879162768833,5717444.607149462215602,0.0],[1041869.325559850200079,5717409.157518700696528,0.0],[1041859.240160914952867,5717334.846124917268753,0.0],[1041849.78989473299589,5717260.928493013605475,0.0],[1041840.542152338079177,5717219.875520111992955,0.0],[1041826.635824795695953,5717206.033464421518147,0.0],[1041807.756101717124693,5717197.130501314997673,0.0],[1041773.116825230536051,5717168.148385969921947,0.0],[1041740.544794925372116,5717156.204594766721129,0.0]]]}},
{"type":"Feature","properties":{"fid":586,"TIPOLOGIA":"SCAVO","PROVINCIA":"MB","COMUNE":"VIMERCATE","CLUSTER":"3","ROUTE":"9","ENTE":"COMUNE","ENTE 2":"AUTOSTRADE","LUNGHEZZA":42.12,"SPAN":"9_2","LOTTO":"2","TRATTA_ID":"TR_0586","ENTE 3":null,"MOTIVO_NO":"Manca autorizz","STATO_AUTORIZZAZIONE":"IN ATTESA","STATO_NULLAOSTA":"NON NECESSARIO","STATO_ORDINANZA":"NON NECESSARIO","PROTOCOLLO_AUT":null,"PRATICA":null,"LAVORABILE":"NO","STATO_LEGENDA":"IN ATTESA","CAMPO AWS":"NOT STARTED"},"geometry":{"type":"MultiLineString","coordinates":[[[1042115.856538288877346,5717792.503317879512906,0.0],[1042105.082223179633729,5717793.905949140898883,0.0],[1042070.204788200906478,5717798.297284422442317,0.0],[1042056.228092399658635,5717796.533422656357288,0.0]]]}},
{"type":"Feature","properties":{"fid":587,"TIPOLOGIA":"NO DIG","PROVINCIA":"MB","COMUNE":"VIMERCATE","CLUSTER":"3","ROUTE":"9","ENTE":"COMUNE","ENTE 2":null,"LUNGHEZZA":237.28,"SPAN":"9_2","LOTTO":"2","TRATTA_ID":"TR_0587","ENTE 3":null,"MOTIVO_NO":"Manca autorizz","STATO_AUTORIZZAZIONE":"IN ATTESA","STATO_NULLAOSTA":"NON NECESSARIO","STATO_ORDINANZA":"NON NECESSARIO","PROTOCOLLO_AUT":null,"PRATICA":null,"LAVORABILE":"NO","STATO_LEGENDA":"IN ATTESA","CAMPO AWS":"NOT STARTED"},"geometry":{"type":"MultiLineString","coordinates":[[[1042454.068247116403654,5717785.998200749978423,0.0],[1042377.178806932992302,5717783.894196636974812,0.0],[1042288.893781277816743,5717783.89368758071214,0.0],[1042181.037240627920255,5717785.979532005265355,0.0],[1042138.6536077526398,5717789.53548623342067,0.0],[1042115.856538288877346,5717792.503317879512906,0.0]]]}},
{"type":"Feature","properties":{"fid":588,"TIPOLOGIA":"SCAVO","PROVINCIA":"MB","COMUNE":"VIMERCATE","CLUSTER":"3","ROUTE":"9","ENTE":"COMUNE","ENTE 2":null,"LUNGHEZZA":861.74,"SPAN":"9_2","LOTTO":"2","TRATTA_ID":"TR_0588","ENTE 3":null,"MOTIVO_NO":"Manca autorizz","STATO_AUTORIZZAZIONE":"IN ATTESA","STATO_NULLAOSTA":"NON NECESSARIO","STATO_ORDINANZA":"NON NECESSARIO","PROTOCOLLO_AUT":null,"PRATICA":null,"LAVORABILE":"NO","STATO_LEGENDA":"IN ATTESA","CAMPO AWS":"NOT STARTED"},"geometry":{"type":"MultiLineString","coordinates":[[[1043248.663163710618392,5717762.093807958066463,0.0],[1043228.669209944782779,5717761.899632599204779,0.0],[1043203.986662869690917,5717760.543925885111094,0.0],[1043181.727341704303399,5717759.386003985069692,0.0],[1043135.777011811151169,5717756.497613833285868,0.0],[1043117.303808408323675,5717755.521300726570189,0.0],[1043107.015080722630955,5717755.240122766233981,0.0],[1043109.096580093493685,5717732.981347969733179,0.0],[1043115.002325468230993,5717677.391018659807742,0.0],[1043121.33792115689721,5717635.776121197268367,0.0],[1043126.903714902698994,5717597.401761283166707,0.0],[1043129.618029309785925,5717572.34274342469871,0.0],[1043129.625318552367389,5717561.862324178218842,0.0],[1043126.369205598486587,5717556.271774019114673,0.0],[1043114.181894595501944,5717547.256461393088102,0.0],[1043101.542303822818212,5717537.600195020437241,0.0],[1043090.293478427105583,5717531.556348375976086,0.0],[1043081.977874703588895,5717528.035741223022342,0.0],[1043070.065497115603648,5717529.585232613608241,0.0],[1043048.217680150060914,5717534.812296381220222,0.0],[1043002.619351052097045,5717545.056767259724438,0.0],[1042952.034161572228186,5717552.759163086302578,0.0],[1042889.740439958870411,5717563.964382282458246,0.0],[1042856.668565703672357,5717570.154320046305656,0.0],[1042836.754125868086703,5717573.270250655710697,0.0],[1042811.563708498841152,5717577.097756480798125,0.0],[1042746.922501306282356,5717575.982892260886729,0.0],[1042691.262669807882048,5717574.989273075014353,0.0],[1042579.784284111345187,5717573.153284738771617,0.0],[1042537.247836108435877,5717573.153256310150027,0.0],[1042464.091141493641771,5717573.830616790801287,0.0],[1042461.02506793756038,5717586.952213275246322,0.0],[1042459.193959288997576,5717629.965090589597821,0.0],[1042457.25369293440599,5717655.561832035891712,0.0],[1042456.253880277858116,5717722.602147844620049,0.0],[1042454.068247116403654,5717785.998200749978423,0.0]]]}},
{"type":"Feature","properties":{"fid":589,"TIPOLOGIA":"SCAVO","PROVINCIA":"MB","COMUNE":"VIMERCATE","CLUSTER":"3","ROUTE":"9","ENTE":"COMUNE","ENTE 2":"RIP","LUNGHEZZA":21.84,"SPAN":"9_2","LOTTO":"2","TRATTA_ID":"TR_0589","ENTE 3":null,"MOTIVO_NO":"Manca autorizz","STATO_AUTORIZZAZIONE":"IN ATTESA","STATO_NULLAOSTA":"NON NECESSARIO","STATO_ORDINANZA":"NON NECESSARIO","PROTOCOLLO_AUT":null,"PRATICA":null,"LAVORABILE":"NO","STATO_LEGENDA":"IN ATTESA","CAMPO AWS":"NOT STARTED"},"geometry":{"type":"MultiLineString","coordinates":[[[1043557.468457902199589,5717833.196945789270103,0.0],[1043531.899632675107569,5717815.326253457926214,0.0]]]}},
{"type":"Feature","properties":{"fid":590,"TIPOLOGIA":"NO DIG","PROVINCIA":"MB","COMUNE":"VIMERCATE","CLUSTER":"3","ROUTE":"9","ENTE":"COMUNE","ENTE 2":null,"LUNGHEZZA":216.98,"SPAN":"9_2","LOTTO":"2","TRATTA_ID":"TR_0590","ENTE 3":null,"MOTIVO_NO":"Manca autorizz","STATO_AUTORIZZAZIONE":"IN ATTESA","STATO_NULLAOSTA":"NON NECESSARIO","STATO_ORDINANZA":"NON NECESSARIO","PROTOCOLLO_AUT":null,"PRATICA":null,"LAVORABILE":"NO","STATO_LEGENDA":"IN ATTESA","CAMPO AWS":"NOT STARTED"},"geometry":{"type":"MultiLineString","coordinates":[[[1043531.899632675107569,5717815.326253457926214,0.0],[1043504.604623252758756,5717796.248966667801142,0.0],[1043473.096928665996529,5717774.69314993917942,0.0],[1043400.067145448643714,5717721.331826492212713,0.0],[1043279.251480651204474,5717635.762033767066896,0.0]]]}},
{"type":"Feature","properties":{"fid":591,"TIPOLOGIA":"NO DIG","PROVINCIA":"MB","COMUNE":"MEZZAGO","CLUSTER":"3","ROUTE":"9","ENTE":"PROVINCIA DI MB","ENTE 2":null,"LUNGHEZZA":300.51,"SPAN":"9_2","LOTTO":"2","TRATTA_ID":"TR_0591","ENTE 3":null,"MOTIVO_NO":"Manca autorizz","STATO_AUTORIZZAZIONE":"IN ATTESA","STATO_NULLAOSTA":"NON NECESSARIO","STATO_ORDINANZA":"NON NECESSARIO","PROTOCOLLO_AUT":null,"PRATICA":null,"LAVORABILE":"NO","STATO_LEGENDA":"IN ATTESA","CAMPO AWS":"NOT STARTED"},"geometry":{"type":"MultiLineString","coordinates":[[[1051888.898033139994368,5719073.291249820962548,0.0],[1051872.779074325226247,5719069.515508276410401,0.0],[1051850.586775197880343,5719063.115060751326382,0.0],[1051800.92243226361461,5719052.190469308756292,0.0],[1051739.653397711459547,5719038.707120710983872,0.0],[1051674.367973496206105,5719026.081107850186527,0.0],[1051641.415570978773758,5719017.36476138420403,0.0],[1051592.12098100502044,5719013.73624056018889,0.0],[1051536.936900461325422,5719013.19650899246335,0.0],[1051486.797501683002338,5719010.91306140832603,0.0],[1051466.607626508222893,5719013.086526855826378,0.0]]]}},
{"type":"Feature","properties":{"fid":594,"TIPOLOGIA":"SCAVO","PROVINCIA":"MI","COMUNE":"TREZZO SULL'ADDA","CLUSTER":"3","ROUTE":"9","ENTE":"COMUNE","ENTE 2":null,"LUNGHEZZA":1345.07,"SPAN":"9_2","LOTTO":"1","TRATTA_ID":"TR_0594","ENTE 3":null,"MOTIVO_NO":"Manca autorizz","STATO_AUTORIZZAZIONE":"IN ATTESA","STATO_NULLAOSTA":"NON NECESSARIO","STATO_ORDINANZA":"NON NECESSARIO","PROTOCOLLO_AUT":null,"PRATICA":null,"LAVORABILE":"NO","STATO_LEGENDA":"IN ATTESA","CAMPO AWS":"NOT STARTED"},"geometry":{"type":"MultiLineString","coordinates":[[[1059199.717272216686979,5718002.949142692610621,0.0],[1059187.535094844643027,5718012.935741661116481,0.0],[1059167.680471158819273,5718020.805645046755672,0.0],[1059134.623323142994195,5718031.925278301350772,0.0],[1059085.402965665562078,5718049.221808265894651,0.0],[1059041.060723787406459,5718068.838716725818813,0.0],[1058992.332862244220451,5718090.890308217145503,0.0],[1058974.09435353660956,5718103.973148436285555,0.0],[1058960.760947562288493,5718108.241831785067916,0.0],[1058947.367532756179571,5718111.130337529815733,0.0],[1058927.969771158881485,5718117.780730591155589,0.0],[1058868.875007213326171,5718141.414939251728356,0.0],[1058810.981925706146285,5718162.624272870831192,0.0],[1058765.608203627401963,5718182.577279238961637,0.0],[1058698.49892596504651,5718210.460308614186943,0.0],[1058664.924078350188211,5718224.714890544302762,0.0],[1058594.731103491270915,5718253.222005250863731,0.0],[1058566.106629403075203,5718264.490757381543517,0.0],[1058545.263336144853383,5718273.841469512321055,0.0],[1058526.277397044934332,5718280.385025407187641,0.0],[1058453.223681469913572,5718310.073420595377684,0.0],[1058367.653048864100128,5718343.674058875069022,0.0],[1058290.914840641664341,5718376.044227772392333,0.0],[1058186.328967788256705,5718417.024031970649958,0.0],[1058090.433001384837553,5718455.888284193351865,0.0],[1058031.002605707151815,5718479.764533251523972,0.0],[1057875.97749214572832,5718543.708915125578642,0.0],[1057813.437312949914485,5718568.579170851036906,0.0],[1057695.035985752241686,5718615.534590290859342,0.0],[1057638.041016988223419,5718638.430884879082441,0.0],[1057557.108633977361023,5718671.800630200654268,0.0],[1057498.387157216668129,5718696.690574458800256,0.0],[1057444.163600709522143,5718718.852686641737819,0.0],[1057424.335535135818645,5718729.73240770585835,0.0]]]}},
{"type":"Feature","properties":{"fid":596,"TIPOLOGIA":"SCAVO","PROVINCIA":"MI","COMUNE":"TREZZO SULL'ADDA","CLUSTER":"3","ROUTE":"9","ENTE":"COMUNE","ENTE 2":null,"LUNGHEZZA":601.09,"SPAN":"9_2","LOTTO":"1","TRATTA_ID":"TR_0596","ENTE 3":null,"MOTIVO_NO":"Manca autorizz","STATO_AUTORIZZAZIONE":"IN ATTESA","STATO_NULLAOSTA":"NON NECESSARIO","STATO_ORDINANZA":"NON NECESSARIO","PROTOCOLLO_AUT":null,"PRATICA":null,"LAVORABILE":"NO","STATO_LEGENDA":"IN ATTESA","CAMPO AWS":"NOT STARTED"},"geometry":{"type":"MultiLineString","coordinates":[[[1059391.853405575966462,5717764.666456483304501,0.0],[1059381.874029379338026,5717777.838898215442896,0.0],[1059370.297923530219123,5717793.406327901408076,0.0],[1059345.548973249737173,5717822.545300883240998,0.0],[1059320.400640095118433,5717854.877621037885547,0.0],[1059298.844796400982887,5717881.621645227074623,0.0],[1059279.667460225755349,5717907.392412983812392,0.0],[1059239.927363070659339,5717956.18302643392235,0.0],[1059210.892114450456575,5717991.445816240273416,0.0],[1059199.763309346046299,5718002.125318402424455,0.0]],[[1059523.179268215317279,5717715.569803083315492,0.0],[1059514.796818084316328,5717722.754789989441633,0.0],[1059505.216859861975536,5717728.343112028203905,0.0],[1059478.871943213045597,5717732.733900451101363,0.0],[1059433.366978987352923,5717742.712796988897026,0.0],[1059411.811918721301481,5717749.099258742295206,0.0],[1059399.038481664145365,5717756.28411678597331,0.0],[1059391.853362638736144,5717764.267371432855725,0.0]],[[1059906.12038597650826,5717592.146418177522719,0.0],[1059883.718670465517789,5717586.509607737883925,0.0],[1059870.685622070217505,5717584.63675829116255,0.0],[1059855.340889984276146,5717588.010783494450152,0.0],[1059817.299964560894296,5717598.569717258214951,0.0],[1059764.516479402082041,5717614.202936330810189,0.0],[1059697.933810253860429,5717632.769903527572751,0.0],[1059654.789033422712237,5717649.650583005510271,0.0],[1059622.003662676084787,5717663.567235743626952,0.0],[1059594.974319324363023,5717676.028151112608612,0.0],[1059547.682734400732443,5717696.80912565998733,0.0],[1059533.158355771098286,5717704.792318039573729,0.0],[1059523.17926651565358,5717714.77147210855037,0.0]]]}},
{"type":"Feature","properties":{"fid":597,"TIPOLOGIA":"NO DIG","PROVINCIA":"BG","COMUNE":"BREMBATE","CLUSTER":"3","ROUTE":"9","ENTE":"PROVINCIA DI BERGAMO","ENTE 2":null,"LUNGHEZZA":721.3,"SPAN":"9_2","LOTTO":"1","TRATTA_ID":"TR_0597","ENTE 3":null,"MOTIVO_NO":"Manca autorizz","STATO_AUTORIZZAZIONE":"IN ATTESA","STATO_NULLAOSTA":"NON NECESSARIO","STATO_ORDINANZA":"NON NECESSARIO","PROTOCOLLO_AUT":null,"PRATICA":null,"LAVORABILE":"NO","STATO_LEGENDA":"IN ATTESA","CAMPO AWS":"NOT STARTED"},"geometry":{"type":"MultiLineString","coordinates":[[[1061265.526546917390078,5719350.423613652586937,0.0],[1061287.335173571016639,5719309.598982620984316,0.0],[1061307.039400185225531,5719270.66737764980644,0.0],[1061344.007090458646417,5719205.9397003185004,0.0],[1061370.286647731438279,5719154.270154350437224,0.0],[1061401.154816289199516,5719095.863388806581497,0.0],[1061427.7390567578841,5719048.451620065607131,0.0],[1061448.859643947565928,5719004.936919536441565,0.0],[1061456.157410970423371,5718994.670805390924215,0.0],[1061469.978753733448684,5718982.16210122499615,0.0],[1061482.954400453483686,5718974.151540162973106,0.0],[1061496.207953386474401,5718967.86378338187933,0.0],[1061509.22505795978941,5718958.931430855765939,0.0],[1061516.672662844648585,5718950.805703488178551,0.0],[1061521.64534144452773,5718937.941730952821672,0.0],[1061526.043390696402639,5718921.11589574161917,0.0],[1061523.589655288495123,5718909.272075362503529,0.0],[1061520.917787153506652,5718896.037397585809231,0.0],[1061522.221595734590665,5718877.861647520214319,0.0],[1061528.481221862370148,5718863.508885578252375,0.0],[1061536.661128020612523,5718842.97349061910063,0.0],[1061561.886304114246741,5718798.605385786853731,0.0],[1061579.693970912368968,5718765.504965178668499,0.0],[1061602.746545071015134,5718726.13534454908222,0.0],[1061621.624673226382583,5718687.288632926531136,0.0],[1061639.363620546180755,5718654.800136737525463,0.0],[1061663.594307226128876,5718608.23039919603616,0.0],[1061684.429823980899528,5718570.191787449643016,0.0],[1061708.97236075042747,5718523.639103822410107,0.0],[1061732.90615161228925,5718482.277677931822836,0.0],[1061745.851574232568964,5718455.949784873053432,0.0]]]}},
{"type":"Feature","properties":{"fid":598,"TIPOLOGIA":"SCAVO","PROVINCIA":"BG","COMUNE":"CAPRIATE SAN GERVASIO","CLUSTER":"3","ROUTE":"9","ENTE":"PROVINCIA DI BERGAMO","ENTE 2":"RIM","LUNGHEZZA":33.33,"SPAN":"9_2","LOTTO":"1","TRATTA_ID":"TR_0598","ENTE 3":null,"MOTIVO_NO":"Manca autorizz","STATO_AUTORIZZAZIONE":"IN ATTESA","STATO_NULLAOSTA":"NON NECESSARIO","STATO_ORDINANZA":"NON NECESSARIO","PROTOCOLLO_AUT":null,"PRATICA":null,"LAVORABILE":"NO","STATO_LEGENDA":"IN ATTESA","CAMPO AWS":"NOT STARTED"},"geometry":{"type":"MultiLineString","coordinates":[[[1061207.222430189372972,5719453.693127701990306,0.0],[1061210.766840529628098,5719448.103702731430531,0.0],[1061227.493209444219247,5719417.560184521600604,0.0],[1061230.60427632718347,5719412.139154613018036,0.0]]]}},
{"type":"Feature","properties":{"fid":599,"TIPOLOGIA":"NO DIG","PROVINCIA":"BG","COMUNE":"CAPRIATE SAN GERVASIO","CLUSTER":"3","ROUTE":"9","ENTE":"PROVINCIA DI BERGAMO","ENTE 2":null,"LUNGHEZZA":49.56,"SPAN":"9_2","LOTTO":"1","TRATTA_ID":"TR_0599","ENTE 3":null,"MOTIVO_NO":"Manca autorizz","STATO_AUTORIZZAZIONE":"IN ATTESA","STATO_NULLAOSTA":"NON NECESSARIO","STATO_ORDINANZA":"NON NECESSARIO","PROTOCOLLO_AUT":null,"PRATICA":null,"LAVORABILE":"NO","STATO_LEGENDA":"IN ATTESA","CAMPO AWS":"NOT STARTED"},"geometry":{"type":"MultiLineString","coordinates":[[[1061230.60427632718347,5719412.139154613018036,0.0],[1061258.856951348949224,5719362.908707103691995,0.0],[1061265.526546917390078,5719350.423613652586937,0.0]]]}},
{"type":"Feature","properties":{"fid":600,"TIPOLOGIA":"NO DIG","PROVINCIA":"BG","COMUNE":"CAPRIATE SAN GERVASIO","CLUSTER":"3","ROUTE":"9","ENTE":"PROVINCIA DI BERGAMO","ENTE 2":null,"LUNGHEZZA":1939.7,"SPAN":"9_2","LOTTO":"1","TRATTA_ID":"TR_0600","ENTE 3":null,"MOTIVO_NO":"Manca autorizz","STATO_AUTORIZZAZIONE":"IN ATTESA","STATO_NULLAOSTA":"NON NECESSARIO","STATO_ORDINANZA":"NON NECESSARIO","PROTOCOLLO_AUT":null,"PRATICA":null,"LAVORABILE":"NO","STATO_LEGENDA":"IN ATTESA","CAMPO AWS":"NOT STARTED"},"geometry":{"type":"MultiLineString","coordinates":[[[1061577.539549619657919,5721648.445041925646365,0.0],[1061546.773358254460618,5721601.653458431363106,0.0],[1061488.080968206981197,5721511.759558478370309,0.0],[1061431.176132284104824,5721423.049632896669209,0.0],[1061366.610861027846113,5721319.973612035624683,0.0],[1061251.682928012451157,5721145.788736272603273,0.0],[1061198.046252131462097,5721063.880077524110675,0.0],[1061183.46965491049923,5721046.869377927854657,0.0],[1061167.307180021423846,5721034.820622688159347,0.0],[1061152.565915690036491,5721023.591105369850993,0.0],[1061148.432255785679445,5720997.092757503502071,0.0],[1061139.243216770002618,5720972.623121792450547,0.0],[1061070.215076356427744,5720863.953415188007057,0.0],[1060978.108474049484357,5720720.440432973206043,0.0],[1060893.83315630024299,5720585.813384071923792,0.0],[1060810.799695143010467,5720454.154150476679206,0.0],[1060754.994985533412546,5720364.113558207638562,0.0],[1060701.02536311885342,5720271.99393359106034,0.0],[1060637.394573578378186,5720170.759478933177888,0.0],[1060599.0776713041123,5720110.34953383076936,0.0],[1060576.716076743090525,5720086.687893132679164,0.0],[1060594.86409441428259,5720054.164356454275548,0.0],[1060602.279676616657525,5720035.836697651073337,0.0],[1060611.684344789711758,5720019.261151399463415,0.0],[1060633.755052113905549,5720001.431475105695426,0.0],[1060686.257863877806813,5719957.534020907245576,0.0],[1060762.006474716123194,5719896.000949801877141,0.0],[1060856.993053675396368,5719820.668356182985008,0.0],[1060953.282766573363915,5719739.554630925878882,0.0],[1060999.176752602215856,5719701.604942767880857,0.0],[1061039.612788943108171,5719667.517027919180691,0.0],[1061084.957893734797835,5719620.70499265100807,0.0],[1061108.256344343069941,5719599.185370856896043,0.0],[1061120.692679690429941,5719590.40639787260443,0.0],[1061136.78679514513351,5719585.457019386813045,0.0],[1061148.444227290106937,5719578.525719454512,0.0],[1061156.773616338614374,5719565.334764994680882,0.0],[1061162.96161901508458,5719550.563407706096768,0.0],[1061163.22395300725475,5719528.106239304877818,0.0],[1061166.680778487818316,5719516.490672647953033,0.0],[1061187.017433534609154,5719485.555686473846436,0.0],[1061207.222430189372972,5719453.693127701990306,0.0]]]}},
{"type":"Feature","properties":{"fid":601,"TIPOLOGIA":"SCAVO","PROVINCIA":"BG","COMUNE":"FILAGO","CLUSTER":"3","ROUTE":"9","ENTE":"PROVINCIA DI BERGAMO","ENTE 2":"RIP","LUNGHEZZA":36.3,"SPAN":"9_1","LOTTO":"1","TRATTA_ID":"TR_0601","ENTE 3":null,"MOTIVO_NO":"Manca autorizz","STATO_AUTORIZZAZIONE":"IN ATTESA","STATO_NULLAOSTA":"NON NECESSARIO","STATO_ORDINANZA":"NON NECESSARIO","PROTOCOLLO_AUT":null,"PRATICA":null,"LAVORABILE":"NO","STATO_LEGENDA":"IN ATTESA","CAMPO AWS":"NOT STARTED"},"geometry":{"type":"MultiLineString","coordinates":[[[1062470.283082557842135,5723199.111923757009208,0.0],[1062453.965952546102926,5723170.860430940054357,0.0],[1062444.439081685384735,5723154.027545855380595,0.0]]]}},
{"type":"Feature","properties":{"fid":602,"TIPOLOGIA":"NO DIG","PROVINCIA":"BG","COMUNE":"FILAGO","CLUSTER":"3","ROUTE":"9","ENTE":"PROVINCIA DI BERGAMO","ENTE 2":null,"LUNGHEZZA":233.71,"SPAN":"9_1","LOTTO":"1","TRATTA_ID":"TR_0602","ENTE 3":null,"MOTIVO_NO":"Manca autorizz","STATO_AUTORIZZAZIONE":"IN ATTESA","STATO_NULLAOSTA":"NON NECESSARIO","STATO_ORDINANZA":"NON NECESSARIO","PROTOCOLLO_AUT":null,"PRATICA":null,"LAVORABILE":"NO","STATO_LEGENDA":"IN ATTESA","CAMPO AWS":"NOT STARTED"},"geometry":{"type":"MultiLineString","coordinates":[[[1062636.128601195290685,5723489.625388661399484,0.0],[1062615.059066794579849,5723452.821702848188579,0.0],[1062586.411350046982989,5723403.516297335736454,0.0],[1062561.606917364755645,5723357.268191200681031,0.0],[1062519.105313510866836,5723282.850164592266083,0.0],[1062486.749699215870351,5723227.622115155681968,0.0],[1062470.283082557842135,5723199.111923757009208,0.0]]]}},
{"type":"Feature","properties":{"fid":603,"TIPOLOGIA":"NO DIG","PROVINCIA":"MB","COMUNE":"VIMERCATE","CLUSTER":"3","ROUTE":"9","ENTE":"COMUNE","ENTE 2":null,"LUNGHEZZA":1153.79,"SPAN":"9_2","LOTTO":"2","TRATTA_ID":"TR_0603","ENTE 3":null,"MOTIVO_NO":"Manca autorizz","STATO_AUTORIZZAZIONE":"IN ATTESA","STATO_NULLAOSTA":"NON NECESSARIO","STATO_ORDINANZA":"NON NECESSARIO","PROTOCOLLO_AUT":null,"PRATICA":null,"LAVORABILE":"NO","STATO_LEGENDA":"IN ATTESA","CAMPO AWS":"NOT STARTED"},"geometry":{"type":"MultiLineString","coordinates":[[[1044850.850151147111319,5718832.957034539431334,0.0],[1044830.758956376812421,5718825.465379313565791,0.0],[1044802.819923712057061,5718810.417253985069692,0.0],[1044752.251203311723657,5718783.343378876335919,0.0],[1044691.685201960615814,5718749.891901217401028,0.0],[1044641.484323335927911,5718725.342668429017067,0.0],[1044603.746562584419735,5718701.513198023661971,0.0],[1044555.684968522051349,5718672.39153771661222,0.0],[1044525.350241099717095,5718653.557502885349095,0.0],[1044488.038097426993772,5718632.599124439060688,0.0],[1044443.742971255560406,5718606.945896787568927,0.0],[1044410.322673369781114,5718584.882301934063435,0.0],[1044386.36476173682604,5718568.052719512954354,0.0],[1044354.665970743633807,5718544.207370986230671,0.0],[1044330.080917019862682,5718517.89870039653033,0.0],[1044311.808095068088733,5718499.916429514996707,0.0],[1044284.526253658463247,5718474.841021214611828,0.0],[1044256.972097598016262,5718448.630790776573122,0.0],[1044217.279587971861474,5718405.738409266807139,0.0],[1044167.174828260438517,5718351.580762147903442,0.0],[1044129.914852854446508,5718314.200558971613646,0.0],[1044087.334263299591839,5718260.788994963280857,0.0],[1044048.501260151155293,5718220.527119154110551,0.0],[1044015.734014114597812,5718183.514075775630772,0.0],[1043989.610729689360596,5718152.868041302077472,0.0],[1043968.77369818626903,5718134.404700685292482,0.0],[1043932.851248598424718,5718104.323686114512384,0.0],[1043900.465115664061159,5718081.560767099261284,0.0],[1043884.972873443504795,5718072.051712797023356,0.0],[1043859.630937576526776,5718053.17571675311774,0.0],[1043841.088246065890417,5718038.341668060980737,0.0],[1043820.341979673481546,5718023.57498590182513,0.0],[1043783.281613029073924,5717996.309764734469354,0.0],[1043760.244150430196896,5717979.706837540492415,0.0],[1043721.93652925232891,5717952.675985237583518,0.0],[1043696.885873428545892,5717934.142126139253378,0.0],[1043558.433124907198362,5717833.871173571795225,0.0],[1043557.468457902199589,5717833.196945789270103,0.0]]]}},
{"type":"Feature","properties":{"fid":604,"TIPOLOGIA":"NO DIG","PROVINCIA":"MB","COMUNE":"BUSNAGO","CLUSTER":"3","ROUTE":"9","ENTE":"PROVINCIA DI MB","ENTE 2":null,"LUNGHEZZA":2696.66,"SPAN":"9_2","LOTTO":"2","TRATTA_ID":"TR_0604","ENTE 3":null,"MOTIVO_NO":"Manca autorizz","STATO_AUTORIZZAZIONE":"IN ATTESA","STATO_NULLAOSTA":"NON NECESSARIO","STATO_ORDINANZA":"NON NECESSARIO","PROTOCOLLO_AUT":null,"PRATICA":null,"LAVORABILE":"NO","STATO_LEGENDA":"IN ATTESA","CAMPO AWS":"NOT STARTED"},"geometry":{"type":"MultiLineString","coordinates":[[[1055590.128774240612984,5719442.628828920423985,0.0],[1055502.00794335687533,5719458.579652845859528,0.0],[1055472.331144467927516,5719463.500316014513373,0.0],[1055425.510405115084723,5719470.344618965871632,0.0],[1055392.890774693107232,5719475.310305841267109,0.0],[1055355.790919553954154,5719480.962677525356412,0.0],[1055329.559736974770203,5719486.818808918818831,0.0],[1055296.234553126152605,5719490.352521338500082,0.0],[1055282.27121526398696,5719494.594942331314087,0.0],[1055265.226995053468272,5719500.209074825979769,0.0],[1055252.182535652769729,5719506.756931792013347,0.0],[1055236.629996257368475,5719515.741078689694405,0.0],[1055223.370632947189733,5719519.563983293250203,0.0],[1055213.26487088156864,5719520.450808726251125,0.0],[1055198.59159024967812,5719519.089341755956411,0.0],[1055170.67182330857031,5719515.622090228833258,0.0],[1055148.885835954220966,5719515.621774611994624,0.0],[1055120.236042517237365,5719521.626813248731196,0.0],[1054964.228105529909953,5719550.399392893537879,0.0],[1054906.493715478340164,5719560.652761358767748,0.0],[1054778.015763711417094,5719581.199487021192908,0.0],[1054639.249499194789678,5719612.958717074245214,0.0],[1054571.995042727328837,5719627.307654967531562,0.0],[1054499.486093558371067,5719637.453731449320912,0.0],[1054354.852526428410783,5719654.703451023437083,0.0],[1054285.27263233019039,5719666.422897940501571,0.0],[1054128.213438110193238,5719690.649744426831603,0.0],[1054092.881339812185615,5719694.33337511215359,0.0],[1054064.477981170639396,5719696.930986547842622,0.0],[1054032.349411667324603,5719697.159158699214458,0.0],[1053988.382547151297331,5719698.123897587880492,0.0],[1053918.534689279971644,5719692.203348531387746,0.0],[1053862.277348961448297,5719685.48988326638937,0.0],[1053829.131896866019815,5719679.865650609135628,0.0],[1053786.025958062149584,5719672.781106034293771,0.0],[1053756.762447143206373,5719669.269244500435889,0.0],[1053736.972437021555379,5719676.312462368048728,0.0],[1053700.596881041303277,5719675.494065530598164,0.0],[1053650.035068816738203,5719676.076463084667921,0.0],[1053636.3990036805626,5719671.638271111994982,0.0],[1053603.979418461211026,5719661.086428658105433,0.0],[1053594.146950320573524,5719657.039041881449521,0.0],[1053561.558817013865337,5719643.624538674019277,0.0],[1053523.023009445285425,5719633.68402885645628,0.0],[1053450.549419540911913,5719622.41374399792403,0.0],[1053338.429414336336777,5719603.699953549541533,0.0],[1053221.888380200369284,5719586.603156600147486,0.0],[1053163.430897053563967,5719578.22087032161653,0.0],[1053103.070626616710797,5719566.826209791004658,0.0],[1053046.323803473962471,5719560.169051016680896,0.0],[1052994.412727746414021,5719553.042275131680071,0.0],[1052950.9452955131419,5719541.325900841504335,0.0],[1052854.686755536356941,5719512.547212647274137,0.0],[1052792.680904566077515,5719488.379361617378891,0.0],[1052712.898230696795508,5719453.423671493306756,0.0],[1052654.88277803058736,5719428.879580941051245,0.0],[1052625.608595711644739,5719420.858771315775812,0.0],[1052623.80026329960674,5719420.193752869032323,0.0],[1052590.702630633022636,5719410.283652694895864,0.0],[1052570.970047244802117,5719393.378924993798137,0.0],[1052539.235417857533321,5719374.932793213054538,0.0],[1052469.052736595273018,5719341.206629858352244,0.0],[1052386.728078208398074,5719301.118473623879254,0.0],[1052317.639149826485664,5719266.854539126157761,0.0],[1052289.601295911706984,5719260.519813754595816,0.0],[1052262.390111593529582,5719251.069040050730109,0.0],[1052259.819959057960659,5719249.499881809577346,0.0],[1052258.816101145232096,5719248.45469765085727,0.0],[1052238.896137106465176,5719235.971840204671025,0.0],[1052229.471041055396199,5719226.680606783367693,0.0],[1052203.170866465428844,5719210.450388990342617,0.0],[1052168.132928709499538,5719193.398514966480434,0.0],[1052115.621474932646379,5719170.009748828597367,0.0],[1052057.772876531118527,5719139.812200823798776,0.0],[1052011.379359796177596,5719115.513415038585663,0.0],[1051973.914380476810038,5719102.601140293292701,0.0],[1051942.226285045035183,5719089.764784801751375,0.0],[1051901.855316117871553,5719076.32639439124614,0.0],[1051888.898033139994368,5719073.291249820962548,0.0]]]}},
{"type":"Feature","properties":{"fid":605,"TIPOLOGIA":"NO DIG","PROVINCIA":"BG","COMUNE":"MADONE","CLUSTER":"3","ROUTE":"9","ENTE":"PROVINCIA DI BERGAMO","ENTE 2":null,"LUNGHEZZA":529.0,"SPAN":"9_1","LOTTO":"1","TRATTA_ID":"TR_0605","ENTE 3":null,"MOTIVO_NO":"Manca autorizz","STATO_AUTORIZZAZIONE":"IN ATTESA","STATO_NULLAOSTA":"NON NECESSARIO","STATO_ORDINANZA":"NON NECESSARIO","PROTOCOLLO_AUT":null,"PRATICA":null,"LAVORABILE":"NO","STATO_LEGENDA":"IN ATTESA","CAMPO AWS":"NOT STARTED"},"geometry":{"type":"MultiLineString","coordinates":[[[1063542.286602837499231,5725641.108945515006781,0.0],[1063530.365715711610392,5725604.16836482938379,0.0],[1063488.772305509541184,5725470.735078498721123,0.0],[1063452.109085510252044,5725362.640678620897233,0.0],[1063413.072716862894595,5725242.859549998305738,0.0],[1063350.475326271494851,5725052.965228859335184,0.0],[1063334.669250937644392,5725007.856872953474522,0.0],[1063309.510928712785244,5724956.723720637150109,0.0],[1063302.414536142954603,5724923.134952898137271,0.0]]]}},
{"type":"Feature","properties":{"fid":606,"TIPOLOGIA":"NO DIG","PROVINCIA":"BG","COMUNE":"BONATE SOTTO","CLUSTER":"3","ROUTE":"9","ENTE":"PROVINCIA DI BERGAMO","ENTE 2":null,"LUNGHEZZA":2101.01,"SPAN":"9_1","LOTTO":"1","TRATTA_ID":"TR_0606","ENTE 3":null,"MOTIVO_NO":"Manca autorizz","STATO_AUTORIZZAZIONE":"IN ATTESA","STATO_NULLAOSTA":"NON NECESSARIO","STATO_ORDINANZA":"NON NECESSARIO","PROTOCOLLO_AUT":null,"PRATICA":null,"LAVORABILE":"NO","STATO_LEGENDA":"IN ATTESA","CAMPO AWS":"NOT STARTED"},"geometry":{"type":"MultiLineString","coordinates":[[[1064507.603531842352822,5728212.463277299888432,0.0],[1064422.987974183633924,5728151.384134449996054,0.0],[1064361.431968135992065,5728112.261242033913732,0.0],[1064277.93421689607203,5728050.99893106892705,0.0],[1064208.905968551291153,5728005.258068832568824,0.0],[1064112.346610697219148,5727932.492392358370125,0.0],[1064017.492625290993601,5727863.300856534391642,0.0],[1063935.016432227334008,5727804.644301230087876,0.0],[1063870.634102238109335,5727751.267237734049559,0.0],[1063844.551687036640942,5727721.983083674684167,0.0],[1063837.784101185156032,5727687.332082325592637,0.0],[1063835.380818740231916,5727656.861117866821587,0.0],[1063824.522076787194237,5727607.540893090888858,0.0],[1063804.281333220424131,5727560.554786988534033,0.0],[1063759.731869189068675,5727459.078034213744104,0.0],[1063717.767660622252151,5727365.932185210287571,0.0],[1063686.447459193412215,5727292.077021545730531,0.0],[1063634.755486447829753,5727185.895385660231113,0.0],[1063608.604961944976822,5727131.493455312214792,0.0],[1063591.190531251719221,5727087.74507817812264,0.0],[1063583.557075211312622,5727065.022488265298307,0.0],[1063528.538445256650448,5726850.158477180637419,0.0],[1063507.993663335219026,5726755.540018708445132,0.0],[1063498.332381969084963,5726700.925832685083151,0.0],[1063477.044923125067726,5726591.110310508869588,0.0],[1063475.348020765231922,5726541.37112532928586,0.0],[1063480.912051985273138,5726490.430465824902058,0.0],[1063495.765503997681662,5726423.936993877403438,0.0],[1063521.927114316262305,5726325.392502133734524,0.0],[1063551.835092531517148,5726232.106253740377724,0.0],[1063576.179512780625373,5726132.092598853632808,0.0],[1063599.196374693885446,5726080.341454818844795,0.0],[1063604.763636789051816,5726062.583784326910973,0.0],[1063630.606080188648775,5725994.524764681234956,0.0],[1063630.878144136629999,5725955.013104844838381,0.0],[1063624.727965148165822,5725907.580934157595038,0.0],[1063607.071463263360783,5725834.625109856948256,0.0],[1063565.002888456219807,5725711.501951080746949,0.0],[1063542.286602837499231,5725641.108945515006781,0.0]]]}},
{"type":"Feature","properties":{"fid":607,"TIPOLOGIA":"NO DIG","PROVINCIA":"BG","COMUNE":"BONATE SOPRA","CLUSTER":"3","ROUTE":"9","ENTE":"PROVINCIA DI BERGAMO","ENTE 2":null,"LUNGHEZZA":309.86,"SPAN":"9_1","LOTTO":"1","TRATTA_ID":"TR_0607","ENTE 3":null,"MOTIVO_NO":"Manca autorizz","STATO_AUTORIZZAZIONE":"IN ATTESA","STATO_NULLAOSTA":"NON NECESSARIO","STATO_ORDINANZA":"NON NECESSARIO","PROTOCOLLO_AUT":null,"PRATICA":null,"LAVORABILE":"NO","STATO_LEGENDA":"IN ATTESA","CAMPO AWS":"NOT STARTED"},"geometry":{"type":"MultiLineString","coordinates":[[[1065596.477508540730923,5730451.507784213870764,0.0],[1065596.839654362527654,5730436.937338253483176,0.0],[1065587.323379174340516,5730401.955230994150043,0.0],[1065566.586751793744043,5730356.645558006130159,0.0],[1065542.77931496896781,5730308.44532903470099,0.0],[1065524.998444011434913,5730268.766740874387324,0.0],[1065499.725762247806415,5730211.84512996301055,0.0],[1065453.013323699124157,5730112.465493286959827,0.0],[1065434.252937656128779,5730077.36464932654053,0.0],[1065412.036012101918459,5730051.384002303704619,0.0]]]}},
{"type":"Feature","properties":{"fid":608,"TIPOLOGIA":"NO DIG","PROVINCIA":"BG","COMUNE":"PRESEZZO","CLUSTER":"3","ROUTE":"9","ENTE":"PROVINCIA DI BERGAMO","ENTE 2":null,"LUNGHEZZA":1248.28,"SPAN":"9_1","LOTTO":"1","TRATTA_ID":"TR_0608","ENTE 3":null,"MOTIVO_NO":"Manca autorizz","STATO_AUTORIZZAZIONE":"IN ATTESA","STATO_NULLAOSTA":"NON NECESSARIO","STATO_ORDINANZA":"NON NECESSARIO","PROTOCOLLO_AUT":null,"PRATICA":null,"LAVORABILE":"NO","STATO_LEGENDA":"IN ATTESA","CAMPO AWS":"NOT STARTED"},"geometry":{"type":"MultiLineString","coordinates":[[[1066270.108136337250471,5731708.758309940807521,0.0],[1066272.991252170642838,5731657.574878542684019,0.0],[1066275.277898761909455,5731603.761175597086549,0.0],[1066275.895024556200951,5731528.039355311542749,0.0],[1066276.921098608523607,5731488.032537390477955,0.0],[1066280.416069464292377,5731451.905309646390378,0.0],[1066282.559494738467038,5731416.893195156939328,0.0],[1066287.640989642357454,5731359.948236816562712,0.0],[1066291.634893371723592,5731337.572260601446033,0.0],[1066284.091964766848832,5731302.664034055545926,0.0],[1066265.005107508273795,5731228.418550133705139,0.0],[1066251.135634929174557,5731189.442821178585291,0.0],[1066238.190783636877313,5731161.081312043592334,0.0],[1066220.254140386590734,5731137.705029609613121,0.0],[1066213.375659203855321,5731111.646753002889454,0.0],[1066162.166076423833147,5731078.523999961093068,0.0],[1066072.264201037585735,5731012.191258277744055,0.0],[1065960.753760659601539,5730929.226907535456121,0.0],[1065888.313099014339969,5730877.76967262942344,0.0],[1065824.65110463812016,5730829.707090350799263,0.0],[1065777.32105114357546,5730790.14716786518693,0.0],[1065751.824985264567658,5730742.880760603584349,0.0],[1065721.738723275484517,5730692.535564294084907,0.0],[1065701.387071452103555,5730650.203961701132357,0.0],[1065687.589413547655568,5730617.312580020166934,0.0],[1065656.592416262952611,5730558.059470023028553,0.0],[1065632.005308923311532,5730522.321292250417173,0.0],[1065607.463593522552401,5730502.390178103931248,0.0],[1065596.387934207217768,5730455.111689709126949,0.0],[1065596.477508540730923,5730451.507784213870764,0.0]],[[1066234.223840251099318,5731946.984051518142223,0.0],[1066234.405984445242211,5731940.065347439609468,0.0],[1066233.725026236847043,5731920.990685882046819,0.0],[1066233.882624229416251,5731903.493257759138942,0.0],[1066243.228566325269639,5731875.312089713290334,0.0],[1066264.561586231691763,5731829.619793224148452,0.0]],[[1066264.447272259509191,5731829.299867826513946,0.0],[1066268.361075822263956,5731788.170129832811654,0.0],[1066269.872450467431918,5731750.094315465539694,0.0],[1066270.094235530821607,5731709.395729255862534,0.0]]]}},
{"type":"Feature","properties":{"fid":609,"TIPOLOGIA":"SCAVO","PROVINCIA":"BG","COMUNE":"PONTE SAN PIETRO","CLUSTER":"3","ROUTE":"9","ENTE":"COMUNE","ENTE 2":"RFI","LUNGHEZZA":52.21,"SPAN":"9_1","LOTTO":"1","TRATTA_ID":"TR_0609","ENTE 3":"PROVINCIA DI BERGAMO","MOTIVO_NO":"Manca autorizz","STATO_AUTORIZZAZIONE":"IN ATTESA","STATO_NULLAOSTA":"NON NECESSARIO","STATO_ORDINANZA":"NON NECESSARIO","PROTOCOLLO_AUT":null,"PRATICA":null,"LAVORABILE":"NO","STATO_LEGENDA":"IN ATTESA","CAMPO AWS":"NOT STARTED"},"geometry":{"type":"MultiLineString","coordinates":[[[1066290.835305769694969,5732251.368667792528868,0.0],[1066268.671635041246191,5732260.438562426716089,0.0],[1066222.781001273775473,5732282.037101806141436,0.0]]]}},
{"type":"Feature","properties":{"fid":610,"TIPOLOGIA":"SCAVO","PROVINCIA":"BG","COMUNE":"PONTE SAN PIETRO","CLUSTER":"3","ROUTE":"9","ENTE":"COMUNE","ENTE 2":"RFI","LUNGHEZZA":36.03,"SPAN":"9_1","LOTTO":"1","TRATTA_ID":"TR_0610","ENTE 3":null,"MOTIVO_NO":"Manca autorizz","STATO_AUTORIZZAZIONE":"IN ATTESA","STATO_NULLAOSTA":"NON NECESSARIO","STATO_ORDINANZA":"NON NECESSARIO","PROTOCOLLO_AUT":null,"PRATICA":null,"LAVORABILE":"NO","STATO_LEGENDA":"IN ATTESA","CAMPO AWS":"NOT STARTED"},"geometry":{"type":"MultiLineString","coordinates":[[[1067533.082944259978831,5732443.837458543479443,0.0],[1067539.480643777409568,5732392.566081956960261,0.0]]]}},
{"type":"Feature","properties":{"fid":611,"TIPOLOGIA":"SCAVO","PROVINCIA":"BG","COMUNE":"PONTE SAN PIETRO","CLUSTER":"3","ROUTE":"9","ENTE":"COMUNE","ENTE 2":"PROVINCIA DI BERGAMO","LUNGHEZZA":41.12,"SPAN":"9_1","LOTTO":"1","TRATTA_ID":"TR_0611","ENTE 3":null,"MOTIVO_NO":"Manca autorizz","STATO_AUTORIZZAZIONE":"IN ATTESA","STATO_NULLAOSTA":"NON NECESSARIO","STATO_ORDINANZA":"NON NECESSARIO","PROTOCOLLO_AUT":null,"PRATICA":null,"LAVORABILE":"NO","STATO_LEGENDA":"IN ATTESA","CAMPO AWS":"NOT STARTED"},"geometry":{"type":"MultiLineString","coordinates":[[[1067534.262775346403942,5732502.686799061484635,0.0],[1067533.76679729227908,5732492.315305565483868,0.0],[1067533.399596658302471,5732491.453476974740624,0.0],[1067532.677351657999679,5732447.087881571613252,0.0],[1067533.082944259978831,5732443.837458543479443,0.0]]]}},
{"type":"Feature","properties":{"fid":612,"TIPOLOGIA":"SCAVO","PROVINCIA":"BG","COMUNE":"PONTE SAN PIETRO","CLUSTER":"3","ROUTE":"2","ENTE":"COMUNE","ENTE 2":"RFI","LUNGHEZZA":68.4,"SPAN":"2_3","LOTTO":"1","TRATTA_ID":"TR_0612","ENTE 3":null,"MOTIVO_NO":"Manca autorizz","STATO_AUTORIZZAZIONE":"IN ATTESA","STATO_NULLAOSTA":"NON NECESSARIO","STATO_ORDINANZA":"NON NECESSARIO","PROTOCOLLO_AUT":null,"PRATICA":null,"LAVORABILE":"NO","STATO_LEGENDA":"IN ATTESA","CAMPO AWS":"NOT STARTED"},"geometry":{"type":"MultiLineString","coordinates":[[[1067936.274085280951113,5732420.466619932092726,0.0],[1067936.577763998880982,5732457.772157657891512,0.0],[1067926.092853565234691,5732517.635861720889807,0.0]]]}},
{"type":"Feature","properties":{"fid":613,"TIPOLOGIA":"SCAVO","PROVINCIA":"BG","COMUNE":"CURNO","CLUSTER":"3","ROUTE":"4","ENTE":"COMUNE","ENTE 2":null,"LUNGHEZZA":408.7,"SPAN":"4_2_2","LOTTO":"1","TRATTA_ID":"TR_0613","ENTE 3":null,"MOTIVO_NO":"Manca autorizz","STATO_AUTORIZZAZIONE":"IN ATTESA","STATO_NULLAOSTA":"NON NECESSARIO","STATO_ORDINANZA":"NON NECESSARIO","PROTOCOLLO_AUT":null,"PRATICA":null,"LAVORABILE":"NO","STATO_LEGENDA":"IN ATTESA","CAMPO AWS":"NOT STARTED"},"geometry":{"type":"MultiLineString","coordinates":[[[1068333.032950539607555,5731717.427718025632203,0.0],[1068278.149618433788419,5731707.197470008395612,0.0],[1068230.304321681614965,5731701.876256172545254,0.0],[1068127.670284639811143,5731724.346005197614431,0.0],[1068067.202663757139817,5731736.86301851645112,0.0],[1068121.353208109037951,5731564.968680350109935,0.0],[1068169.719440307701007,5731488.269268819130957,0.0],[1068179.116826470242813,5731445.9355952674523,0.0]]]}},
{"type":"Feature","properties":{"fid":614,"TIPOLOGIA":"NO DIG","PROVINCIA":"BG","COMUNE":"TREVIOLO","CLUSTER":"3","ROUTE":"4","ENTE":"COMUNE","ENTE 2":"ANAS","LUNGHEZZA":37.66,"SPAN":"4_2_2","LOTTO":"1","TRATTA_ID":"TR_0614","ENTE 3":null,"MOTIVO_NO":"Manca autorizz","STATO_AUTORIZZAZIONE":"IN ATTESA","STATO_NULLAOSTA":"NON NECESSARIO","STATO_ORDINANZA":"NON NECESSARIO","PROTOCOLLO_AUT":null,"PRATICA":null,"LAVORABILE":"NO","STATO_LEGENDA":"IN ATTESA","CAMPO AWS":"NOT STARTED"},"geometry":{"type":"MultiLineString","coordinates":[[[1067814.210919070290402,5728771.056694941595197,0.0],[1067821.069104514317587,5728758.70314334332943,0.0],[1067836.227610235568136,5728729.111987956799567,0.0],[1067836.765312055824324,5728722.554087003692985,0.0]]]}},
{"type":"Feature","properties":{"fid":615,"TIPOLOGIA":"NO DIG","PROVINCIA":"BG","COMUNE":"TREVIOLO","CLUSTER":"3","ROUTE":"4","ENTE":"COMUNE","ENTE 2":null,"LUNGHEZZA":761.45,"SPAN":"4_2_2","LOTTO":"1","TRATTA_ID":"TR_0615","ENTE 3":null,"MOTIVO_NO":"Manca autorizz","STATO_AUTORIZZAZIONE":"IN ATTESA","STATO_NULLAOSTA":"NON NECESSARIO","STATO_ORDINANZA":"NON NECESSARIO","PROTOCOLLO_AUT":null,"PRATICA":null,"LAVORABILE":"NO","STATO_LEGENDA":"IN ATTESA","CAMPO AWS":"NOT STARTED"},"geometry":{"type":"MultiLineString","coordinates":[[[1067836.765312055824324,5728722.554087003692985,0.0],[1067841.501328737940639,5728664.792646288871765,0.0],[1067838.657986371777952,5728628.588607497513294,0.0],[1067801.301758179673925,5728448.879663612693548,0.0],[1067771.913160570664331,5728335.449997030198574,0.0],[1067781.366591578815132,5728265.219413349404931,0.0],[1067971.513598343357444,5728271.669511857442558,0.0],[1068036.500338269863278,5728268.54734306037426,0.0],[1068183.068703748984262,5728257.437428657896817,0.0],[1068226.674166909884661,5728251.780552370473742,0.0],[1068234.991609954275191,5728246.94246967881918,0.0],[1068253.722473823232576,5728228.195673834532499,0.0],[1068267.405644785612822,5728194.158615694381297,0.0],[1068272.896366375265643,5728138.091861260123551,0.0],[1068258.442494787508622,5728091.723429399542511,0.0]]]}},
{"type":"Feature","properties":{"fid":618,"TIPOLOGIA":"NO DIG","PROVINCIA":"BG","COMUNE":"BERGAMO","CLUSTER":"3","ROUTE":"3","ENTE":"PROVINCIA DI BERGAMO","ENTE 2":"RFI","LUNGHEZZA":31.1,"SPAN":"3_2_1","LOTTO":"1","TRATTA_ID":"TR_0618","ENTE 3":null,"MOTIVO_NO":"Manca autorizz","STATO_AUTORIZZAZIONE":"IN ATTESA","STATO_NULLAOSTA":"NON NECESSARIO","STATO_ORDINANZA":"NON NECESSARIO","PROTOCOLLO_AUT":null,"PRATICA":null,"LAVORABILE":"NO","STATO_LEGENDA":"IN ATTESA","CAMPO AWS":"NOT STARTED"},"geometry":{"type":"MultiLineString","coordinates":[[[1074540.834119198378175,5728559.352225041948259,0.0],[1074581.291964706964791,5728540.925359153188765,0.0]]]}},
{"type":"Feature","properties":{"fid":619,"TIPOLOGIA":"NO DIG","PROVINCIA":"BG","COMUNE":"BERGAMO","CLUSTER":"3","ROUTE":"3","ENTE":"PROVINCIA DI BERGAMO","ENTE 2":null,"LUNGHEZZA":49.35,"SPAN":"3_2_1","LOTTO":"1","TRATTA_ID":"TR_0619","ENTE 3":null,"MOTIVO_NO":"Manca autorizz","STATO_AUTORIZZAZIONE":"IN ATTESA","STATO_NULLAOSTA":"NON NECESSARIO","STATO_ORDINANZA":"NON NECESSARIO","PROTOCOLLO_AUT":null,"PRATICA":null,"LAVORABILE":"NO","STATO_LEGENDA":"IN ATTESA","CAMPO AWS":"NOT STARTED"},"geometry":{"type":"MultiLineString","coordinates":[[[1074476.628428680356592,5728588.594791642390192,0.0],[1074540.834119198378175,5728559.352225041948259,0.0]]]}},
{"type":"Feature","properties":{"fid":620,"TIPOLOGIA":"SCAVO","PROVINCIA":"BG","COMUNE":"FILAGO","CLUSTER":"7","ROUTE":"52","ENTE":"PROVINCIA DI BERGAMO","ENTE 2":null,"LUNGHEZZA":113.91,"SPAN":"52","LOTTO":"7","TRATTA_ID":"TR_0620","ENTE 3":null,"MOTIVO_NO":"Manca autorizz","STATO_AUTORIZZAZIONE":"IN ATTESA","STATO_NULLAOSTA":"NON NECESSARIO","STATO_ORDINANZA":"NON NECESSARIO","PROTOCOLLO_AUT":null,"PRATICA":null,"LAVORABILE":"NO","STATO_LEGENDA":"IN ATTESA","CAMPO AWS":"NOT STARTED"},"geometry":{"type":"MultiLineString","coordinates":[[[1062809.827590705361217,5721137.862532063387334,0.0],[1062862.926641113590449,5720983.652465433813632,0.0]]]}},
{"type":"Feature","properties":{"fid":621,"TIPOLOGIA":"NO DIG","PROVINCIA":"BG","COMUNE":"FILAGO","CLUSTER":"7","ROUTE":"33","ENTE":"COMUNE","ENTE 2":null,"LUNGHEZZA":290.67,"SPAN":"33_1","LOTTO":"7","TRATTA_ID":"TR_0621","ENTE 3":null,"MOTIVO_NO":"Manca autorizz","STATO_AUTORIZZAZIONE":"IN ATTESA","STATO_NULLAOSTA":"NON NECESSARIO","STATO_ORDINANZA":"NON NECESSARIO","PROTOCOLLO_AUT":null,"PRATICA":null,"LAVORABILE":"NO","STATO_LEGENDA":"IN ATTESA","CAMPO AWS":"NOT STARTED"},"geometry":{"type":"MultiLineString","coordinates":[[[1063204.671378344297409,5721265.303508339449763,0.0],[1063128.441980202915147,5721237.338255238719285,0.0],[1063057.659410846419632,5721213.022169834002852,0.0],[1062951.925504712155089,5721177.915928175672889,0.0],[1062809.827590705361217,5721137.862532063387334,0.0]]]}},
{"type":"Feature","properties":{"fid":622,"TIPOLOGIA":"NO DIG","PROVINCIA":"BG","COMUNE":"FILAGO","CLUSTER":"7","ROUTE":"32","ENTE":"PROVINCIA DI BERGAMO","ENTE 2":null,"LUNGHEZZA":1927.51,"SPAN":"32","LOTTO":"7","TRATTA_ID":"TR_0622","ENTE 3":null,"MOTIVO_NO":"Manca autorizz","STATO_AUTORIZZAZIONE":"IN ATTESA","STATO_NULLAOSTA":"NON NECESSARIO","STATO_ORDINANZA":"NON NECESSARIO","PROTOCOLLO_AUT":null,"PRATICA":null,"LAVORABILE":"NO","STATO_LEGENDA":"IN ATTESA","CAMPO AWS":"NOT STARTED"},"geometry":{"type":"MultiLineString","coordinates":[[[1062862.926641113590449,5720983.652465433813632,0.0],[1062858.944401320070028,5720981.437337431125343,0.0],[1062860.250981169519946,5720952.168872786685824,0.0],[1062891.398488575825468,5720849.026848903857172,0.0],[1062914.144816158572212,5720763.862319089472294,0.0],[1062926.123349835164845,5720723.876389130949974,0.0],[1062938.996077150339261,5720673.840415230020881,0.0],[1062948.431467120302841,5720620.768551732413471,0.0],[1062954.165871580829844,5720567.192086702212691,0.0],[1062959.973843321437016,5720507.219907556660473,0.0],[1062963.039721333887428,5720448.449880835600197,0.0],[1062962.566052027279511,5720415.744088312610984,0.0],[1062967.361489105271176,5720387.154804430902004,0.0],[1062975.500241581350565,5720357.215963656082749,0.0],[1062986.756891067139804,5720348.567030180245638,0.0],[1063009.949077548692003,5720341.696452408097684,0.0],[1063065.013455495703965,5720342.112064182758331,0.0],[1063145.044855190673843,5720341.144026022404432,0.0],[1063223.109047826379538,5720344.702765828929842,0.0],[1063292.386975069530308,5720348.685251542367041,0.0],[1063319.665410814573988,5720352.805599239654839,0.0],[1063341.009312393609434,5720356.151096723042428,0.0],[1063369.809743626974523,5720343.121903556399047,0.0],[1063391.074818800436333,5720339.879981577396393,0.0],[1063415.619495217688382,5720326.026160298846662,0.0],[1063444.366979001555592,5720311.787362745963037,0.0],[1063541.701652346644551,5720269.146642188541591,0.0],[1063647.064156503649428,5720220.803085296414793,0.0],[1063727.811987691791728,5720186.685905199497938,0.0],[1063756.577619443880394,5720171.258380953222513,0.0],[1063799.3464601484593,5720141.977191760204732,0.0],[1063837.960775373736396,5720114.792202870361507,0.0],[1063848.035934372106567,5720105.30964092630893,0.0],[1063856.882563515333459,5720095.159899098798633,0.0],[1063860.279033033177257,5720081.330987540073693,0.0],[1063862.081093599321321,5720070.286483665928245,0.0],[1063863.902407266432419,5720034.927362811751664,0.0],[1063866.080969751114026,5719999.447419855743647,0.0],[1063866.051569543546066,5719985.527724711224437,0.0],[1063864.531825927784666,5719964.146944218315184,0.0],[1063863.846334279514849,5719951.755023596808314,0.0],[1063859.417776121059433,5719939.541507194750011,0.0],[1063849.295486277667806,5719917.715829184278846,0.0],[1063838.191175885731354,5719888.512474569492042,0.0],[1063828.315148817375302,5719863.690412902273238,0.0],[1063821.377042926382273,5719844.96436149161309,0.0],[1063821.280536376871169,5719830.418262310326099,0.0],[1063823.37293758825399,5719806.06018375325948,0.0],[1063825.734658083645627,5719774.401382925920188,0.0],[1063827.622212619753554,5719737.428539467975497,0.0],[1063831.550966778304428,5719674.043471772223711,0.0],[1063837.79586759628728,5719583.257805802859366,0.0],[1063847.462636166252196,5719445.308906335383654,0.0],[1063857.856778228655457,5719282.079265278764069,0.0],[1063863.949789016740397,5719211.090951601974666,0.0],[1063876.787631832528859,5719051.014840635471046,0.0],[1063879.828884358052164,5718995.583846219815314,0.0],[1063882.948955226922408,5718944.003149090334773,0.0]]]}},
{"type":"Feature","properties":{"fid":623,"TIPOLOGIA":"NO DIG","PROVINCIA":"BG","COMUNE":"OSIO SOTTO","CLUSTER":"7","ROUTE":"32","ENTE":"PROVINCIA DI BERGAMO","ENTE 2":null,"LUNGHEZZA":606.23,"SPAN":"32","LOTTO":"7","TRATTA_ID":"TR_0623","ENTE 3":null,"MOTIVO_NO":"Manca autorizz","STATO_AUTORIZZAZIONE":"IN ATTESA","STATO_NULLAOSTA":"NON NECESSARIO","STATO_ORDINANZA":"NON NECESSARIO","PROTOCOLLO_AUT":null,"PRATICA":null,"LAVORABILE":"NO","STATO_LEGENDA":"IN ATTESA","CAMPO AWS":"NOT STARTED"},"geometry":{"type":"MultiLineString","coordinates":[[[1064696.025728473439813,5718011.462080178782344,0.0],[1064790.783526567975059,5718019.710157498717308,0.0],[1064907.494181905640289,5718028.356247928924859,0.0],[1065033.526253486284986,5718025.904822081327438,0.0],[1065181.192841198993847,5717996.336961077526212,0.0],[1065297.203278568573296,5717969.083682662807405,0.0],[1065331.623365263221785,5717961.028696248307824,0.0],[1065341.987959156977013,5717976.587165077216923,0.0],[1065503.027180783450603,5717952.057853707112372,0.0],[1065543.152829004684463,5717952.65000257641077,0.0],[1065543.268507220549509,5717952.792397004552186,0.0]]]}},
{"type":"Feature","properties":{"fid":624,"TIPOLOGIA":"SCAVO","PROVINCIA":"BG","COMUNE":"OSIO SOTTO","CLUSTER":"7","ROUTE":"32","ENTE":"COMUNE","ENTE 2":null,"LUNGHEZZA":1747.56,"SPAN":"32","LOTTO":"7","TRATTA_ID":"TR_0624","ENTE 3":null,"MOTIVO_NO":"Manca autorizz","STATO_AUTORIZZAZIONE":"IN ATTESA","STATO_NULLAOSTA":"NON NECESSARIO","STATO_ORDINANZA":"NON NECESSARIO","PROTOCOLLO_AUT":null,"PRATICA":null,"LAVORABILE":"NO","STATO_LEGENDA":"IN ATTESA","CAMPO AWS":"NOT STARTED"},"geometry":{"type":"MultiLineString","coordinates":[[[1065993.939113178988919,5719675.290912082418799,0.0],[1066067.668792999349535,5719672.3062509810552,0.0],[1066164.187665668549016,5719668.82790813408792,0.0],[1066204.928001406602561,5719671.320723953656852,0.0],[1066261.242070039734244,5719682.304590645246208,0.0],[1066337.880978972185403,5719698.353101601824164,0.0],[1066422.828696104465052,5719714.740897038951516,0.0],[1066528.713877377100289,5719732.744233408942819,0.0],[1066580.463510671863332,5719740.383797761984169,0.0],[1066597.128441440174356,5719745.231669660657644,0.0],[1066606.897791603114456,5719748.553089804947376,0.0],[1066618.748862939886749,5719747.786599786952138,0.0],[1066625.302655673818663,5719744.977072056382895,0.0],[1066629.759460167493671,5719739.875361989252269,0.0],[1066670.697747510392219,5719735.292013703845441,0.0],[1066764.025645428569987,5719726.399664807133377,0.0],[1066856.762192748486996,5719717.785672190599144,0.0],[1066957.756941199768335,5719709.195373355410993,0.0],[1067049.510379545623437,5719700.37724722083658,0.0],[1067119.940304798772559,5719693.842813302762806,0.0],[1067151.753572178538889,5719694.092803790234029,0.0],[1067208.432787242578343,5719709.693472267128527,0.0],[1067300.016628263285384,5719737.319163095206022,0.0],[1067324.84741311869584,5719745.478047196753323,0.0],[1067327.278405874967575,5719751.868503542616963,0.0],[1067330.224696612218395,5719758.272551836445928,0.0],[1067336.199207363417372,5719762.891720942221582,0.0],[1067346.703528167679906,5719764.432571993209422,0.0],[1067355.598810299299657,5719762.89069025311619,0.0],[1067366.239457737421617,5719760.066247173584998,0.0],[1067375.653299440164119,5719760.065600687637925,0.0],[1067420.978384630288929,5719774.466434768401086,0.0],[1067484.958686927799135,5719796.197285156697035,0.0],[1067549.718227990204468,5719816.777298607863486,0.0],[1067623.864688968285918,5719841.198664831928909,0.0],[1067691.374025461496785,5719862.756716332398355,0.0],[1067793.901514494093135,5719894.84494168870151,0.0],[1067862.97438892046921,5719915.655011846683919,0.0],[1067874.827405758667737,5719918.515278733335435,0.0],[1067881.122728768736124,5719927.376593123190105,0.0],[1067887.633218677481636,5719932.339464237913489,0.0],[1067900.575148019939661,5719936.000586283393204,0.0],[1067912.393456521676853,5719934.167384795844555,0.0],[1067917.717788009205833,5719929.983831604011357,0.0],[1067924.103255259105936,5719927.63271764293313,0.0],[1067936.781161594437435,5719930.504165656864643,0.0],[1067956.789457518607378,5719934.161882443353534,0.0],[1068021.023940867045894,5719942.536906969733536,0.0],[1068123.319517636206001,5719952.986399336718023,0.0],[1068209.468114719260484,5719960.185324324294925,0.0],[1068255.184246014105156,5719964.843945603817701,0.0],[1068276.954155865125358,5719963.284561512991786,0.0],[1068289.322439442155883,5719955.256009788252413,0.0],[1068294.010725508444011,5719948.281685206107795,0.0],[1068295.279970083385706,5719937.979777033440769,0.0],[1068296.846665065037087,5719929.507057488895953,0.0],[1068299.393722270615399,5719919.779936533421278,0.0],[1068305.067306449869648,5719913.141999719664454,0.0],[1068323.23501371126622,5719911.099751880392432,0.0],[1068340.841585776768625,5719914.156178271397948,0.0],[1068341.101243544602767,5719914.411220319569111,0.0],[1068346.098721481394023,5719918.144133878871799,0.0],[1068350.672857583034784,5719921.560829605907202,0.0],[1068362.350694494554773,5719930.521882383152843,0.0],[1068374.292626348789781,5719937.111099099740386,0.0],[1068381.422362681245431,5719939.131711142137647,0.0]]]}},
{"type":"Feature","properties":{"fid":625,"TIPOLOGIA":"NO DIG","PROVINCIA":"BG","COMUNE":"OSIO SOTTO","CLUSTER":"7","ROUTE":"38","ENTE":"COMUNE","ENTE 2":null,"LUNGHEZZA":1220.51,"SPAN":"38","LOTTO":"7","TRATTA_ID":"TR_0625","ENTE 3":null,"MOTIVO_NO":"Manca autorizz","STATO_AUTORIZZAZIONE":"IN ATTESA","STATO_NULLAOSTA":"NON NECESSARIO","STATO_ORDINANZA":"NON NECESSARIO","PROTOCOLLO_AUT":null,"PRATICA":null,"LAVORABILE":"NO","STATO_LEGENDA":"IN ATTESA","CAMPO AWS":"NOT STARTED"},"geometry":{"type":"MultiLineString","coordinates":[[[1069829.593133539892733,5720160.353791298344731,0.0],[1069808.170027103275061,5720151.265948547050357,0.0],[1069794.108124050311744,5720146.229335349053144,0.0],[1069711.84945388068445,5720111.624028630554676,0.0],[1069612.586365363560617,5720068.258108177222311,0.0],[1069494.888052012538537,5720007.680037525482476,0.0],[1069351.411996255861595,5719936.421062530949712,0.0],[1069295.640528050251305,5719910.529272076673806,0.0],[1069201.009946215897799,5719871.162837469018996,0.0],[1069113.466725756879896,5719839.84634006395936,0.0],[1069025.515555877937004,5719810.814201161265373,0.0],[1068922.308516539400443,5719762.811285021714866,0.0],[1068832.891279210103676,5719719.652325283735991,0.0],[1068717.13349125883542,5719667.179549924097955,0.0],[1068639.407090852037072,5719622.042786404490471,0.0],[1068591.049977206625044,5719619.052775396965444,0.0],[1068576.256433487171307,5719628.690914270468056,0.0],[1068554.639799115248024,5719658.973510776646435,0.0],[1068465.836761180777103,5719823.955781388096511,0.0],[1068435.941018102457747,5719870.502497426234186,0.0],[1068422.033172706374899,5719887.102257509715855,0.0],[1068413.337024257751182,5719894.975672697648406,0.0],[1068407.341738326707855,5719900.403755112551153,0.0],[1068391.052316350862384,5719933.972419739700854,0.0],[1068381.422362681245431,5719939.131711142137647,0.0]]]}},
{"type":"Feature","properties":{"fid":626,"TIPOLOGIA":"NO DIG","PROVINCIA":"BG","COMUNE":"OSIO SOTTO","CLUSTER":"3","ROUTE":"4","ENTE":"PROVINCIA DI BERGAMO","ENTE 2":null,"LUNGHEZZA":31.56,"SPAN":"4_2_2","LOTTO":"1","TRATTA_ID":"TR_0626","ENTE 3":null,"MOTIVO_NO":"Manca autorizz","STATO_AUTORIZZAZIONE":"IN ATTESA","STATO_NULLAOSTA":"NON NECESSARIO","STATO_ORDINANZA":"NON NECESSARIO","PROTOCOLLO_AUT":null,"PRATICA":null,"LAVORABILE":"NO","STATO_LEGENDA":"IN ATTESA","CAMPO AWS":"NOT STARTED"},"geometry":{"type":"MultiLineString","coordinates":[[[1068405.098795399768278,5719977.580858457833529,0.0],[1068381.422362681245431,5719939.131711142137647,0.0]]]}},
{"type":"Feature","properties":{"fid":627,"TIPOLOGIA":"SCAVO","PROVINCIA":"BG","COMUNE":"OSIO SOTTO","CLUSTER":"7","ROUTE":"45","ENTE":"COMUNE","ENTE 2":null,"LUNGHEZZA":264.99,"SPAN":"45_2","LOTTO":"7","TRATTA_ID":"TR_0627","ENTE 3":null,"MOTIVO_NO":"Manca autorizz","STATO_AUTORIZZAZIONE":"IN ATTESA","STATO_NULLAOSTA":"NON NECESSARIO","STATO_ORDINANZA":"NON NECESSARIO","PROTOCOLLO_AUT":null,"PRATICA":null,"LAVORABILE":"NO","STATO_LEGENDA":"IN ATTESA","CAMPO AWS":"NOT STARTED"},"geometry":{"type":"MultiLineString","coordinates":[[[1068576.256433487171307,5719628.690914270468056,0.0],[1068561.917076441925019,5719617.810042436234653,0.0],[1068573.45298510696739,5719583.736793495714664,0.0],[1068328.315660976804793,5719442.136398795992136,0.0],[1068292.337396808899939,5719421.354210382327437,0.0]]]}},
{"type":"Feature","properties":{"fid":628,"TIPOLOGIA":"NO DIG","PROVINCIA":"BG","COMUNE":"BOLTIERE","CLUSTER":"7","ROUTE":"45","ENTE":"PROVINCIA DI BERGAMO","ENTE 2":null,"LUNGHEZZA":266.54,"SPAN":"45_1","LOTTO":"7","TRATTA_ID":"TR_0628","ENTE 3":null,"MOTIVO_NO":"Manca autorizz","STATO_AUTORIZZAZIONE":"IN ATTESA","STATO_NULLAOSTA":"NON NECESSARIO","STATO_ORDINANZA":"NON NECESSARIO","PROTOCOLLO_AUT":null,"PRATICA":null,"LAVORABILE":"NO","STATO_LEGENDA":"IN ATTESA","CAMPO AWS":"NOT STARTED"},"geometry":{"type":"MultiLineString","coordinates":[[[1066897.261529953218997,5717604.366350307129323,0.0],[1066811.598512327065691,5717622.173802714794874,0.0],[1066524.8243888982106,5717681.788077854551375,0.0]]]}},
{"type":"Feature","properties":{"fid":629,"TIPOLOGIA":"NO DIG","PROVINCIA":"BG","COMUNE":"BOLTIERE","CLUSTER":"7","ROUTE":"45","ENTE":"PROVINCIA DI BERGAMO","ENTE 2":null,"LUNGHEZZA":87.91,"SPAN":"45_1","LOTTO":"7","TRATTA_ID":"TR_0629","ENTE 3":null,"MOTIVO_NO":"Manca autorizz","STATO_AUTORIZZAZIONE":"IN ATTESA","STATO_NULLAOSTA":"NON NECESSARIO","STATO_ORDINANZA":"NON NECESSARIO","PROTOCOLLO_AUT":null,"PRATICA":null,"LAVORABILE":"NO","STATO_LEGENDA":"IN ATTESA","CAMPO AWS":"NOT STARTED"},"geometry":{"type":"MultiLineString","coordinates":[[[1066124.427132399985567,5717551.643926106393337,0.0],[1066001.56315176258795,5717526.237174618057907,0.0]]]}},
{"type":"Feature","properties":{"fid":630,"TIPOLOGIA":"NO DIG","PROVINCIA":"BG","COMUNE":"BOLTIERE","CLUSTER":"7","ROUTE":"45","ENTE":"PROVINCIA DI BERGAMO","ENTE 2":null,"LUNGHEZZA":73.05,"SPAN":"45_1","LOTTO":"7","TRATTA_ID":"TR_0630","ENTE 3":null,"MOTIVO_NO":"Manca autorizz","STATO_AUTORIZZAZIONE":"IN ATTESA","STATO_NULLAOSTA":"NON NECESSARIO","STATO_ORDINANZA":"NON NECESSARIO","PROTOCOLLO_AUT":null,"PRATICA":null,"LAVORABILE":"NO","STATO_LEGENDA":"IN ATTESA","CAMPO AWS":"NOT STARTED"},"geometry":{"type":"MultiLineString","coordinates":[[[1065486.049145865486935,5717421.998595226556063,0.0],[1065383.814423612784594,5717401.591570776887238,0.0]]]}},
{"type":"Feature","properties":{"fid":631,"TIPOLOGIA":"NO DIG","PROVINCIA":"BG","COMUNE":"BOLTIERE","CLUSTER":"7","ROUTE":"45","ENTE":"COMUNE","ENTE 2":null,"LUNGHEZZA":368.53,"SPAN":"45_1","LOTTO":"7","TRATTA_ID":"TR_0631","ENTE 3":null,"MOTIVO_NO":"Manca autorizz","STATO_AUTORIZZAZIONE":"IN ATTESA","STATO_NULLAOSTA":"NON NECESSARIO","STATO_ORDINANZA":"NON NECESSARIO","PROTOCOLLO_AUT":null,"PRATICA":null,"LAVORABILE":"NO","STATO_LEGENDA":"IN ATTESA","CAMPO AWS":"NOT STARTED"},"geometry":{"type":"MultiLineString","coordinates":[[[1066001.56315176258795,5717526.237174618057907,0.0],[1065814.611716753104702,5717487.574530895799398,0.0],[1065486.049145865486935,5717421.998595226556063,0.0]]]}},
{"type":"Feature","properties":{"fid":632,"TIPOLOGIA":"CANALETTA","PROVINCIA":"MI","COMUNE":"RHO","CLUSTER":"1","ROUTE":"1","ENTE":"COMUNE","ENTE 2":"AIPO","LUNGHEZZA":26.9,"SPAN":"1","LOTTO":"1A","TRATTA_ID":"TR_0632","ENTE 3":null,"MOTIVO_NO":"Manca autorizz | Manca nulla osta","STATO_AUTORIZZAZIONE":"PROTOCOLLATO","STATO_NULLAOSTA":"PROTOCOLLATO","STATO_ORDINANZA":"NON NECESSARIO","PROTOCOLLO_AUT":"2026/03/17","PRATICA":"AUT/2/1A | NO/14/1A","LAVORABILE":"NO","STATO_LEGENDA":"PROTOCOLLATO","CAMPO AWS":"ON GOING"},"geometry":{"type":"MultiLineString","coordinates":[[[1007947.350256619625725,5703200.144376430660486,0.0],[1007911.978921718662605,5703214.92747637629509,0.0]]]}},
{"type":"Feature","properties":{"fid":633,"TIPOLOGIA":"SCAVO","PROVINCIA":"MI","COMUNE":"RHO","CLUSTER":"1","ROUTE":"1","ENTE":"COMUNE","ENTE 2":null,"LUNGHEZZA":118.41,"SPAN":"1","LOTTO":"1A","TRATTA_ID":"TR_0633","ENTE 3":null,"MOTIVO_NO":"Manca autorizz","STATO_AUTORIZZAZIONE":"PROTOCOLLATO","STATO_NULLAOSTA":"NON NECESSARIO","STATO_ORDINANZA":"NON NECESSARIO","PROTOCOLLO_AUT":"2026/03/17","PRATICA":"AUT/2/1A","LAVORABILE":"NO","STATO_LEGENDA":"PROTOCOLLATO","CAMPO AWS":"ON GOING"},"geometry":{"type":"MultiLineString","coordinates":[[[1008095.124909937265329,5703165.075498904101551,0.0],[1008080.379374707001261,5703145.110196248628199,0.0],[1008076.915313207544386,5703145.992532906122506,0.0],[1007947.350256619625725,5703200.144376430660486,0.0]]]}},
{"type":"Feature","properties":{"fid":634,"TIPOLOGIA":"SCAVO","PROVINCIA":"MI","COMUNE":"PERO","CLUSTER":"1","ROUTE":"1","ENTE":"COMUNE","ENTE 2":"AIPO","LUNGHEZZA":43.33,"SPAN":"1","LOTTO":"1A","TRATTA_ID":"TR_0634","ENTE 3":null,"MOTIVO_NO":"Manca autorizz | Manca nulla osta","STATO_AUTORIZZAZIONE":"PROTOCOLLATO INTEGRAZIONE","STATO_NULLAOSTA":"PROTOCOLLATO","STATO_ORDINANZA":"NON NECESSARIO","PROTOCOLLO_AUT":"2026/03/17","PRATICA":"AUT/13/1A | NO/7/1A","LAVORABILE":"NO","STATO_LEGENDA":"PROTOCOLLATO INTEGRAZIONE","CAMPO AWS":"ON GOING"},"geometry":{"type":"MultiLineString","coordinates":[[[1009251.755191977485083,5703465.427732423879206,0.0],[1009238.33924555091653,5703457.89933821093291,0.0],[1009199.317552896915004,5703432.784677864052355,0.0]]]}},
{"type":"Feature","properties":{"fid":635,"TIPOLOGIA":"NO DIG","PROVINCIA":"MI","COMUNE":"PERO","CLUSTER":"1","ROUTE":"1","ENTE":"COMUNE","ENTE 2":null,"LUNGHEZZA":416.95,"SPAN":"1","LOTTO":"1A","TRATTA_ID":"TR_0635","ENTE 3":null,"MOTIVO_NO":"Manca autorizz","STATO_AUTORIZZAZIONE":"PROTOCOLLATO INTEGRAZIONE","STATO_NULLAOSTA":"NON NECESSARIO","STATO_ORDINANZA":"NON NECESSARIO","PROTOCOLLO_AUT":"2026/03/23","PRATICA":"AUT/13/1A","LAVORABILE":"NO","STATO_LEGENDA":"PROTOCOLLATO INTEGRAZIONE","CAMPO AWS":"ON GOING"},"geometry":{"type":"MultiLineString","coordinates":[[[1009199.317552896915004,5703432.784677864052355,0.0],[1009172.712687728693709,5703415.661444180645049,0.0],[1009020.233021348947659,5703386.921435706317425,0.0],[1008714.824748077197,5703375.543786434456706,0.0],[1008613.337603116291575,5703369.427386635914445,0.0]]]}},
{"type":"Feature","properties":{"fid":636,"TIPOLOGIA":"SCAVO","PROVINCIA":"MI","COMUNE":"PERO","CLUSTER":"1","ROUTE":"1","ENTE":"COMUNE","ENTE 2":"SERRAVALLE","LUNGHEZZA":104.27,"SPAN":"1","LOTTO":"1A","TRATTA_ID":"TR_0636","ENTE 3":"EST VILLORESI","MOTIVO_NO":"Manca autorizz | Manca nulla osta","STATO_AUTORIZZAZIONE":"PROTOCOLLATO INTEGRAZIONE","STATO_NULLAOSTA":"PROTOCOLLATO INTEGRAZIONE","STATO_ORDINANZA":"NON NECESSARIO","PROTOCOLLO_AUT":"2026/03/23","PRATICA":"AUT/13/1A | NO/26/1A | NO/27/1A","LAVORABILE":"NO","STATO_LEGENDA":"PROTOCOLLATO INTEGRAZIONE","CAMPO AWS":"ON GOING"},"geometry":{"type":"MultiLineString","coordinates":[[[1009348.98384670203086,5703928.190041654743254,0.0],[1009321.171857774956152,5703887.666472076438367,0.0],[1009395.33946638146881,5703830.03275549877435,0.0],[1009390.650037290295586,5703826.764472312293947,0.0]]]}},
{"type":"Feature","properties":{"fid":637,"TIPOLOGIA":"CANALETTA","PROVINCIA":"MI","COMUNE":"CORNAREDO","CLUSTER":"1","ROUTE":"23","ENTE":"COMUNE","ENTE 2":"AIPO","LUNGHEZZA":46.86,"SPAN":"23","LOTTO":"1A","TRATTA_ID":"TR_0637","ENTE 3":null,"MOTIVO_NO":"Manca autorizz | Manca nulla osta","STATO_AUTORIZZAZIONE":"INVIATO","STATO_NULLAOSTA":"PROTOCOLLATO","STATO_ORDINANZA":"NON NECESSARIO","PROTOCOLLO_AUT":null,"PRATICA":"AUT/1/1A | NO/4/1A","LAVORABILE":"NO","STATO_LEGENDA":"INVIATO","CAMPO AWS":"ON GOING"},"geometry":{"type":"MultiLineString","coordinates":[[[1005178.291241828352213,5698121.64682318829,0.0],[1005185.802944835857488,5698091.60001115873456,0.0],[1005198.478943661320955,5698057.953841437585652,0.0]]]}},
{"type":"Feature","properties":{"fid":638,"TIPOLOGIA":"NO DIG","PROVINCIA":"MI","COMUNE":"CORNAREDO","CLUSTER":"1","ROUTE":"23","ENTE":"COMUNE","ENTE 2":null,"LUNGHEZZA":540.29,"SPAN":"23","LOTTO":"1A","TRATTA_ID":"TR_0638","ENTE 3":null,"MOTIVO_NO":"Manca autorizz","STATO_AUTORIZZAZIONE":"INVIATO","STATO_NULLAOSTA":"NON NECESSARIO","STATO_ORDINANZA":"NON NECESSARIO","PROTOCOLLO_AUT":null,"PRATICA":"AUT/1/1A","LAVORABILE":"NO","STATO_LEGENDA":"INVIATO","CAMPO AWS":"ON GOING"},"geometry":{"type":"MultiLineString","coordinates":[[[1004907.948180459672585,5698842.300830488093197,0.0],[1004943.315782120684162,5698787.527996057644486,0.0],[1005043.471822222927585,5698530.878143298439682,0.0],[1005178.291241828352213,5698121.64682318829,0.0]]]}},
{"type":"Feature","properties":{"fid":640,"TIPOLOGIA":"NO DIG","PROVINCIA":"MI","COMUNE":"BASIGLIO","CLUSTER":"2","ROUTE":"13","ENTE":"COMUNE","ENTE 2":null,"LUNGHEZZA":263.62,"SPAN":"13_1","LOTTO":"2A","TRATTA_ID":"TR_0640","ENTE 3":null,"MOTIVO_NO":"Manca autorizz","STATO_AUTORIZZAZIONE":"PROTOCOLLATO INTEGRAZIONE","STATO_NULLAOSTA":"INVIATO","STATO_ORDINANZA":"NON NECESSARIO","PROTOCOLLO_AUT":"2026/03/17","PRATICA":"AUT/1/2A | NO/14/2A","LAVORABILE":"NO","STATO_LEGENDA":"PROTOCOLLATO INTEGRAZIONE","CAMPO AWS":"ON GOING"},"geometry":{"type":"MultiLineString","coordinates":[[[1020472.105689717340283,5674602.479708011262119,0.0],[1020420.196581160998903,5674512.368297656066716,0.0],[1020265.465304727200419,5674289.569051684811711,0.0]]]}},
{"type":"Feature","properties":{"fid":642,"TIPOLOGIA":"NO DIG","PROVINCIA":"MI","COMUNE":"BASIGLIO","CLUSTER":"2","ROUTE":"13","ENTE":"COMUNE","ENTE 2":null,"LUNGHEZZA":162.63,"SPAN":"13_1","LOTTO":"2A","TRATTA_ID":"TR_0642","ENTE 3":null,"MOTIVO_NO":"Manca autorizz","STATO_AUTORIZZAZIONE":"PROTOCOLLATO INTEGRAZIONE","STATO_NULLAOSTA":"INVIATO","STATO_ORDINANZA":"NON NECESSARIO","PROTOCOLLO_AUT":"2026/03/17","PRATICA":"AUT/1/2A | NO/14/2A","LAVORABILE":"NO","STATO_LEGENDA":"PROTOCOLLATO INTEGRAZIONE","CAMPO AWS":"ON GOING"},"geometry":{"type":"MultiLineString","coordinates":[[[1020587.683443329413421,5674803.112087874673307,0.0],[1020472.105689717340283,5674602.479708011262119,0.0]]]}},
{"type":"Feature","properties":{"fid":643,"TIPOLOGIA":"CANALETTA","PROVINCIA":"MI","COMUNE":"ZIBIDO SAN GIACOMO","CLUSTER":"2","ROUTE":"25","ENTE":"COMUNE","ENTE 2":"VILLORESI","LUNGHEZZA":15.44,"SPAN":"25","LOTTO":"2A","TRATTA_ID":"TR_0643","ENTE 3":null,"MOTIVO_NO":"Manca autorizz","STATO_AUTORIZZAZIONE":"PROTOCOLLATO INTEGRAZIONE","STATO_NULLAOSTA":"IN REDAZIONE","STATO_ORDINANZA":"NON NECESSARIO","PROTOCOLLO_AUT":"2026/04/09","PRATICA":"AUT/8/2A","LAVORABILE":"NO","STATO_LEGENDA":"PROTOCOLLATO INTEGRAZIONE","CAMPO AWS":"ON GOING"},"geometry":{"type":"MultiLineString","coordinates":[[[1016742.153705601464026,5679028.969665689393878,0.0],[1016721.418275418807752,5679036.14881934504956,0.0]]]}},
{"type":"Feature","properties":{"fid":647,"TIPOLOGIA":"SCAVO","PROVINCIA":"MI","COMUNE":"LACCHIARELLA","CLUSTER":"2","ROUTE":"7","ENTE":"PROVINCIA DI MILANO","ENTE 2":"AIPO","LUNGHEZZA":28.26,"SPAN":"7_2","LOTTO":"2B","TRATTA_ID":"TR_0647","ENTE 3":null,"MOTIVO_NO":null,"STATO_AUTORIZZAZIONE":"OTTENUTO","STATO_NULLAOSTA":"NON NECESSARIO","STATO_ORDINANZA":"NON NECESSARIO","PROTOCOLLO_AUT":"2026/03/24","PRATICA":"AUT/8/2B","LAVORABILE":"SI","STATO_LEGENDA":"OTTENUTO","CAMPO AWS":"APPROVAL"},"geometry":{"type":"MultiLineString","coordinates":[[[1018127.985644321888685,5673306.834721802733839,0.0],[1018087.989579098881222,5673303.654071510769427,0.0]]]}},
{"type":"Feature","properties":{"fid":648,"TIPOLOGIA":"NO DIG","PROVINCIA":"MI","COMUNE":"LACCHIARELLA","CLUSTER":"2","ROUTE":"7","ENTE":"PROVINCIA DI MILANO","ENTE 2":null,"LUNGHEZZA":800.94,"SPAN":"7_2","LOTTO":"2B","TRATTA_ID":"TR_0648","ENTE 3":null,"MOTIVO_NO":null,"STATO_AUTORIZZAZIONE":"OTTENUTO","STATO_NULLAOSTA":"NON NECESSARIO","STATO_ORDINANZA":"NON NECESSARIO","PROTOCOLLO_AUT":"2026/03/24","PRATICA":"AUT/8/2B","LAVORABILE":"SI","STATO_LEGENDA":"OTTENUTO","CAMPO AWS":"APPROVAL"},"geometry":{"type":"MultiLineString","coordinates":[[[1018087.989579098881222,5673303.654071510769427,0.0],[1018080.028246141620912,5673303.020932340994477,0.0],[1017422.674384673708118,5673240.04406769387424,0.0],[1017086.640857441234402,5673213.153310057707131,0.0],[1016955.580864204210229,5673198.456981502473354,0.0]]]}},
{"type":"Feature","properties":{"fid":649,"TIPOLOGIA":"NO DIG","PROVINCIA":"MI","COMUNE":"LACCHIARELLA","CLUSTER":"2","ROUTE":"7","ENTE":"PROVINCIA DI MILANO","ENTE 2":null,"LUNGHEZZA":888.39,"SPAN":"7_2","LOTTO":"2B","TRATTA_ID":"TR_0649","ENTE 3":null,"MOTIVO_NO":null,"STATO_AUTORIZZAZIONE":"OTTENUTO","STATO_NULLAOSTA":"NON NECESSARIO","STATO_ORDINANZA":"NON NECESSARIO","PROTOCOLLO_AUT":"2026/03/24","PRATICA":"AUT/8/2B","LAVORABILE":"SI","STATO_LEGENDA":"OTTENUTO","CAMPO AWS":"APPROVAL"},"geometry":{"type":"MultiLineString","coordinates":[[[1019385.312353823101148,5673409.428901815786958,0.0],[1019249.805567056755535,5673399.571173712611198,0.0],[1018975.713356747059152,5673377.743628996424377,0.0],[1018388.9526667840546,5673327.583462595008314,0.0],[1018127.985644321888685,5673306.834721802733839,0.0]]]}},
{"type":"Feature","properties":{"fid":650,"TIPOLOGIA":"NO DIG","PROVINCIA":"MI","COMUNE":"LACCHIARELLA","CLUSTER":"2","ROUTE":"7","ENTE":"PROVINCIA DI MILANO","ENTE 2":"RIM","LUNGHEZZA":34.45,"SPAN":"7_2","LOTTO":"2B","TRATTA_ID":"TR_0650","ENTE 3":null,"MOTIVO_NO":null,"STATO_AUTORIZZAZIONE":"OTTENUTO","STATO_NULLAOSTA":"NON NECESSARIO","STATO_ORDINANZA":"NON NECESSARIO","PROTOCOLLO_AUT":"2026/03/24","PRATICA":"AUT/8/2B","LAVORABILE":"SI","STATO_LEGENDA":"OTTENUTO","CAMPO AWS":"APPROVAL"},"geometry":{"type":"MultiLineString","coordinates":[[[1019434.106494085979648,5673412.978029114194214,0.0],[1019385.312353823101148,5673409.428901815786958,0.0]]]}},
{"type":"Feature","properties":{"fid":651,"TIPOLOGIA":"NO DIG","PROVINCIA":"MI","COMUNE":"LACCHIARELLA","CLUSTER":"2","ROUTE":"7","ENTE":"PROVINCIA DI MILANO","ENTE 2":null,"LUNGHEZZA":383.87,"SPAN":"7_2","LOTTO":"2B","TRATTA_ID":"TR_0651","ENTE 3":null,"MOTIVO_NO":null,"STATO_AUTORIZZAZIONE":"OTTENUTO","STATO_NULLAOSTA":"NON NECESSARIO","STATO_ORDINANZA":"NON NECESSARIO","PROTOCOLLO_AUT":"2026/03/24","PRATICA":"AUT/8/2B","LAVORABILE":"SI","STATO_LEGENDA":"OTTENUTO","CAMPO AWS":"APPROVAL"},"geometry":{"type":"MultiLineString","coordinates":[[[1019975.737569136195816,5673453.024289320223033,0.0],[1019975.8489755471237,5673453.391796211712062,0.0],[1019966.828174666152336,5673457.911257807165384,0.0],[1019914.094982747687027,5673452.070298581384122,0.0],[1019774.149972781538963,5673441.653275763615966,0.0],[1019461.8369657342555,5673414.994934219866991,0.0],[1019434.106494085979648,5673412.978029114194214,0.0]]]}},
{"type":"Feature","properties":{"fid":652,"TIPOLOGIA":"NO DIG","PROVINCIA":"BG","COMUNE":"DALMINE","CLUSTER":"3","ROUTE":"4","ENTE":"PROVINCIA DI BERGAMO","ENTE 2":"AUTOSTRADE","LUNGHEZZA":165.61,"SPAN":"4_2_2","LOTTO":"1","TRATTA_ID":"TR_0652","ENTE 3":null,"MOTIVO_NO":"Manca autorizz","STATO_AUTORIZZAZIONE":"IN ATTESA","STATO_NULLAOSTA":"NON NECESSARIO","STATO_ORDINANZA":"NON NECESSARIO","PROTOCOLLO_AUT":null,"PRATICA":null,"LAVORABILE":"NO","STATO_LEGENDA":"IN ATTESA","CAMPO AWS":"NOT STARTED"},"geometry":{"type":"MultiLineString","coordinates":[[[1069878.496190529083833,5722692.328968087211251,0.0],[1069868.903788439929485,5722675.479864633642137,0.0],[1069761.192505359416828,5722486.337326505221426,0.0]]]}},
{"type":"Feature","properties":{"fid":653,"TIPOLOGIA":"NO DIG","PROVINCIA":"BG","COMUNE":"DALMINE","CLUSTER":"3","ROUTE":"4","ENTE":"PROVINCIA DI BERGAMO","ENTE 2":null,"LUNGHEZZA":164.49,"SPAN":"4_2_2","LOTTO":"1","TRATTA_ID":"TR_0653","ENTE 3":null,"MOTIVO_NO":"Manca autorizz","STATO_AUTORIZZAZIONE":"IN ATTESA","STATO_NULLAOSTA":"NON NECESSARIO","STATO_ORDINANZA":"NON NECESSARIO","PROTOCOLLO_AUT":null,"PRATICA":null,"LAVORABILE":"NO","STATO_LEGENDA":"IN ATTESA","CAMPO AWS":"NOT STARTED"},"geometry":{"type":"MultiLineString","coordinates":[[[1069994.983216528082266,5722896.935609520412982,0.0],[1069878.496190529083833,5722692.328968087211251,0.0]]]}},
{"type":"Feature","properties":{"fid":654,"TIPOLOGIA":"NO DIG","PROVINCIA":"BG","COMUNE":"LALLIO","CLUSTER":"3","ROUTE":"42","ENTE":"COMUNE","ENTE 2":null,"LUNGHEZZA":96.94,"SPAN":"42","LOTTO":"1","TRATTA_ID":"TR_0654","ENTE 3":null,"MOTIVO_NO":"Manca autorizz","STATO_AUTORIZZAZIONE":"IN ATTESA","STATO_NULLAOSTA":"NON NECESSARIO","STATO_ORDINANZA":"NON NECESSARIO","PROTOCOLLO_AUT":null,"PRATICA":null,"LAVORABILE":"NO","STATO_LEGENDA":"IN ATTESA","CAMPO AWS":"NOT STARTED"},"geometry":{"type":"MultiLineString","coordinates":[[[1071355.318452116334811,5725123.80911903642118,0.0],[1071280.651540096616372,5725006.834826908074319,0.0]]]}},
{"type":"Feature","properties":{"fid":655,"TIPOLOGIA":"SCAVO","PROVINCIA":"BG","COMUNE":"BERGAMO","CLUSTER":"3","ROUTE":"43","ENTE":"COMUNE","ENTE 2":null,"LUNGHEZZA":37.68,"SPAN":"43","LOTTO":"1","TRATTA_ID":"TR_0655","ENTE 3":null,"MOTIVO_NO":"Manca autorizz","STATO_AUTORIZZAZIONE":"IN ATTESA","STATO_NULLAOSTA":"NON NECESSARIO","STATO_ORDINANZA":"NON NECESSARIO","PROTOCOLLO_AUT":null,"PRATICA":null,"LAVORABILE":"NO","STATO_LEGENDA":"IN ATTESA","CAMPO AWS":"NOT STARTED"},"geometry":{"type":"MultiLineString","coordinates":[[[1073719.376419586827978,5728452.62173979356885,0.0],[1073753.710766617674381,5728494.227050261572003,0.0]]]}},
{"type":"Feature","properties":{"fid":657,"TIPOLOGIA":"SCAVO","PROVINCIA":"BG","COMUNE":"BERGAMO","CLUSTER":"3","ROUTE":"3","ENTE":"COMUNE","ENTE 2":null,"LUNGHEZZA":910.43,"SPAN":"3_2_2","LOTTO":"1","TRATTA_ID":"TR_0657","ENTE 3":null,"MOTIVO_NO":"Manca autorizz","STATO_AUTORIZZAZIONE":"IN ATTESA","STATO_NULLAOSTA":"NON NECESSARIO","STATO_ORDINANZA":"NON NECESSARIO","PROTOCOLLO_AUT":null,"PRATICA":null,"LAVORABILE":"NO","STATO_LEGENDA":"IN ATTESA","CAMPO AWS":"NOT STARTED"},"geometry":{"type":"MultiLineString","coordinates":[[[1073101.428097543073818,5729409.18107904586941,0.0],[1073116.653000643011183,5729400.697099353186786,0.0],[1073071.714674496091902,5729277.038917707279325,0.0],[1073050.344636837951839,5729100.77768346387893,0.0],[1073963.383393958909437,5728756.889206275343895,0.0]]]}},
{"type":"Feature","properties":{"fid":658,"TIPOLOGIA":"NO DIG","PROVINCIA":"BG","COMUNE":"BERGAMO","CLUSTER":"3","ROUTE":"3","ENTE":"COMUNE","ENTE 2":"RFI","LUNGHEZZA":31.97,"SPAN":"3_2_2","LOTTO":"1","TRATTA_ID":"TR_0658","ENTE 3":null,"MOTIVO_NO":"Manca autorizz","STATO_AUTORIZZAZIONE":"IN ATTESA","STATO_NULLAOSTA":"NON NECESSARIO","STATO_ORDINANZA":"NON NECESSARIO","PROTOCOLLO_AUT":null,"PRATICA":null,"LAVORABILE":"NO","STATO_LEGENDA":"IN ATTESA","CAMPO AWS":"NOT STARTED"},"geometry":{"type":"MultiLineString","coordinates":[[[1073513.460609509143978,5730450.463887923397124,0.0],[1073507.710830800235271,5730441.59838633146137,0.0],[1073495.495688925264403,5730408.530949223786592,0.0]]]}},
{"type":"Feature","properties":{"fid":659,"TIPOLOGIA":"NO DIG","PROVINCIA":"BG","COMUNE":"BERGAMO","CLUSTER":"3","ROUTE":"3","ENTE":"COMUNE","ENTE 2":null,"LUNGHEZZA":1692.34,"SPAN":"3_2_2","LOTTO":"1","TRATTA_ID":"TR_0659","ENTE 3":null,"MOTIVO_NO":"Manca autorizz","STATO_AUTORIZZAZIONE":"IN ATTESA","STATO_NULLAOSTA":"NON NECESSARIO","STATO_ORDINANZA":"NON NECESSARIO","PROTOCOLLO_AUT":null,"PRATICA":null,"LAVORABILE":"NO","STATO_LEGENDA":"IN ATTESA","CAMPO AWS":"NOT STARTED"},"geometry":{"type":"MultiLineString","coordinates":[[[1071653.254579342203215,5730981.900057484395802,0.0],[1072057.820655936840922,5730892.502035470679402,0.0],[1072750.017831801902503,5730753.013813130557537,0.0],[1073156.503736849874258,5730680.318373342975974,0.0],[1073729.034452924970537,5730658.048755370080471,0.0],[1073730.758427673717961,5730631.853860487230122,0.0],[1073653.049139064736664,5730559.679479502141476,0.0],[1073538.265675842529163,5730488.710319328121841,0.0],[1073513.460609509143978,5730450.463887923397124,0.0]]]}},
{"type":"Feature","properties":{"fid":660,"TIPOLOGIA":"NO DIG","PROVINCIA":"BG","COMUNE":"CURNO","CLUSTER":"3","ROUTE":"3","ENTE":"COMUNE","ENTE 2":null,"LUNGHEZZA":1611.42,"SPAN":"3_2_2","LOTTO":"1","TRATTA_ID":"TR_0660","ENTE 3":null,"MOTIVO_NO":"Manca autorizz","STATO_AUTORIZZAZIONE":"IN ATTESA","STATO_NULLAOSTA":"NON NECESSARIO","STATO_ORDINANZA":"NON NECESSARIO","PROTOCOLLO_AUT":null,"PRATICA":null,"LAVORABILE":"NO","STATO_LEGENDA":"IN ATTESA","CAMPO AWS":"NOT STARTED"},"geometry":{"type":"MultiLineString","coordinates":[[[1069424.63806329597719,5731300.436394298449159,0.0],[1069546.937675672117621,5731309.996221917681396,0.0],[1069837.824869075091556,5731335.287982795387506,0.0],[1069973.111158184241503,5731345.698020177893341,0.0],[1069986.28133188164793,5731341.337577422149479,0.0],[1069996.459785738959908,5731333.023715581744909,0.0],[1070019.581971920561045,5731328.022077581845224,0.0],[1070048.061762196943164,5731325.496335549280047,0.0],[1070266.731584885856137,5731279.461061521433294,0.0],[1070301.4925941452384,5731261.079482972621918,0.0],[1070346.362462316639721,5731261.068421150557697,0.0],[1070373.738990260055289,5731257.400943512097001,0.0],[1070673.30996432621032,5731194.762598915025592,0.0],[1070879.869068608619273,5731147.606008712202311,0.0],[1070892.573721871711314,5731129.423805482685566,0.0],[1070906.024912911001593,5731121.905198403634131,0.0],[1070925.130150184966624,5731120.258298746310174,0.0],[1070939.328759222757071,5731122.925732334144413,0.0],[1070950.855685669695958,5731127.086696105077863,0.0],[1070971.286066783592105,5731126.412770723924041,0.0],[1071348.622675331542268,5731046.845531008206308,0.0],[1071362.255316525930539,5731035.853930019773543,0.0],[1071371.745764293475077,5731019.397723242640495,0.0],[1071386.037463102256879,5731010.484638418070972,0.0],[1071399.829607563791797,5731009.231263920664787,0.0],[1071416.853241929085925,5731018.950175170786679,0.0],[1071430.056606645695865,5731028.466398032382131,0.0],[1071653.254579342203215,5730981.900057484395802,0.0]]]}},
{"type":"Feature","properties":{"fid":661,"TIPOLOGIA":"NO DIG","PROVINCIA":"BG","COMUNE":"CURNO","CLUSTER":"3","ROUTE":"3","ENTE":"COMUNE","ENTE 2":"RFI","LUNGHEZZA":43.36,"SPAN":"3_2_2","LOTTO":"1","TRATTA_ID":"TR_0661","ENTE 3":null,"MOTIVO_NO":"Manca autorizz","STATO_AUTORIZZAZIONE":"IN ATTESA","STATO_NULLAOSTA":"NON NECESSARIO","STATO_ORDINANZA":"NON NECESSARIO","PROTOCOLLO_AUT":null,"PRATICA":null,"LAVORABILE":"NO","STATO_LEGENDA":"IN ATTESA","CAMPO AWS":"NOT STARTED"},"geometry":{"type":"MultiLineString","coordinates":[[[1069362.859009120380506,5731295.606649518013,0.0],[1069424.63806329597719,5731300.436394298449159,0.0]]]}},
{"type":"Feature","properties":{"fid":662,"TIPOLOGIA":"NO DIG","PROVINCIA":"BG","COMUNE":"CURNO","CLUSTER":"3","ROUTE":"3","ENTE":"COMUNE","ENTE 2":null,"LUNGHEZZA":277.08,"SPAN":"3_2_2","LOTTO":"1","TRATTA_ID":"TR_0662","ENTE 3":null,"MOTIVO_NO":"Manca autorizz","STATO_AUTORIZZAZIONE":"IN ATTESA","STATO_NULLAOSTA":"NON NECESSARIO","STATO_ORDINANZA":"NON NECESSARIO","PROTOCOLLO_AUT":null,"PRATICA":null,"LAVORABILE":"NO","STATO_LEGENDA":"IN ATTESA","CAMPO AWS":"NOT STARTED"},"geometry":{"type":"MultiLineString","coordinates":[[[1069017.796133416239172,5731449.433272320777178,0.0],[1069191.55733523494564,5731307.924061851575971,0.0],[1069329.486483656102791,5731292.99748207628727,0.0],[1069362.859009120380506,5731295.606649518013,0.0]]]}},
{"type":"Feature","properties":{"fid":663,"TIPOLOGIA":"NO DIG","PROVINCIA":"BG","COMUNE":"CURNO","CLUSTER":"6","ROUTE":"2","ENTE":"COMUNE","ENTE 2":"PROVINCIA DI BERGAMO","LUNGHEZZA":59.71,"SPAN":"2_2","LOTTO":"7","TRATTA_ID":"TR_0663","ENTE 3":null,"MOTIVO_NO":"Manca autorizz","STATO_AUTORIZZAZIONE":"IN ATTESA","STATO_NULLAOSTA":"NON NECESSARIO","STATO_ORDINANZA":"NON NECESSARIO","PROTOCOLLO_AUT":null,"PRATICA":null,"LAVORABILE":"NO","STATO_LEGENDA":"IN ATTESA","CAMPO AWS":"NOT STARTED"},"geometry":{"type":"MultiLineString","coordinates":[[[1070680.932640397455543,5729498.94639362115413,0.0],[1070684.042879158863798,5729494.161900153383613,0.0],[1070724.833100775955245,5729425.5532092647627,0.0]]]}},
{"type":"Feature","properties":{"fid":664,"TIPOLOGIA":"SCAVO","PROVINCIA":"BG","COMUNE":"TREVIOLO","CLUSTER":"6","ROUTE":"2","ENTE":"COMUNE","ENTE 2":null,"LUNGHEZZA":27.98,"SPAN":"2_2","LOTTO":"7","TRATTA_ID":"TR_0664","ENTE 3":null,"MOTIVO_NO":"Manca autorizz","STATO_AUTORIZZAZIONE":"IN ATTESA","STATO_NULLAOSTA":"NON NECESSARIO","STATO_ORDINANZA":"NON NECESSARIO","PROTOCOLLO_AUT":null,"PRATICA":null,"LAVORABILE":"NO","STATO_LEGENDA":"IN ATTESA","CAMPO AWS":"NOT STARTED"},"geometry":{"type":"MultiLineString","coordinates":[[[1072865.662633270490915,5729031.554488378576934,0.0],[1072868.462171579711139,5729028.795425441116095,0.0],[1072875.84368106094189,5729020.594011734239757,0.0],[1072880.267072793096304,5729012.727365156635642,0.0],[1072882.398734585847706,5729005.745570479892194,0.0],[1072882.259801770094782,5728996.964519603177905,0.0]]]}},
{"type":"Feature","properties":{"fid":665,"TIPOLOGIA":"SCAVO","PROVINCIA":"BG","COMUNE":"TREVIOLO","CLUSTER":"6","ROUTE":"2","ENTE":"COMUNE","ENTE 2":null,"LUNGHEZZA":345.35,"SPAN":"2_2","LOTTO":"7","TRATTA_ID":"TR_0665","ENTE 3":null,"MOTIVO_NO":"Manca autorizz","STATO_AUTORIZZAZIONE":"IN ATTESA","STATO_NULLAOSTA":"NON NECESSARIO","STATO_ORDINANZA":"NON NECESSARIO","PROTOCOLLO_AUT":null,"PRATICA":null,"LAVORABILE":"NO","STATO_LEGENDA":"IN ATTESA","CAMPO AWS":"NOT STARTED"},"geometry":{"type":"MultiLineString","coordinates":[[[1072367.707066847244278,5729104.782931458204985,0.0],[1072372.248599257785827,5729092.163560055196285,0.0],[1072503.800595168024302,5729094.206323963589966,0.0],[1072623.815717093180865,5729096.495551656000316,0.0],[1072736.634618190815672,5729096.007067097350955,0.0],[1072778.43295876076445,5729094.839936746284366,0.0],[1072806.455849786056206,5729089.111889352090657,0.0],[1072814.360238288994879,5729083.602323631756008,0.0],[1072819.000338695012033,5729073.667470389977098,0.0],[1072819.368164695799351,5729065.233660075813532,0.0],[1072816.297051645582542,5729056.069824188947678,0.0],[1072811.597360590239987,5729051.38848658464849,0.0]]]}},
{"type":"Feature","properties":{"fid":666,"TIPOLOGIA":"NO DIG","PROVINCIA":"BG","COMUNE":"BERGAMO","CLUSTER":"6","ROUTE":"2","ENTE":"COMUNE","ENTE 2":"RIB","LUNGHEZZA":14.85,"SPAN":"2_2","LOTTO":"7","TRATTA_ID":"TR_0666","ENTE 3":null,"MOTIVO_NO":"Manca autorizz","STATO_AUTORIZZAZIONE":"IN ATTESA","STATO_NULLAOSTA":"NON NECESSARIO","STATO_ORDINANZA":"NON NECESSARIO","PROTOCOLLO_AUT":null,"PRATICA":null,"LAVORABILE":"NO","STATO_LEGENDA":"IN ATTESA","CAMPO AWS":"NOT STARTED"},"geometry":{"type":"MultiLineString","coordinates":[[[1073133.192620466463268,5728766.874469976872206,0.0],[1073139.807455771835521,5728765.491604544222355,0.0],[1073153.767297679791227,5728761.712074825540185,0.0]]]}},
{"type":"Feature","properties":{"fid":667,"TIPOLOGIA":"NO DIG","PROVINCIA":"BG","COMUNE":"BERGAMO","CLUSTER":"6","ROUTE":"2","ENTE":"COMUNE","ENTE 2":null,"LUNGHEZZA":322.3,"SPAN":"2_2","LOTTO":"7","TRATTA_ID":"TR_0667","ENTE 3":null,"MOTIVO_NO":"Manca autorizz","STATO_AUTORIZZAZIONE":"IN ATTESA","STATO_NULLAOSTA":"NON NECESSARIO","STATO_ORDINANZA":"NON NECESSARIO","PROTOCOLLO_AUT":null,"PRATICA":null,"LAVORABILE":"NO","STATO_LEGENDA":"IN ATTESA","CAMPO AWS":"NOT STARTED"},"geometry":{"type":"MultiLineString","coordinates":[[[1072882.259801770094782,5728996.964519603177905,0.0],[1072859.185217374935746,5728880.152600600384176,0.0],[1072847.813188028056175,5728832.308683913201094,0.0],[1072995.505053732078522,5728795.657600801438093,0.0],[1073133.192620466463268,5728766.874469976872206,0.0]]]}},
{"type":"Feature","properties":{"fid":668,"TIPOLOGIA":"NO DIG","PROVINCIA":"BG","COMUNE":"BERGAMO","CLUSTER":"6","ROUTE":"2","ENTE":"COMUNE","ENTE 2":null,"LUNGHEZZA":504.94,"SPAN":"2_2","LOTTO":"7","TRATTA_ID":"TR_0668","ENTE 3":null,"MOTIVO_NO":"Manca autorizz","STATO_AUTORIZZAZIONE":"IN ATTESA","STATO_NULLAOSTA":"NON NECESSARIO","STATO_ORDINANZA":"NON NECESSARIO","PROTOCOLLO_AUT":null,"PRATICA":null,"LAVORABILE":"NO","STATO_LEGENDA":"IN ATTESA","CAMPO AWS":"NOT STARTED"},"geometry":{"type":"MultiLineString","coordinates":[[[1073153.767297679791227,5728761.712074825540185,0.0],[1073203.384754219092429,5728748.278304802253842,0.0],[1073307.923421308863908,5728707.563622776418924,0.0],[1073447.69454288831912,5728615.929064579308033,0.0],[1073589.224015222629532,5728519.835671189241111,0.0],[1073706.152861498529091,5728456.388827109709382,0.0],[1073782.361195917241275,5728434.675626611337066,0.0],[1073790.20895084971562,5728433.892362285405397,0.0]]]}},
{"type":"Feature","properties":{"fid":669,"TIPOLOGIA":"SCAVO","PROVINCIA":"BG","COMUNE":"BERGAMO","CLUSTER":"3","ROUTE":"43","ENTE":"COMUNE","ENTE 2":null,"LUNGHEZZA":169.14,"SPAN":"43","LOTTO":"1","TRATTA_ID":"TR_0669","ENTE 3":null,"MOTIVO_NO":"Manca autorizz","STATO_AUTORIZZAZIONE":"IN ATTESA","STATO_NULLAOSTA":"NON NECESSARIO","STATO_ORDINANZA":"NON NECESSARIO","PROTOCOLLO_AUT":null,"PRATICA":null,"LAVORABILE":"NO","STATO_LEGENDA":"IN ATTESA","CAMPO AWS":"NOT STARTED"},"geometry":{"type":"MultiLineString","coordinates":[[[1073814.319058033172041,5728567.885581740178168,0.0],[1073862.571127255214378,5728626.782497577369213,0.0],[1073963.00949773308821,5728749.376376804895699,0.0],[1073963.383393958909437,5728756.889206275343895,0.0]]]}},
{"type":"Feature","properties":{"fid":670,"TIPOLOGIA":"NO DIG","PROVINCIA":"BG","COMUNE":"TREVIOLO","CLUSTER":"3","ROUTE":"4","ENTE":"COMUNE","ENTE 2":null,"LUNGHEZZA":358.11,"SPAN":"4_2_2","LOTTO":"1","TRATTA_ID":"TR_0670","ENTE 3":null,"MOTIVO_NO":"Manca autorizz","STATO_AUTORIZZAZIONE":"IN ATTESA","STATO_NULLAOSTA":"NON NECESSARIO","STATO_ORDINANZA":"NON NECESSARIO","PROTOCOLLO_AUT":null,"PRATICA":null,"LAVORABILE":"NO","STATO_LEGENDA":"IN ATTESA","CAMPO AWS":"NOT STARTED"},"geometry":{"type":"MultiLineString","coordinates":[[[1068258.442494787508622,5728091.723429399542511,0.0],[1068279.395693530328572,5728096.059438304975629,0.0],[1068322.112742298748344,5728118.763517343439162,0.0],[1068384.794202989432961,5728165.210039176978171,0.0],[1068404.151341253193095,5728188.926426075398922,0.0],[1068411.849912162404507,5728225.072652297094464,0.0],[1068417.14545600512065,5728241.215201623737812,0.0],[1068431.446815173141658,5728248.688240644522011,0.0],[1068540.557896001497284,5728308.326296316459775,0.0],[1068601.807559901848435,5728340.032681154087186,0.0],[1068660.97442427626811,5728363.050528342835605,0.0],[1068667.391936581814662,5728365.547154292464256,0.0]]]}},
{"type":"Feature","properties":{"fid":671,"TIPOLOGIA":"NO DIG","PROVINCIA":"BG","COMUNE":"MOZZO","CLUSTER":"3","ROUTE":"3","ENTE":"COMUNE","ENTE 2":"RFI","LUNGHEZZA":19.27,"SPAN":"3_2_2","LOTTO":"1","TRATTA_ID":"TR_0671","ENTE 3":null,"MOTIVO_NO":"Manca autorizz","STATO_AUTORIZZAZIONE":"IN ATTESA","STATO_NULLAOSTA":"NON NECESSARIO","STATO_ORDINANZA":"NON NECESSARIO","PROTOCOLLO_AUT":null,"PRATICA":null,"LAVORABILE":"NO","STATO_LEGENDA":"IN ATTESA","CAMPO AWS":"NOT STARTED"},"geometry":{"type":"MultiLineString","coordinates":[[[1068611.89202015590854,5732469.284477259032428,0.0],[1068603.172772899735719,5732443.071961701847613,0.0]]]}},
{"type":"Feature","properties":{"fid":672,"TIPOLOGIA":"NO DIG","PROVINCIA":"BG","COMUNE":"MOZZO","CLUSTER":"3","ROUTE":"3","ENTE":"COMUNE","ENTE 2":null,"LUNGHEZZA":43.27,"SPAN":"3_2_2","LOTTO":"1","TRATTA_ID":"TR_0672","ENTE 3":null,"MOTIVO_NO":"Manca autorizz","STATO_AUTORIZZAZIONE":"IN ATTESA","STATO_NULLAOSTA":"NON NECESSARIO","STATO_ORDINANZA":"NON NECESSARIO","PROTOCOLLO_AUT":null,"PRATICA":null,"LAVORABILE":"NO","STATO_LEGENDA":"IN ATTESA","CAMPO AWS":"NOT STARTED"},"geometry":{"type":"MultiLineString","coordinates":[[[1068603.172772899735719,5732443.071961701847613,0.0],[1068583.594900963129476,5732384.215039174072444,0.0]]]}},
{"type":"Feature","properties":{"fid":673,"TIPOLOGIA":"NO DIG","PROVINCIA":"MI","COMUNE":"BELLINZAGO LOMBARDO","CLUSTER":"3","ROUTE":"4","ENTE":"ANAS","ENTE 2":null,"LUNGHEZZA":154.21,"SPAN":"4_1_2","LOTTO":"3","TRATTA_ID":"TR_0673","ENTE 3":null,"MOTIVO_NO":"Manca autorizz","STATO_AUTORIZZAZIONE":"IN ATTESA","STATO_NULLAOSTA":"NON NECESSARIO","STATO_ORDINANZA":"NON NECESSARIO","PROTOCOLLO_AUT":null,"PRATICA":null,"LAVORABILE":"NO","STATO_LEGENDA":"IN ATTESA","CAMPO AWS":"NOT STARTED"},"geometry":{"type":"MultiLineString","coordinates":[[[1052322.122645830968395,5708160.244044037535787,0.0],[1052127.967921162489802,5708056.806502094492316,0.0]]]}},
{"type":"Feature","properties":{"fid":674,"TIPOLOGIA":"NO DIG","PROVINCIA":"MI","COMUNE":"CASSINA DE PECCHI","CLUSTER":"3","ROUTE":"4","ENTE":"ANAS","ENTE 2":null,"LUNGHEZZA":1862.07,"SPAN":"4_1_2","LOTTO":"3","TRATTA_ID":"TR_0674","ENTE 3":null,"MOTIVO_NO":"Manca autorizz","STATO_AUTORIZZAZIONE":"IN ATTESA","STATO_NULLAOSTA":"NON NECESSARIO","STATO_ORDINANZA":"NON NECESSARIO","PROTOCOLLO_AUT":null,"PRATICA":null,"LAVORABILE":"NO","STATO_LEGENDA":"IN ATTESA","CAMPO AWS":"NOT STARTED"},"geometry":{"type":"MultiLineString","coordinates":[[[1045804.986386558390222,5704252.659681051969528,0.0],[1045717.500280868844129,5704339.601172314025462,0.0],[1045662.014194047660567,5704398.258570501580834,0.0],[1045585.32724006625358,5704456.276515382342041,0.0],[1045454.603224181104451,5704507.338832120411098,0.0],[1045382.898876946070231,5704528.040702025406063,0.0],[1045278.102899866295047,5704536.32402762118727,0.0],[1045129.092151626013219,5704500.982957262545824,0.0],[1045075.242033751215786,5704484.335793380625546,0.0],[1044965.928493060404435,5704440.569481459446251,0.0],[1044750.37080672418233,5704346.664536975324154,0.0],[1044584.747541022836231,5704274.743504971265793,0.0],[1044532.581671223742887,5704258.006627288646996,0.0],[1044461.868148387758993,5704245.786892446689308,0.0],[1044191.308338901144452,5704197.200054886750877,0.0],[1043936.140832080272958,5704153.004680464975536,0.0],[1043545.771674938034266,5704091.374904689379036,0.0],[1043313.792521666386165,5704051.897004455327988,0.0]]]}},
{"type":"Feature","properties":{"fid":675,"TIPOLOGIA":"NO DIG","PROVINCIA":"MI","COMUNE":"CERNUSCO SUL NAVIGLIO","CLUSTER":"3","ROUTE":"4","ENTE":"COMUNE","ENTE 2":null,"LUNGHEZZA":173.29,"SPAN":"4_1_2","LOTTO":"3","TRATTA_ID":"TR_0675","ENTE 3":null,"MOTIVO_NO":"Manca autorizz","STATO_AUTORIZZAZIONE":"IN ATTESA","STATO_NULLAOSTA":"NON NECESSARIO","STATO_ORDINANZA":"NON NECESSARIO","PROTOCOLLO_AUT":null,"PRATICA":null,"LAVORABILE":"NO","STATO_LEGENDA":"IN ATTESA","CAMPO AWS":"NOT STARTED"},"geometry":{"type":"MultiLineString","coordinates":[[[1041058.835132248117588,5703323.37621134519577,0.0],[1040894.701932471711189,5703285.788316124118865,0.0],[1040817.965313210734166,5703269.016899249516428,0.0]]]}},
{"type":"Feature","properties":{"fid":676,"TIPOLOGIA":"SCAVO","PROVINCIA":"MI","COMUNE":"MILANO","CLUSTER":"3","ROUTE":"4","ENTE":"COMUNE","ENTE 2":"RFI","LUNGHEZZA":57.12,"SPAN":"4_1_1","LOTTO":"3","TRATTA_ID":"TR_0676","ENTE 3":null,"MOTIVO_NO":"Manca autorizz","STATO_AUTORIZZAZIONE":"IN ATTESA","STATO_NULLAOSTA":"NON NECESSARIO","STATO_ORDINANZA":"NON NECESSARIO","PROTOCOLLO_AUT":null,"PRATICA":null,"LAVORABILE":"NO","STATO_LEGENDA":"IN ATTESA","CAMPO AWS":"NOT STARTED"},"geometry":{"type":"MultiLineString","coordinates":[[[1027314.772074594511651,5699796.825686751864851,0.0],[1027255.251679135370068,5699741.182541923597455,0.0]]]}},
{"type":"Feature","properties":{"fid":677,"TIPOLOGIA":"SCAVO","PROVINCIA":"MI","COMUNE":"MILANO","CLUSTER":"3","ROUTE":"4","ENTE":"COMUNE","ENTE 2":null,"LUNGHEZZA":1239.29,"SPAN":"4_1_1","LOTTO":"3","TRATTA_ID":"TR_0677","ENTE 3":null,"MOTIVO_NO":"Manca autorizz","STATO_AUTORIZZAZIONE":"IN ATTESA","STATO_NULLAOSTA":"NON NECESSARIO","STATO_ORDINANZA":"NON NECESSARIO","PROTOCOLLO_AUT":null,"PRATICA":null,"LAVORABILE":"NO","STATO_LEGENDA":"IN ATTESA","CAMPO AWS":"NOT STARTED"},"geometry":{"type":"MultiLineString","coordinates":[[[1027255.251679135370068,5699741.182541923597455,0.0],[1027243.12900381104555,5699729.849464892409742,0.0],[1026878.789916573907249,5699347.347575658932328,0.0],[1026731.83039815700613,5699188.223461686633527,0.0],[1026720.592380218673497,5699201.655912061221898,0.0],[1026695.185788709204644,5699187.283355840481818,0.0],[1026694.675304446835071,5699146.81763931363821,0.0],[1026673.236668983125128,5699120.370735303498805,0.0],[1026177.056148397154175,5698599.257313202135265,0.0],[1026069.299754656618461,5698473.32637514360249,0.0]]]}},
{"type":"Feature","properties":{"fid":678,"TIPOLOGIA":"NO DIG","PROVINCIA":"MI","COMUNE":"MILANO","CLUSTER":"3","ROUTE":"4","ENTE":"COMUNE","ENTE 2":"RFI","LUNGHEZZA":229.95,"SPAN":"4_1_1","LOTTO":"3","TRATTA_ID":"TR_0678","ENTE 3":null,"MOTIVO_NO":"Manca autorizz","STATO_AUTORIZZAZIONE":"IN ATTESA","STATO_NULLAOSTA":"NON NECESSARIO","STATO_ORDINANZA":"NON NECESSARIO","PROTOCOLLO_AUT":null,"PRATICA":null,"LAVORABILE":"NO","STATO_LEGENDA":"IN ATTESA","CAMPO AWS":"NOT STARTED"},"geometry":{"type":"MultiLineString","coordinates":[[[1025217.56755859288387,5698913.731187344528735,0.0],[1025208.734938435605727,5698919.939743739552796,0.0],[1024951.937672890722752,5699105.859256969764829,0.0]]]}},
{"type":"Feature","properties":{"fid":679,"TIPOLOGIA":"SCAVO","PROVINCIA":"MI","COMUNE":"MILANO","CLUSTER":"3","ROUTE":"4","ENTE":"COMUNE","ENTE 2":null,"LUNGHEZZA":609.04,"SPAN":"4_1_1","LOTTO":"3","TRATTA_ID":"TR_0679","ENTE 3":null,"MOTIVO_NO":"Manca autorizz","STATO_AUTORIZZAZIONE":"IN ATTESA","STATO_NULLAOSTA":"NON NECESSARIO","STATO_ORDINANZA":"NON NECESSARIO","PROTOCOLLO_AUT":null,"PRATICA":null,"LAVORABILE":"NO","STATO_LEGENDA":"IN ATTESA","CAMPO AWS":"NOT STARTED"},"geometry":{"type":"MultiLineString","coordinates":[[[1025927.843541306327097,5698414.426812100224197,0.0],[1025217.56755859288387,5698913.731187344528735,0.0]]]}},
{"type":"Feature","properties":{"fid":680,"TIPOLOGIA":"SCAVO","PROVINCIA":"MI","COMUNE":"MILANO","CLUSTER":"3","ROUTE":"14","ENTE":"COMUNE","ENTE 2":"RFI","LUNGHEZZA":61.62,"SPAN":"14_3","LOTTO":"5","TRATTA_ID":"TR_0680","ENTE 3":null,"MOTIVO_NO":"Manca autorizz","STATO_AUTORIZZAZIONE":"IN ATTESA","STATO_NULLAOSTA":"NON NECESSARIO","STATO_ORDINANZA":"NON NECESSARIO","PROTOCOLLO_AUT":null,"PRATICA":null,"LAVORABILE":"NO","STATO_LEGENDA":"IN ATTESA","CAMPO AWS":"NOT STARTED"},"geometry":{"type":"MultiLineString","coordinates":[[[1028350.006356882047839,5694523.848300755955279,0.0],[1028262.307055042707361,5694525.121823117136955,0.0]]]}},
{"type":"Feature","properties":{"fid":681,"TIPOLOGIA":"NO DIG","PROVINCIA":"MI","COMUNE":"MILANO","CLUSTER":"3","ROUTE":"39","ENTE":"COMUNE","ENTE 2":null,"LUNGHEZZA":1418.17,"SPAN":"39_1","LOTTO":"5","TRATTA_ID":"TR_0681","ENTE 3":null,"MOTIVO_NO":"Manca autorizz","STATO_AUTORIZZAZIONE":"IN ATTESA","STATO_NULLAOSTA":"NON NECESSARIO","STATO_ORDINANZA":"NON NECESSARIO","PROTOCOLLO_AUT":null,"PRATICA":null,"LAVORABILE":"NO","STATO_LEGENDA":"IN ATTESA","CAMPO AWS":"NOT STARTED"},"geometry":{"type":"MultiLineString","coordinates":[[[1030087.695289776078425,5694524.729456682689488,0.0],[1030163.616909106029198,5694525.69209697842598,0.0],[1030189.039061455638148,5694525.331723236478865,0.0],[1030431.577044416801073,5694521.889962650835514,0.0],[1030659.714668620144948,5694521.827374149113894,0.0],[1030948.271042572916485,5694516.785574021749198,0.0],[1031224.957315432024188,5694514.843029908835888,0.0],[1031496.366886626346968,5694511.670151372440159,0.0],[1031746.811265065218322,5694509.120917295105755,0.0],[1032038.769815722713247,5694507.774253864772618,0.0],[1032106.087131580221467,5694507.743070698343217,0.0]]]}},
{"type":"Feature","properties":{"fid":682,"TIPOLOGIA":"NO DIG","PROVINCIA":"MI","COMUNE":"MILANO","CLUSTER":"3","ROUTE":"39","ENTE":"COMUNE","ENTE 2":"AIPO","LUNGHEZZA":63.38,"SPAN":"39_1","LOTTO":"5","TRATTA_ID":"TR_0682","ENTE 3":null,"MOTIVO_NO":"Manca autorizz","STATO_AUTORIZZAZIONE":"IN ATTESA","STATO_NULLAOSTA":"NON NECESSARIO","STATO_ORDINANZA":"NON NECESSARIO","PROTOCOLLO_AUT":null,"PRATICA":null,"LAVORABILE":"NO","STATO_LEGENDA":"IN ATTESA","CAMPO AWS":"NOT STARTED"},"geometry":{"type":"MultiLineString","coordinates":[[[1029997.486807075911202,5694523.584827241487801,0.0],[1030087.695289776078425,5694524.729456682689488,0.0]]]}},
{"type":"Feature","properties":{"fid":683,"TIPOLOGIA":"NO DIG","PROVINCIA":"MI","COMUNE":"MILANO","CLUSTER":"3","ROUTE":"4","ENTE":"COMUNE","ENTE 2":"METRO","LUNGHEZZA":35.2,"SPAN":"4_1_1","LOTTO":"3","TRATTA_ID":"TR_0683","ENTE 3":null,"MOTIVO_NO":"Manca autorizz","STATO_AUTORIZZAZIONE":"IN ATTESA","STATO_NULLAOSTA":"NON NECESSARIO","STATO_ORDINANZA":"NON NECESSARIO","PROTOCOLLO_AUT":null,"PRATICA":null,"LAVORABILE":"NO","STATO_LEGENDA":"IN ATTESA","CAMPO AWS":"NOT STARTED"},"geometry":{"type":"MultiLineString","coordinates":[[[1031332.51573022606317,5702570.441606974229217,0.0],[1031282.426785702933557,5702572.722762606106699,0.0]]]}},
{"type":"Feature","properties":{"fid":684,"TIPOLOGIA":"NO DIG","PROVINCIA":"MI","COMUNE":"MILANO","CLUSTER":"3","ROUTE":"4","ENTE":"COMUNE","ENTE 2":"AUTOSTRADE","LUNGHEZZA":310.68,"SPAN":"4_1_1","LOTTO":"3","TRATTA_ID":"TR_0684","ENTE 3":null,"MOTIVO_NO":"Manca autorizz","STATO_AUTORIZZAZIONE":"IN ATTESA","STATO_NULLAOSTA":"NON NECESSARIO","STATO_ORDINANZA":"NON NECESSARIO","PROTOCOLLO_AUT":null,"PRATICA":null,"LAVORABILE":"NO","STATO_LEGENDA":"IN ATTESA","CAMPO AWS":"NOT STARTED"},"geometry":{"type":"MultiLineString","coordinates":[[[1031762.470537743647583,5702557.597341521643102,0.0],[1031707.159108386258595,5702565.867114241234958,0.0],[1031623.496206110576168,5702596.96930518373847,0.0],[1031514.973445262294263,5702559.755935592576861,0.0],[1031336.357776535325684,5702570.266620475798845,0.0],[1031332.51573022606317,5702570.441606974229217,0.0]]]}},
{"type":"Feature","properties":{"fid":685,"TIPOLOGIA":"NO DIG","PROVINCIA":"MI","COMUNE":"MILANO","CLUSTER":"3","ROUTE":"4","ENTE":"COMUNE","ENTE 2":"AUTOSTRADE","LUNGHEZZA":96.85,"SPAN":"4_1_1","LOTTO":"3","TRATTA_ID":"TR_0685","ENTE 3":null,"MOTIVO_NO":"Manca autorizz","STATO_AUTORIZZAZIONE":"IN ATTESA","STATO_NULLAOSTA":"NON NECESSARIO","STATO_ORDINANZA":"NON NECESSARIO","PROTOCOLLO_AUT":null,"PRATICA":null,"LAVORABILE":"NO","STATO_LEGENDA":"IN ATTESA","CAMPO AWS":"NOT STARTED"},"geometry":{"type":"MultiLineString","coordinates":[[[1031064.412114051403478,5702580.166829513385892,0.0],[1031003.100932989502326,5702577.898829315789044,0.0],[1030928.785831980989315,5702559.187305185943842,0.0]]]}},
{"type":"Feature","properties":{"fid":686,"TIPOLOGIA":"NO DIG","PROVINCIA":"MI","COMUNE":"MILANO","CLUSTER":"3","ROUTE":"4","ENTE":"COMUNE","ENTE 2":"AUTOSTRADE","LUNGHEZZA":88.68,"SPAN":"4_1_1","LOTTO":"3","TRATTA_ID":"TR_0686","ENTE 3":null,"MOTIVO_NO":"Manca autorizz","STATO_AUTORIZZAZIONE":"IN ATTESA","STATO_NULLAOSTA":"NON NECESSARIO","STATO_ORDINANZA":"NON NECESSARIO","PROTOCOLLO_AUT":null,"PRATICA":null,"LAVORABILE":"NO","STATO_LEGENDA":"IN ATTESA","CAMPO AWS":"NOT STARTED"},"geometry":{"type":"MultiLineString","coordinates":[[[1030928.785831980989315,5702559.187305185943842,0.0],[1030806.250151587184519,5702528.33305948972702,0.0]]]}},
{"type":"Feature","properties":{"fid":687,"TIPOLOGIA":"SCAVO","PROVINCIA":"MI","COMUNE":"MILANO","CLUSTER":"3","ROUTE":"4","ENTE":"COMUNE","ENTE 2":"AUTOSTRADE","LUNGHEZZA":67.12,"SPAN":"4_1_1","LOTTO":"3","TRATTA_ID":"TR_0687","ENTE 3":null,"MOTIVO_NO":"Manca autorizz","STATO_AUTORIZZAZIONE":"IN ATTESA","STATO_NULLAOSTA":"NON NECESSARIO","STATO_ORDINANZA":"NON NECESSARIO","PROTOCOLLO_AUT":null,"PRATICA":null,"LAVORABILE":"NO","STATO_LEGENDA":"IN ATTESA","CAMPO AWS":"NOT STARTED"},"geometry":{"type":"MultiLineString","coordinates":[[[1019940.137401836225763,5700149.170615049079061,0.0],[1019871.910355143481866,5700081.987271293066442,0.0]]]}},
{"type":"Feature","properties":{"fid":688,"TIPOLOGIA":"SCAVO","PROVINCIA":"MI","COMUNE":"MILANO","CLUSTER":"3","ROUTE":"4","ENTE":"COMUNE","ENTE 2":null,"LUNGHEZZA":3211.67,"SPAN":"4_1_1","LOTTO":"3","TRATTA_ID":"TR_0688","ENTE 3":null,"MOTIVO_NO":"Manca autorizz","STATO_AUTORIZZAZIONE":"IN ATTESA","STATO_NULLAOSTA":"NON NECESSARIO","STATO_ORDINANZA":"NON NECESSARIO","PROTOCOLLO_AUT":null,"PRATICA":null,"LAVORABILE":"NO","STATO_LEGENDA":"IN ATTESA","CAMPO AWS":"NOT STARTED"},"geometry":{"type":"MultiLineString","coordinates":[[[1019669.26394923706539,5699912.378548221662641,0.0],[1019592.77084822813049,5699844.531264879740775,0.0],[1019424.473812990821898,5699685.839780874550343,0.0],[1019153.621240326785482,5699425.337667542509735,0.0],[1018847.932702715275809,5699138.725920991972089,0.0],[1018706.882674108492211,5699290.564479880966246,0.0],[1018670.273136854404584,5699307.24412433244288,0.0],[1018384.354677636991255,5699373.122712962329388,0.0],[1018359.724660323001444,5699287.145254626870155,0.0],[1018322.476359151303768,5699238.546310963109136,0.0],[1018274.437311861198395,5699191.759286343120039,0.0],[1018229.982352913590148,5699157.89274290855974,0.0],[1018106.657195711624809,5699374.970362395979464,0.0],[1018056.1558108238969,5699402.403687715530396,0.0],[1017934.796414978685789,5699458.168113143183291,0.0],[1017645.204503325629048,5699591.513574969023466,0.0],[1017175.373530495679006,5699800.214355016127229,0.0],[1016835.079838121077046,5699955.139782669022679,0.0],[1016624.648931374889798,5700058.056174475699663,0.0],[1016441.085596307646483,5700150.030015745200217,0.0],[1016320.520960201858543,5700221.993611414916813,0.0],[1016313.543275476549752,5699991.266353725455701,0.0],[1016292.431966413510963,5699813.943748661316931,0.0]]]}},
{"type":"Feature","properties":{"fid":689,"TIPOLOGIA":"SCAVO","PROVINCIA":"MI","COMUNE":"MILANO","CLUSTER":"3","ROUTE":"4","ENTE":"COMUNE","ENTE 2":"AUTOSTRADE","LUNGHEZZA":65.1,"SPAN":"4_1_1","LOTTO":"3","TRATTA_ID":"TR_0689","ENTE 3":null,"MOTIVO_NO":"Manca autorizz","STATO_AUTORIZZAZIONE":"IN ATTESA","STATO_NULLAOSTA":"NON NECESSARIO","STATO_ORDINANZA":"NON NECESSARIO","PROTOCOLLO_AUT":null,"PRATICA":null,"LAVORABILE":"NO","STATO_LEGENDA":"IN ATTESA","CAMPO AWS":"NOT STARTED"},"geometry":{"type":"MultiLineString","coordinates":[[[1019738.726966878050007,5699973.98932249750942,0.0],[1019669.26394923706539,5699912.378548221662641,0.0]]]}},
{"type":"Feature","properties":{"fid":690,"TIPOLOGIA":"SCAVO","PROVINCIA":"MI","COMUNE":"MILANO","CLUSTER":"3","ROUTE":"4","ENTE":"COMUNE","ENTE 2":null,"LUNGHEZZA":121.97,"SPAN":"4_1_1","LOTTO":"3","TRATTA_ID":"TR_0690","ENTE 3":null,"MOTIVO_NO":"Manca autorizz","STATO_AUTORIZZAZIONE":"IN ATTESA","STATO_NULLAOSTA":"NON NECESSARIO","STATO_ORDINANZA":"NON NECESSARIO","PROTOCOLLO_AUT":null,"PRATICA":null,"LAVORABILE":"NO","STATO_LEGENDA":"IN ATTESA","CAMPO AWS":"NOT STARTED"},"geometry":{"type":"MultiLineString","coordinates":[[[1019871.910355143481866,5700081.987271293066442,0.0],[1019788.152444477542304,5699999.50923767965287,0.0],[1019751.735783093376085,5699985.527487480081618,0.0],[1019738.726966878050007,5699973.98932249750942,0.0]]]}},
{"type":"Feature","properties":{"fid":691,"TIPOLOGIA":"SCAVO","PROVINCIA":"PV","COMUNE":"SIZIANO","CLUSTER":"3","ROUTE":"40","ENTE":"COMUNE","ENTE 2":"TORRENTE","LUNGHEZZA":16.61,"SPAN":"40","LOTTO":"4","TRATTA_ID":"TR_0691","ENTE 3":null,"MOTIVO_NO":"Manca autorizz","STATO_AUTORIZZAZIONE":"IN ATTESA","STATO_NULLAOSTA":"NON NECESSARIO","STATO_ORDINANZA":"NON NECESSARIO","PROTOCOLLO_AUT":null,"PRATICA":null,"LAVORABILE":"NO","STATO_LEGENDA":"IN ATTESA","CAMPO AWS":"NOT STARTED"},"geometry":{"type":"MultiLineString","coordinates":[[[1027795.221591971465386,5672565.721461159177125,0.0],[1027807.368283497053199,5672570.636378243565559,0.0],[1027815.970850470825098,5672576.648563235066831,0.0]]]}},
{"type":"Feature","properties":{"fid":692,"TIPOLOGIA":"NO DIG","PROVINCIA":"PV","COMUNE":"SIZIANO","CLUSTER":"3","ROUTE":"40","ENTE":"COMUNE","ENTE 2":null,"LUNGHEZZA":797.08,"SPAN":"40","LOTTO":"4","TRATTA_ID":"TR_0692","ENTE 3":null,"MOTIVO_NO":"Manca autorizz","STATO_AUTORIZZAZIONE":"IN ATTESA","STATO_NULLAOSTA":"NON NECESSARIO","STATO_ORDINANZA":"NON NECESSARIO","PROTOCOLLO_AUT":null,"PRATICA":null,"LAVORABILE":"NO","STATO_LEGENDA":"IN ATTESA","CAMPO AWS":"NOT STARTED"},"geometry":{"type":"MultiLineString","coordinates":[[[1027815.970850470825098,5672576.648563235066831,0.0],[1027862.803221635404043,5672609.378679377026856,0.0],[1028055.664601490367204,5672747.770181893371046,0.0],[1028248.800824334379286,5672884.566761463880539,0.0],[1028406.837645063525997,5672995.47148871421814,0.0],[1028418.484007320832461,5673005.847500644624233,0.0],[1028420.739242423675023,5673014.861886931583285,0.0],[1028413.877051473013125,5673031.169374154880643,0.0],[1028393.596226855064742,5673065.863215208984911,0.0],[1028379.751009938423522,5673086.174625988118351,0.0],[1028357.912707146257162,5673118.5088423890993,0.0],[1028343.31658347020857,5673137.342980896122754,0.0],[1028325.296010220074095,5673160.494525455869734,0.0],[1028322.458845463581383,5673166.568969688378274,0.0],[1028323.734042368363589,5673173.835155923850834,0.0],[1028330.490408864687197,5673184.877753519453108,0.0],[1028370.659847298520617,5673213.485785152763128,0.0],[1028414.150826377677731,5673247.14158261846751,0.0],[1028428.324910241761245,5673250.770715058781207,0.0],[1028445.315009169280529,5673256.171025169081986,0.0],[1028476.214828349999152,5673262.974328549578786,0.0],[1028488.783050723024644,5673269.223404034040868,0.0]]]}},
{"type":"Feature","properties":{"fid":693,"TIPOLOGIA":"SCAVO","PROVINCIA":"MI","COMUNE":"PIEVE EMANUELE","CLUSTER":"3","ROUTE":"8","ENTE":"PROVINCIA DI MILANO","ENTE 2":"ROGGIA","LUNGHEZZA":18.28,"SPAN":"8_2","LOTTO":"5","TRATTA_ID":"TR_0693","ENTE 3":null,"MOTIVO_NO":"Manca autorizz","STATO_AUTORIZZAZIONE":"IN ATTESA","STATO_NULLAOSTA":"NON NECESSARIO","STATO_ORDINANZA":"NON NECESSARIO","PROTOCOLLO_AUT":null,"PRATICA":null,"LAVORABILE":"NO","STATO_LEGENDA":"IN ATTESA","CAMPO AWS":"NOT STARTED"},"geometry":{"type":"MultiLineString","coordinates":[[[1026406.096403741277754,5673089.730489376932383,0.0],[1026381.288669625646435,5673082.06621359102428,0.0]]]}},
{"type":"Feature","properties":{"fid":694,"TIPOLOGIA":"NO DIG","PROVINCIA":"MI","COMUNE":"PIEVE EMANUELE","CLUSTER":"3","ROUTE":"8","ENTE":"PROVINCIA DI MILANO","ENTE 2":null,"LUNGHEZZA":159.96,"SPAN":"8_2","LOTTO":"5","TRATTA_ID":"TR_0694","ENTE 3":null,"MOTIVO_NO":"Manca autorizz","STATO_AUTORIZZAZIONE":"IN ATTESA","STATO_NULLAOSTA":"NON NECESSARIO","STATO_ORDINANZA":"NON NECESSARIO","PROTOCOLLO_AUT":null,"PRATICA":null,"LAVORABILE":"NO","STATO_LEGENDA":"IN ATTESA","CAMPO AWS":"NOT STARTED"},"geometry":{"type":"MultiLineString","coordinates":[[[1026381.288669625646435,5673082.06621359102428,0.0],[1026338.340880885021761,5673068.797443352639675,0.0],[1026164.731273991172202,5673013.348168689757586,0.0]]]}},
{"type":"Feature","properties":{"fid":695,"TIPOLOGIA":"NO DIG","PROVINCIA":"MI","COMUNE":"SIZIANO","CLUSTER":"2","ROUTE":"30","ENTE":"PROVINCIA DI MILANO","ENTE 2":null,"LUNGHEZZA":471.19,"SPAN":"30","LOTTO":"2B","TRATTA_ID":"TR_0695","ENTE 3":null,"MOTIVO_NO":null,"STATO_AUTORIZZAZIONE":"OTTENUTO","STATO_NULLAOSTA":"NON NECESSARIO","STATO_ORDINANZA":"NON NECESSARIO","PROTOCOLLO_AUT":"2026/03/24","PRATICA":"AUT/8/2B","LAVORABILE":"SI","STATO_LEGENDA":"OTTENUTO","CAMPO AWS":"APPROVAL"},"geometry":{"type":"MultiLineString","coordinates":[[[1025786.175782169448212,5672948.651817587204278,0.0],[1025807.458940696320496,5672891.062094513326883,0.0],[1025577.103593304404058,5672827.338554570451379,0.0],[1025578.381500843330286,5672827.338407961651683,0.0],[1025504.012310350080952,5672816.011150597594678,0.0],[1025439.974202047451399,5672813.854310736991465,0.0],[1025286.251868124934845,5672825.253968056291342,0.0],[1025234.629421832505614,5672827.871734070591629,0.0],[1025212.280293744872324,5672830.212527711875737,0.0]]]}},
{"type":"Feature","properties":{"fid":696,"TIPOLOGIA":"NO DIG","PROVINCIA":"PV","COMUNE":"SIZIANO","CLUSTER":"5","ROUTE":"26","ENTE":"PROVINCIA DI MILANO","ENTE 2":"","LUNGHEZZA":28.74,"SPAN":"26_2","LOTTO":"8","TRATTA_ID":"TR_0696","ENTE 3":null,"MOTIVO_NO":"Manca autorizz","STATO_AUTORIZZAZIONE":"IN REDAZIONE","STATO_NULLAOSTA":"NON NECESSARIO","STATO_ORDINANZA":"NON NECESSARIO","PROTOCOLLO_AUT":null,"PRATICA":"AUT/1/8","LAVORABILE":"NO","STATO_LEGENDA":"IN REDAZIONE","CAMPO AWS":"NOT STARTED"},"geometry":{"type":"MultiLineString","coordinates":[[[1024240.455799843533896,5672922.234688092023134,0.0],[1024249.454552169074304,5672899.082308710552752,0.0],[1024255.868380479863845,5672884.336654282175004,0.0]]]}},
{"type":"Feature","properties":{"fid":697,"TIPOLOGIA":"NO DIG","PROVINCIA":"MI","COMUNE":"ZIBIDO SAN GIACOMO","CLUSTER":"3","ROUTE":"12","ENTE":"COMUNE","ENTE 2":null,"LUNGHEZZA":21.01,"SPAN":"12_1","LOTTO":"6","TRATTA_ID":"TR_0697","ENTE 3":null,"MOTIVO_NO":"Manca autorizz","STATO_AUTORIZZAZIONE":"IN ATTESA","STATO_NULLAOSTA":"NON NECESSARIO","STATO_ORDINANZA":"NON NECESSARIO","PROTOCOLLO_AUT":null,"PRATICA":null,"LAVORABILE":"NO","STATO_LEGENDA":"IN ATTESA","CAMPO AWS":"NOT STARTED"},"geometry":{"type":"MultiLineString","coordinates":[[[1017317.366275898180902,5680298.486597745679319,0.0],[1017298.519334976794198,5680321.717915395274758,0.0]]]}},
{"type":"Feature","properties":{"fid":698,"TIPOLOGIA":"NO DIG","PROVINCIA":"MI","COMUNE":"CORSICO","CLUSTER":"3","ROUTE":"17","ENTE":"COMUNE","ENTE 2":"RIB","LUNGHEZZA":20.59,"SPAN":"17_2","LOTTO":"6","TRATTA_ID":"TR_0698","ENTE 3":null,"MOTIVO_NO":"Manca autorizz","STATO_AUTORIZZAZIONE":"IN ATTESA","STATO_NULLAOSTA":"NON NECESSARIO","STATO_ORDINANZA":"NON NECESSARIO","PROTOCOLLO_AUT":null,"PRATICA":null,"LAVORABILE":"NO","STATO_LEGENDA":"IN ATTESA","CAMPO AWS":"NOT STARTED"},"geometry":{"type":"MultiLineString","coordinates":[[[1015259.76806569180917,5690666.418900025077164,0.0],[1015271.683954266947694,5690639.564616063609719,0.0]]]}},
{"type":"Feature","properties":{"fid":699,"TIPOLOGIA":"NO DIG","PROVINCIA":"MI","COMUNE":"BUCCINASCO","CLUSTER":"3","ROUTE":"17","ENTE":"COMUNE","ENTE 2":"RIB","LUNGHEZZA":12.78,"SPAN":"17_2","LOTTO":"6","TRATTA_ID":"TR_0699","ENTE 3":null,"MOTIVO_NO":"Manca autorizz","STATO_AUTORIZZAZIONE":"IN ATTESA","STATO_NULLAOSTA":"NON NECESSARIO","STATO_ORDINANZA":"NON NECESSARIO","PROTOCOLLO_AUT":null,"PRATICA":null,"LAVORABILE":"NO","STATO_LEGENDA":"IN ATTESA","CAMPO AWS":"NOT STARTED"},"geometry":{"type":"MultiLineString","coordinates":[[[1015271.683954266947694,5690639.564616063609719,0.0],[1015279.080726989428513,5690622.894804841838777,0.0]]]}},
{"type":"Feature","properties":{"fid":700,"TIPOLOGIA":"SCAVO","PROVINCIA":"MI","COMUNE":"BUCCINASCO","CLUSTER":"3","ROUTE":"17","ENTE":"COMUNE","ENTE 2":null,"LUNGHEZZA":35.7,"SPAN":"17_2","LOTTO":"6","TRATTA_ID":"TR_0700","ENTE 3":null,"MOTIVO_NO":"Manca autorizz","STATO_AUTORIZZAZIONE":"IN ATTESA","STATO_NULLAOSTA":"NON NECESSARIO","STATO_ORDINANZA":"NON NECESSARIO","PROTOCOLLO_AUT":null,"PRATICA":null,"LAVORABILE":"NO","STATO_LEGENDA":"IN ATTESA","CAMPO AWS":"NOT STARTED"},"geometry":{"type":"MultiLineString","coordinates":[[[1015279.080726989428513,5690622.894804841838777,0.0],[1015326.379455541493371,5690641.445901990868151,0.0]]]}},
{"type":"Feature","properties":{"fid":701,"TIPOLOGIA":"NO DIG","PROVINCIA":"MI","COMUNE":"MILANO","CLUSTER":"3","ROUTE":"17","ENTE":"COMUNE","ENTE 2":"RFI","LUNGHEZZA":18.83,"SPAN":"17_2","LOTTO":"6","TRATTA_ID":"TR_0701","ENTE 3":null,"MOTIVO_NO":"Manca autorizz","STATO_AUTORIZZAZIONE":"IN ATTESA","STATO_NULLAOSTA":"NON NECESSARIO","STATO_ORDINANZA":"NON NECESSARIO","PROTOCOLLO_AUT":null,"PRATICA":null,"LAVORABILE":"NO","STATO_LEGENDA":"IN ATTESA","CAMPO AWS":"NOT STARTED"},"geometry":{"type":"MultiLineString","coordinates":[[[1015112.613305455073714,5690929.946633532643318,0.0],[1015128.61065330368001,5690908.378764262422919,0.0]]]}},
{"type":"Feature","properties":{"fid":702,"TIPOLOGIA":"NO DIG","PROVINCIA":"MI","COMUNE":"MILANO","CLUSTER":"3","ROUTE":"17","ENTE":"COMUNE","ENTE 2":null,"LUNGHEZZA":101.37,"SPAN":"17_2","LOTTO":"6","TRATTA_ID":"TR_0702","ENTE 3":null,"MOTIVO_NO":"Manca autorizz","STATO_AUTORIZZAZIONE":"IN ATTESA","STATO_NULLAOSTA":"NON NECESSARIO","STATO_ORDINANZA":"NON NECESSARIO","PROTOCOLLO_AUT":null,"PRATICA":null,"LAVORABILE":"NO","STATO_LEGENDA":"IN ATTESA","CAMPO AWS":"NOT STARTED"},"geometry":{"type":"MultiLineString","coordinates":[[[1015026.950896864989772,5691046.351991491392255,0.0],[1015054.596365234581754,5691009.381178356707096,0.0],[1015089.372719838051125,5690961.279803132638335,0.0],[1015112.613305455073714,5690929.946633532643318,0.0]]]}},
{"type":"Feature","properties":{"fid":703,"TIPOLOGIA":"SCAVO","PROVINCIA":"MI","COMUNE":"MILANO","CLUSTER":"4","ROUTE":"24","ENTE":"COMUNE","ENTE 2":"RIP","LUNGHEZZA":37.58,"SPAN":"24","LOTTO":"6","TRATTA_ID":"TR_0703","ENTE 3":null,"MOTIVO_NO":"Manca autorizz","STATO_AUTORIZZAZIONE":"IN ATTESA","STATO_NULLAOSTA":"NON NECESSARIO","STATO_ORDINANZA":"NON NECESSARIO","PROTOCOLLO_AUT":null,"PRATICA":null,"LAVORABILE":"NO","STATO_LEGENDA":"IN ATTESA","CAMPO AWS":"NOT STARTED"},"geometry":{"type":"MultiLineString","coordinates":[[[1014992.481090671615675,5691716.134192482568324,0.0],[1014986.722254260792397,5691713.046461689285934,0.0],[1014946.042783180950209,5691689.53687577880919,0.0]]]}},
{"type":"Feature","properties":{"fid":704,"TIPOLOGIA":"SCAVO","PROVINCIA":"MI","COMUNE":"MILANO","CLUSTER":"4","ROUTE":"24","ENTE":"COMUNE","ENTE 2":null,"LUNGHEZZA":149.17,"SPAN":"24","LOTTO":"6","TRATTA_ID":"TR_0704","ENTE 3":null,"MOTIVO_NO":"Manca autorizz","STATO_AUTORIZZAZIONE":"IN ATTESA","STATO_NULLAOSTA":"NON NECESSARIO","STATO_ORDINANZA":"NON NECESSARIO","PROTOCOLLO_AUT":null,"PRATICA":null,"LAVORABILE":"NO","STATO_LEGENDA":"IN ATTESA","CAMPO AWS":"NOT STARTED"},"geometry":{"type":"MultiLineString","coordinates":[[[1014946.042783180950209,5691689.53687577880919,0.0],[1014909.817222262150608,5691668.601096779108047,0.0],[1014847.593016123631969,5691631.064473596401513,0.0],[1014768.606119519798085,5691573.134845301508904,0.0]]]}},
{"type":"Feature","properties":{"fid":705,"TIPOLOGIA":"SCAVO","PROVINCIA":"MI","COMUNE":"CORSICO","CLUSTER":"3","ROUTE":"17","ENTE":"COMUNE","ENTE 2":null,"LUNGHEZZA":392.83,"SPAN":"17_1","LOTTO":"6","TRATTA_ID":"TR_0705","ENTE 3":null,"MOTIVO_NO":"Manca autorizz","STATO_AUTORIZZAZIONE":"IN ATTESA","STATO_NULLAOSTA":"NON NECESSARIO","STATO_ORDINANZA":"NON NECESSARIO","PROTOCOLLO_AUT":null,"PRATICA":null,"LAVORABILE":"NO","STATO_LEGENDA":"IN ATTESA","CAMPO AWS":"NOT STARTED"},"geometry":{"type":"MultiLineString","coordinates":[[[1013294.020721111097373,5691281.534393579699099,0.0],[1013361.768914905376732,5691165.997208038344979,0.0],[1013425.082889068755321,5691063.246320290490985,0.0],[1013474.902322612819262,5690978.140516337938607,0.0],[1013562.083325292100199,5690790.287374486215413,0.0]]]}},
{"type":"Feature","properties":{"fid":706,"TIPOLOGIA":"SCAVO","PROVINCIA":"MI","COMUNE":"CESANO BOSCONE","CLUSTER":"3","ROUTE":"17","ENTE":"COMUNE","ENTE 2":null,"LUNGHEZZA":954.38,"SPAN":"17_1","LOTTO":"6","TRATTA_ID":"TR_0706","ENTE 3":null,"MOTIVO_NO":"Manca autorizz","STATO_AUTORIZZAZIONE":"IN ATTESA","STATO_NULLAOSTA":"NON NECESSARIO","STATO_ORDINANZA":"NON NECESSARIO","PROTOCOLLO_AUT":null,"PRATICA":null,"LAVORABILE":"NO","STATO_LEGENDA":"IN ATTESA","CAMPO AWS":"NOT STARTED"},"geometry":{"type":"MultiLineString","coordinates":[[[1012676.845732010668144,5692488.390737710520625,0.0],[1012686.29641754727345,5692474.441433595493436,0.0],[1012790.783524343394674,5692318.435882064513862,0.0],[1012810.931007209699601,5692271.325992156751454,0.0],[1012883.459629757795483,5692070.380476034246385,0.0],[1012959.16269844037015,5691889.721626132726669,0.0],[1013034.463969676406123,5691708.055025387555361,0.0],[1013089.079072287771851,5691629.505159209482372,0.0],[1013132.060999361914583,5691558.614959745667875,0.0],[1013294.020721111097373,5691281.534393579699099,0.0]]]}},
{"type":"Feature","properties":{"fid":707,"TIPOLOGIA":"SCAVO","PROVINCIA":"MI","COMUNE":"MILANO","CLUSTER":"3","ROUTE":"17","ENTE":"COMUNE","ENTE 2":null,"LUNGHEZZA":1736.64,"SPAN":"17_1","LOTTO":"6","TRATTA_ID":"TR_0707","ENTE 3":null,"MOTIVO_NO":"Manca autorizz","STATO_AUTORIZZAZIONE":"IN ATTESA","STATO_NULLAOSTA":"NON NECESSARIO","STATO_ORDINANZA":"NON NECESSARIO","PROTOCOLLO_AUT":null,"PRATICA":null,"LAVORABILE":"NO","STATO_LEGENDA":"IN ATTESA","CAMPO AWS":"NOT STARTED"},"geometry":{"type":"MultiLineString","coordinates":[[[1011498.952550291432999,5694590.88571276795119,0.0],[1011721.438074620673433,5694120.519386632367969,0.0],[1011822.830850039958023,5693942.342078235000372,0.0],[1011833.899684767005965,5693921.988281096331775,0.0],[1011851.748741556541063,5693921.985625601373613,0.0],[1011871.915932267904282,5693926.764094388112426,0.0],[1011882.5450958738802,5693933.943077080883086,0.0],[1012019.063680406776257,5693597.945836082100868,0.0],[1012057.486864799866453,5693508.325705534778535,0.0],[1012063.803964124526829,5693435.285166087560356,0.0],[1012071.018978217267431,5693390.841760727576911,0.0],[1012093.791707412688993,5693322.922212188132107,0.0],[1012193.782215667888522,5693129.22750513907522,0.0],[1012246.050584295997396,5693025.59834230132401,0.0],[1012265.161140254931524,5692999.252830521203578,0.0],[1012305.515277914237231,5692928.052330092526972,0.0],[1012329.983575675520115,5692910.131842648610473,0.0],[1012413.781246243510395,5692836.402900200337172,0.0],[1012476.316048849723302,5692772.826432965695858,0.0],[1012520.730829077307135,5692713.425691661424935,0.0],[1012605.526313507230952,5692593.657871164381504,0.0],[1012676.845732010668144,5692488.390737710520625,0.0]]]}},
{"type":"Feature","properties":{"fid":708,"TIPOLOGIA":"NO DIG","PROVINCIA":"BG","COMUNE":"STEZZANO","CLUSTER":"3","ROUTE":"6","ENTE":"PROVINCIA DI BERGAMO","ENTE 2":null,"LUNGHEZZA":307.98,"SPAN":"6_2","LOTTO":"1","TRATTA_ID":"TR_0708","ENTE 3":null,"MOTIVO_NO":"Manca autorizz","STATO_AUTORIZZAZIONE":"IN ATTESA","STATO_NULLAOSTA":"NON NECESSARIO","STATO_ORDINANZA":"NON NECESSARIO","PROTOCOLLO_AUT":null,"PRATICA":null,"LAVORABILE":"NO","STATO_LEGENDA":"IN ATTESA","CAMPO AWS":"NOT STARTED"},"geometry":{"type":"MultiLineString","coordinates":[[[1073385.042282506125048,5721610.123189887963235,0.0],[1073213.781361266272143,5721203.849526808597147,0.0]]]}},
{"type":"Feature","properties":{"fid":709,"TIPOLOGIA":"NO DIG","PROVINCIA":"BG","COMUNE":"LEVATE","CLUSTER":"3","ROUTE":"6","ENTE":"PROVINCIA DI BERGAMO","ENTE 2":null,"LUNGHEZZA":135.57,"SPAN":"6_2","LOTTO":"4","TRATTA_ID":"TR_0709","ENTE 3":null,"MOTIVO_NO":"Manca autorizz","STATO_AUTORIZZAZIONE":"IN ATTESA","STATO_NULLAOSTA":"NON NECESSARIO","STATO_ORDINANZA":"NON NECESSARIO","PROTOCOLLO_AUT":null,"PRATICA":null,"LAVORABILE":"NO","STATO_LEGENDA":"IN ATTESA","CAMPO AWS":"NOT STARTED"},"geometry":{"type":"MultiLineString","coordinates":[[[1072490.911650939844549,5719460.909117946401238,0.0],[1072416.354632294271141,5719281.771178089082241,0.0]]]}},
{"type":"Feature","properties":{"fid":710,"TIPOLOGIA":"SCAVO","PROVINCIA":"BG","COMUNE":"VERDELLO","CLUSTER":"3","ROUTE":"6","ENTE":"PROVINCIA DI BERGAMO","ENTE 2":null,"LUNGHEZZA":759.85,"SPAN":"6_2","LOTTO":"4","TRATTA_ID":"TR_0710","ENTE 3":null,"MOTIVO_NO":"Manca autorizz","STATO_AUTORIZZAZIONE":"IN ATTESA","STATO_NULLAOSTA":"NON NECESSARIO","STATO_ORDINANZA":"NON NECESSARIO","PROTOCOLLO_AUT":null,"PRATICA":null,"LAVORABILE":"NO","STATO_LEGENDA":"IN ATTESA","CAMPO AWS":"NOT STARTED"},"geometry":{"type":"MultiLineString","coordinates":[[[1071257.122043315088376,5716017.23741627857089,0.0],[1071254.151053603272885,5715994.577777897007763,0.0],[1071240.485545937903225,5715991.964901583269238,0.0],[1070949.401385513367131,5714982.549345697276294,0.0]]]}},
{"type":"Feature","properties":{"fid":711,"TIPOLOGIA":"SCAVO","PROVINCIA":"BG","COMUNE":"TREVIGLIO","CLUSTER":"3","ROUTE":"6","ENTE":"COMUNE","ENTE 2":null,"LUNGHEZZA":1166.46,"SPAN":"6_2","LOTTO":"4","TRATTA_ID":"TR_0711","ENTE 3":null,"MOTIVO_NO":"Manca autorizz","STATO_AUTORIZZAZIONE":"IN ATTESA","STATO_NULLAOSTA":"NON NECESSARIO","STATO_ORDINANZA":"NON NECESSARIO","PROTOCOLLO_AUT":null,"PRATICA":null,"LAVORABILE":"NO","STATO_LEGENDA":"IN ATTESA","CAMPO AWS":"NOT STARTED"},"geometry":{"type":"MultiLineString","coordinates":[[[1068330.331636810442433,5705589.737652816809714,0.0],[1068305.3549689585343,5705593.321280180476606,0.0],[1068201.333831999218091,5705199.292525162920356,0.0],[1068168.738500012317672,5705173.231032335199416,0.0],[1068124.477743391646072,5705153.610524503514171,0.0],[1068074.741610077908263,5705145.853455768898129,0.0],[1068055.543344859965146,5705152.690027359873056,0.0],[1068042.98295372677967,5705155.140992034226656,0.0],[1068027.665378417354077,5705153.303051645867527,0.0],[1068016.636679607210681,5705143.193581249564886,0.0],[1067986.614302551141009,5705130.633425271138549,0.0],[1067783.956272520357743,5705086.823936775326729,0.0],[1067747.500788769451901,5705085.597733448259532,0.0],[1067734.63404957135208,5705089.273594328202307,0.0],[1067721.461016604676843,5705089.579586105421185,0.0],[1067706.12887842906639,5705084.712588390335441,0.0],[1067695.421643508132547,5705074.261282978579402,0.0],[1067681.621508088428527,5705069.394506677053869,0.0],[1067522.93462254316546,5705035.690089403651655,0.0],[1067255.810392817016691,5704982.062760783359408,0.0],[1067088.65377360349521,5704946.512219616211951,0.0],[1067044.990818174090236,5704936.424469768069685,0.0],[1067018.058788458118215,5704928.846857331693172,0.0]]]}},
{"type":"Feature","properties":{"fid":712,"TIPOLOGIA":"NO DIG","PROVINCIA":"BG","COMUNE":"TREVIGLIO","CLUSTER":"3","ROUTE":"6","ENTE":"COMUNE","ENTE 2":"RFI","LUNGHEZZA":27.51,"SPAN":"6_2","LOTTO":"4","TRATTA_ID":"TR_0712","ENTE 3":null,"MOTIVO_NO":"Manca autorizz","STATO_AUTORIZZAZIONE":"IN ATTESA","STATO_NULLAOSTA":"NON NECESSARIO","STATO_ORDINANZA":"NON NECESSARIO","PROTOCOLLO_AUT":null,"PRATICA":null,"LAVORABILE":"NO","STATO_LEGENDA":"IN ATTESA","CAMPO AWS":"NOT STARTED"},"geometry":{"type":"MultiLineString","coordinates":[[[1066736.888289066264406,5704804.867652903310955,0.0],[1066703.554099293192849,5704784.177254226058722,0.0]]]}},
{"type":"Feature","properties":{"fid":713,"TIPOLOGIA":"NO DIG","PROVINCIA":"BG","COMUNE":"TREVIGLIO","CLUSTER":"3","ROUTE":"6","ENTE":"COMUNE","ENTE 2":null,"LUNGHEZZA":217.07,"SPAN":"6_2","LOTTO":"4","TRATTA_ID":"TR_0713","ENTE 3":null,"MOTIVO_NO":"Manca autorizz","STATO_AUTORIZZAZIONE":"IN ATTESA","STATO_NULLAOSTA":"NON NECESSARIO","STATO_ORDINANZA":"NON NECESSARIO","PROTOCOLLO_AUT":null,"PRATICA":null,"LAVORABILE":"NO","STATO_LEGENDA":"IN ATTESA","CAMPO AWS":"NOT STARTED"},"geometry":{"type":"MultiLineString","coordinates":[[[1067018.058788458118215,5704928.846857331693172,0.0],[1066909.517359632300213,5704899.495164897292852,0.0],[1066804.558677248423919,5704846.869859297759831,0.0],[1066736.888289066264406,5704804.867652903310955,0.0]]]}},
{"type":"Feature","properties":{"fid":714,"TIPOLOGIA":"SCAVO","PROVINCIA":"BG","COMUNE":"TREVIGLIO","CLUSTER":"3","ROUTE":"6","ENTE":"ANAS","ENTE 2":"RIB","LUNGHEZZA":72.09,"SPAN":"6_2","LOTTO":"4","TRATTA_ID":"TR_0714","ENTE 3":null,"MOTIVO_NO":"Manca autorizz","STATO_AUTORIZZAZIONE":"IN ATTESA","STATO_NULLAOSTA":"NON NECESSARIO","STATO_ORDINANZA":"NON NECESSARIO","PROTOCOLLO_AUT":null,"PRATICA":null,"LAVORABILE":"NO","STATO_LEGENDA":"IN ATTESA","CAMPO AWS":"NOT STARTED"},"geometry":{"type":"MultiLineString","coordinates":[[[1065309.233426094288006,5704223.379733801819384,0.0],[1065206.961297884816304,5704232.920846682041883,0.0]]]}},
{"type":"Feature","properties":{"fid":715,"TIPOLOGIA":"NO DIG","PROVINCIA":"MI","COMUNE":"CASSANO D'ADDA","CLUSTER":"3","ROUTE":"6","ENTE":"ANAS","ENTE 2":null,"LUNGHEZZA":1278.06,"SPAN":"6_2","LOTTO":"4","TRATTA_ID":"TR_0715","ENTE 3":null,"MOTIVO_NO":"Manca autorizz","STATO_AUTORIZZAZIONE":"IN ATTESA","STATO_NULLAOSTA":"NON NECESSARIO","STATO_ORDINANZA":"NON NECESSARIO","PROTOCOLLO_AUT":null,"PRATICA":null,"LAVORABILE":"NO","STATO_LEGENDA":"IN ATTESA","CAMPO AWS":"NOT STARTED"},"geometry":{"type":"MultiLineString","coordinates":[[[1063134.922025930369273,5704425.301238252781332,0.0],[1062736.775626274757087,5704460.49086456745863,0.0],[1062015.704198633087799,5704527.671063667163253,0.0],[1061874.864779112162068,5704539.240914550609887,0.0],[1061555.94373257830739,5704571.85503233410418,0.0],[1061321.793193083489314,5704595.888689250685275,0.0]]]}},
{"type":"Feature","properties":{"fid":716,"TIPOLOGIA":"SCAVO","PROVINCIA":"MI","COMUNE":"CASSANO D'ADDA","CLUSTER":"3","ROUTE":"6","ENTE":"PROVINCIA DI CREMONA","ENTE 2":"RIM","LUNGHEZZA":22.43,"SPAN":"6_2","LOTTO":"4","TRATTA_ID":"TR_0716","ENTE 3":null,"MOTIVO_NO":"Manca autorizz","STATO_AUTORIZZAZIONE":"IN ATTESA","STATO_NULLAOSTA":"NON NECESSARIO","STATO_ORDINANZA":"NON NECESSARIO","PROTOCOLLO_AUT":null,"PRATICA":null,"LAVORABILE":"NO","STATO_LEGENDA":"IN ATTESA","CAMPO AWS":"NOT STARTED"},"geometry":{"type":"MultiLineString","coordinates":[[[1059996.88255136506632,5702523.809085860848427,0.0],[1059991.178040718892589,5702492.268863571807742,0.0]]]}},
{"type":"Feature","properties":{"fid":717,"TIPOLOGIA":"NO DIG","PROVINCIA":"MI","COMUNE":"CASSANO D'ADDA","CLUSTER":"3","ROUTE":"6","ENTE":"PROVINCIA DI CREMONA","ENTE 2":"RFI","LUNGHEZZA":23.65,"SPAN":"6_2","LOTTO":"4","TRATTA_ID":"TR_0717","ENTE 3":null,"MOTIVO_NO":"Manca autorizz","STATO_AUTORIZZAZIONE":"IN ATTESA","STATO_NULLAOSTA":"NON NECESSARIO","STATO_ORDINANZA":"NON NECESSARIO","PROTOCOLLO_AUT":null,"PRATICA":null,"LAVORABILE":"NO","STATO_LEGENDA":"IN ATTESA","CAMPO AWS":"NOT STARTED"},"geometry":{"type":"MultiLineString","coordinates":[[[1059991.178040718892589,5702492.268863571807742,0.0],[1059985.163288929965347,5702459.013189760036767,0.0]]]}},
{"type":"Feature","properties":{"fid":718,"TIPOLOGIA":"NO DIG","PROVINCIA":"MI","COMUNE":"CASSANO D'ADDA","CLUSTER":"3","ROUTE":"6","ENTE":"PROVINCIA DI CREMONA","ENTE 2":null,"LUNGHEZZA":123.8,"SPAN":"6_2","LOTTO":"4","TRATTA_ID":"TR_0718","ENTE 3":null,"MOTIVO_NO":"Manca autorizz","STATO_AUTORIZZAZIONE":"IN ATTESA","STATO_NULLAOSTA":"NON NECESSARIO","STATO_ORDINANZA":"NON NECESSARIO","PROTOCOLLO_AUT":null,"PRATICA":null,"LAVORABILE":"NO","STATO_LEGENDA":"IN ATTESA","CAMPO AWS":"NOT STARTED"},"geometry":{"type":"MultiLineString","coordinates":[[[1059985.163288929965347,5702459.013189760036767,0.0],[1059981.707910245750099,5702439.908277185633779,0.0],[1059941.614573735045269,5702289.029936661012471,0.0],[1059941.137695498531684,5702287.740124232135713,0.0]]]}},
{"type":"Feature","properties":{"fid":719,"TIPOLOGIA":"SCAVO","PROVINCIA":"CR","COMUNE":"RIVOLTA D'ADDA","CLUSTER":"3","ROUTE":"6","ENTE":"PROVINCIA DI CREMONA","ENTE 2":"RIM","LUNGHEZZA":22.97,"SPAN":"6_2","LOTTO":"4","TRATTA_ID":"TR_0719","ENTE 3":null,"MOTIVO_NO":"Manca autorizz","STATO_AUTORIZZAZIONE":"IN ATTESA","STATO_NULLAOSTA":"NON NECESSARIO","STATO_ORDINANZA":"NON NECESSARIO","PROTOCOLLO_AUT":null,"PRATICA":null,"LAVORABILE":"NO","STATO_LEGENDA":"IN ATTESA","CAMPO AWS":"NOT STARTED"},"geometry":{"type":"MultiLineString","coordinates":[[[1059673.11061769654043,5696736.098530158400536,0.0],[1059640.605840984033421,5696732.541018854826689,0.0]]]}},
{"type":"Feature","properties":{"fid":720,"TIPOLOGIA":"NO DIG","PROVINCIA":"CR","COMUNE":"RIVOLTA D'ADDA","CLUSTER":"3","ROUTE":"6","ENTE":"PROVINCIA DI CREMONA","ENTE 2":null,"LUNGHEZZA":160.33,"SPAN":"6_2","LOTTO":"4","TRATTA_ID":"TR_0720","ENTE 3":null,"MOTIVO_NO":"Manca autorizz","STATO_AUTORIZZAZIONE":"IN ATTESA","STATO_NULLAOSTA":"NON NECESSARIO","STATO_ORDINANZA":"NON NECESSARIO","PROTOCOLLO_AUT":null,"PRATICA":null,"LAVORABILE":"NO","STATO_LEGENDA":"IN ATTESA","CAMPO AWS":"NOT STARTED"},"geometry":{"type":"MultiLineString","coordinates":[[[1060000.956256705569103,5696771.973149557597935,0.0],[1059774.041993144899607,5696747.144280504435301,0.0]]]}},
{"type":"Feature","properties":{"fid":721,"TIPOLOGIA":"SCAVO","PROVINCIA":"CR","COMUNE":"RIVOLTA D'ADDA","CLUSTER":"3","ROUTE":"6","ENTE":"PROVINCIA DI CREMONA","ENTE 2":"RIM","LUNGHEZZA":35.28,"SPAN":"6_2","LOTTO":"4","TRATTA_ID":"TR_0721","ENTE 3":null,"MOTIVO_NO":"Manca autorizz","STATO_AUTORIZZAZIONE":"IN ATTESA","STATO_NULLAOSTA":"NON NECESSARIO","STATO_ORDINANZA":"NON NECESSARIO","PROTOCOLLO_AUT":null,"PRATICA":null,"LAVORABILE":"NO","STATO_LEGENDA":"IN ATTESA","CAMPO AWS":"NOT STARTED"},"geometry":{"type":"MultiLineString","coordinates":[[[1060046.968642263673246,5697319.325080246664584,0.0],[1060043.216627686051652,5697269.074406637810171,0.0]]]}},
{"type":"Feature","properties":{"fid":722,"TIPOLOGIA":"NO DIG","PROVINCIA":"CR","COMUNE":"RIVOLTA D'ADDA","CLUSTER":"3","ROUTE":"6","ENTE":"PROVINCIA DI CREMONA","ENTE 2":null,"LUNGHEZZA":349.28,"SPAN":"6_2","LOTTO":"4","TRATTA_ID":"TR_0722","ENTE 3":null,"MOTIVO_NO":"Manca autorizz","STATO_AUTORIZZAZIONE":"IN ATTESA","STATO_NULLAOSTA":"NON NECESSARIO","STATO_ORDINANZA":"NON NECESSARIO","PROTOCOLLO_AUT":null,"PRATICA":null,"LAVORABILE":"NO","STATO_LEGENDA":"IN ATTESA","CAMPO AWS":"NOT STARTED"},"geometry":{"type":"MultiLineString","coordinates":[[[1060043.216627686051652,5697269.074406637810171,0.0],[1060026.988148292759433,5697051.723076990805566,0.0],[1060000.956256705569103,5696771.973149557597935,0.0]]]}},
{"type":"Feature","properties":{"fid":723,"TIPOLOGIA":"NO DIG","PROVINCIA":"CR","COMUNE":"RIVOLTA D'ADDA","CLUSTER":"3","ROUTE":"6","ENTE":"PROVINCIA DI CREMONA","ENTE 2":"RIM","LUNGHEZZA":30.63,"SPAN":"6_2","LOTTO":"4","TRATTA_ID":"TR_0723","ENTE 3":null,"MOTIVO_NO":"Manca autorizz","STATO_AUTORIZZAZIONE":"IN ATTESA","STATO_NULLAOSTA":"NON NECESSARIO","STATO_ORDINANZA":"NON NECESSARIO","PROTOCOLLO_AUT":null,"PRATICA":null,"LAVORABILE":"NO","STATO_LEGENDA":"IN ATTESA","CAMPO AWS":"NOT STARTED"},"geometry":{"type":"MultiLineString","coordinates":[[[1060058.606046190718189,5698147.113861771300435,0.0],[1060060.607859486015514,5698103.401446330361068,0.0]]]}},
{"type":"Feature","properties":{"fid":724,"TIPOLOGIA":"NO DIG","PROVINCIA":"CR","COMUNE":"RIVOLTA D'ADDA","CLUSTER":"3","ROUTE":"6","ENTE":"PROVINCIA DI CREMONA","ENTE 2":null,"LUNGHEZZA":550.02,"SPAN":"6_2","LOTTO":"4","TRATTA_ID":"TR_0724","ENTE 3":null,"MOTIVO_NO":"Manca autorizz","STATO_AUTORIZZAZIONE":"IN ATTESA","STATO_NULLAOSTA":"NON NECESSARIO","STATO_ORDINANZA":"NON NECESSARIO","PROTOCOLLO_AUT":null,"PRATICA":null,"LAVORABILE":"NO","STATO_LEGENDA":"IN ATTESA","CAMPO AWS":"NOT STARTED"},"geometry":{"type":"MultiLineString","coordinates":[[[1060060.607859486015514,5698103.401446330361068,0.0],[1060072.421163437655196,5697845.437523184344172,0.0],[1060075.53887580242008,5697622.803528232499957,0.0],[1060048.509755365317687,5697339.965094928629696,0.0],[1060046.968642263673246,5697319.325080246664584,0.0]]]}},
{"type":"Feature","properties":{"fid":725,"TIPOLOGIA":"SCAVO","PROVINCIA":"CR","COMUNE":"RIVOLTA D'ADDA","CLUSTER":"3","ROUTE":"6","ENTE":"PROVINCIA DI CREMONA","ENTE 2":null,"LUNGHEZZA":31.66,"SPAN":"6_2","LOTTO":"4","TRATTA_ID":"TR_0725","ENTE 3":null,"MOTIVO_NO":"Manca autorizz","STATO_AUTORIZZAZIONE":"IN ATTESA","STATO_NULLAOSTA":"NON NECESSARIO","STATO_ORDINANZA":"NON NECESSARIO","PROTOCOLLO_AUT":null,"PRATICA":null,"LAVORABILE":"NO","STATO_LEGENDA":"IN ATTESA","CAMPO AWS":"NOT STARTED"},"geometry":{"type":"MultiLineString","coordinates":[[[1060046.679175914032385,5698452.69055185187608,0.0],[1060048.375816277461126,5698407.488602911122143,0.0]]]}},
{"type":"Feature","properties":{"fid":726,"TIPOLOGIA":"NO DIG","PROVINCIA":"CR","COMUNE":"RIVOLTA D'ADDA","CLUSTER":"3","ROUTE":"6","ENTE":"PROVINCIA DI CREMONA","ENTE 2":null,"LUNGHEZZA":182.4,"SPAN":"6_2","LOTTO":"4","TRATTA_ID":"TR_0726","ENTE 3":null,"MOTIVO_NO":"Manca autorizz","STATO_AUTORIZZAZIONE":"IN ATTESA","STATO_NULLAOSTA":"NON NECESSARIO","STATO_ORDINANZA":"NON NECESSARIO","PROTOCOLLO_AUT":null,"PRATICA":null,"LAVORABILE":"NO","STATO_LEGENDA":"IN ATTESA","CAMPO AWS":"NOT STARTED"},"geometry":{"type":"MultiLineString","coordinates":[[[1060048.375816277461126,5698407.488602911122143,0.0],[1060056.071199228288606,5698202.465552656911314,0.0],[1060058.606046190718189,5698147.113861771300435,0.0]]]}},
{"type":"Feature","properties":{"fid":727,"TIPOLOGIA":"SCAVO","PROVINCIA":"CR","COMUNE":"RIVOLTA D'ADDA","CLUSTER":"3","ROUTE":"6","ENTE":"PROVINCIA DI MILANO","ENTE 2":"RIM","LUNGHEZZA":42.07,"SPAN":"6_2","LOTTO":"4","TRATTA_ID":"TR_0727","ENTE 3":null,"MOTIVO_NO":"Manca autorizz","STATO_AUTORIZZAZIONE":"IN ATTESA","STATO_NULLAOSTA":"NON NECESSARIO","STATO_ORDINANZA":"NON NECESSARIO","PROTOCOLLO_AUT":null,"PRATICA":null,"LAVORABILE":"NO","STATO_LEGENDA":"IN ATTESA","CAMPO AWS":"NOT STARTED"},"geometry":{"type":"MultiLineString","coordinates":[[[1058691.358635260490701,5696636.439627236686647,0.0],[1058631.788001698208973,5696630.160632664337754,0.0]]]}},
{"type":"Feature","properties":{"fid":728,"TIPOLOGIA":"NO DIG","PROVINCIA":"CR","COMUNE":"RIVOLTA D'ADDA","CLUSTER":"3","ROUTE":"6","ENTE":"PROVINCIA DI CREMONA","ENTE 2":null,"LUNGHEZZA":463.38,"SPAN":"6_2","LOTTO":"4","TRATTA_ID":"TR_0728","ENTE 3":null,"MOTIVO_NO":"Manca autorizz","STATO_AUTORIZZAZIONE":"IN ATTESA","STATO_NULLAOSTA":"NON NECESSARIO","STATO_ORDINANZA":"NON NECESSARIO","PROTOCOLLO_AUT":null,"PRATICA":null,"LAVORABILE":"NO","STATO_LEGENDA":"IN ATTESA","CAMPO AWS":"NOT STARTED"},"geometry":{"type":"MultiLineString","coordinates":[[[1059640.605840984033421,5696732.541018854826689,0.0],[1059559.863546077860519,5696723.703594502992928,0.0],[1059121.126464222325012,5696679.499232984147966,0.0],[1058984.222629655152559,5696666.288853394798934,0.0]]]}},
{"type":"Feature","properties":{"fid":729,"TIPOLOGIA":"SCAVO","PROVINCIA":"CR","COMUNE":"RIVOLTA D'ADDA","CLUSTER":"3","ROUTE":"6","ENTE":"PROVINCIA DI MILANO","ENTE 2":"RIM","LUNGHEZZA":30.65,"SPAN":"6_2","LOTTO":"4","TRATTA_ID":"TR_0729","ENTE 3":null,"MOTIVO_NO":"Manca autorizz","STATO_AUTORIZZAZIONE":"IN ATTESA","STATO_NULLAOSTA":"NON NECESSARIO","STATO_ORDINANZA":"NON NECESSARIO","PROTOCOLLO_AUT":null,"PRATICA":null,"LAVORABILE":"NO","STATO_LEGENDA":"IN ATTESA","CAMPO AWS":"NOT STARTED"},"geometry":{"type":"MultiLineString","coordinates":[[[1058283.315688975621015,5696595.504125481471419,0.0],[1058256.305989215150476,5696592.945660341531038,0.0],[1058239.813597925007343,5696592.25202592369169,0.0]]]}},
{"type":"Feature","properties":{"fid":730,"TIPOLOGIA":"NO DIG","PROVINCIA":"CR","COMUNE":"RIVOLTA D'ADDA","CLUSTER":"3","ROUTE":"6","ENTE":"PROVINCIA DI MILANO","ENTE 2":null,"LUNGHEZZA":140.16,"SPAN":"6_2","LOTTO":"4","TRATTA_ID":"TR_0730","ENTE 3":null,"MOTIVO_NO":"Manca autorizz","STATO_AUTORIZZAZIONE":"IN ATTESA","STATO_NULLAOSTA":"NON NECESSARIO","STATO_ORDINANZA":"NON NECESSARIO","PROTOCOLLO_AUT":null,"PRATICA":null,"LAVORABILE":"NO","STATO_LEGENDA":"IN ATTESA","CAMPO AWS":"NOT STARTED"},"geometry":{"type":"MultiLineString","coordinates":[[[1058631.788001698208973,5696630.160632664337754,0.0],[1058477.447628210298717,5696613.890636933967471,0.0],[1058433.296985792927444,5696609.709441813640296,0.0]]]}},
{"type":"Feature","properties":{"fid":731,"TIPOLOGIA":"SCAVO","PROVINCIA":"CR","COMUNE":"RIVOLTA D'ADDA","CLUSTER":"3","ROUTE":"6","ENTE":"PROVINCIA DI MILANO","ENTE 2":"RIM","LUNGHEZZA":25.24,"SPAN":"6_2","LOTTO":"4","TRATTA_ID":"TR_0731","ENTE 3":null,"MOTIVO_NO":"Manca autorizz","STATO_AUTORIZZAZIONE":"IN ATTESA","STATO_NULLAOSTA":"NON NECESSARIO","STATO_ORDINANZA":"NON NECESSARIO","PROTOCOLLO_AUT":null,"PRATICA":null,"LAVORABILE":"NO","STATO_LEGENDA":"IN ATTESA","CAMPO AWS":"NOT STARTED"},"geometry":{"type":"MultiLineString","coordinates":[[[1058126.119838213082403,5696601.557190201245248,0.0],[1058090.907865922665223,5696608.728762317448854,0.0]]]}},
{"type":"Feature","properties":{"fid":732,"TIPOLOGIA":"NO DIG","PROVINCIA":"CR","COMUNE":"RIVOLTA D'ADDA","CLUSTER":"3","ROUTE":"6","ENTE":"PROVINCIA DI MILANO","ENTE 2":null,"LUNGHEZZA":80.72,"SPAN":"6_2","LOTTO":"4","TRATTA_ID":"TR_0732","ENTE 3":null,"MOTIVO_NO":"Manca autorizz","STATO_AUTORIZZAZIONE":"IN ATTESA","STATO_NULLAOSTA":"NON NECESSARIO","STATO_ORDINANZA":"NON NECESSARIO","PROTOCOLLO_AUT":null,"PRATICA":null,"LAVORABILE":"NO","STATO_LEGENDA":"IN ATTESA","CAMPO AWS":"NOT STARTED"},"geometry":{"type":"MultiLineString","coordinates":[[[1058239.813597925007343,5696592.25202592369169,0.0],[1058183.447008078219369,5696589.881137923337519,0.0],[1058126.119838213082403,5696601.557190201245248,0.0]]]}},
{"type":"Feature","properties":{"fid":733,"TIPOLOGIA":"NO DIG","PROVINCIA":"CR","COMUNE":"RIVOLTA D'ADDA","CLUSTER":"3","ROUTE":"6","ENTE":"PROVINCIA DI MILANO","ENTE 2":"RIM","LUNGHEZZA":22.01,"SPAN":"6_2","LOTTO":"4","TRATTA_ID":"TR_0733","ENTE 3":null,"MOTIVO_NO":"Manca autorizz","STATO_AUTORIZZAZIONE":"IN ATTESA","STATO_NULLAOSTA":"NON NECESSARIO","STATO_ORDINANZA":"NON NECESSARIO","PROTOCOLLO_AUT":null,"PRATICA":null,"LAVORABILE":"NO","STATO_LEGENDA":"IN ATTESA","CAMPO AWS":"NOT STARTED"},"geometry":{"type":"MultiLineString","coordinates":[[[1058433.296985792927444,5696609.709441813640296,0.0],[1058402.098850693088025,5696606.754753985442221,0.0]]]}},
{"type":"Feature","properties":{"fid":734,"TIPOLOGIA":"NO DIG","PROVINCIA":"CR","COMUNE":"RIVOLTA D'ADDA","CLUSTER":"3","ROUTE":"6","ENTE":"PROVINCIA DI MILANO","ENTE 2":null,"LUNGHEZZA":83.81,"SPAN":"6_2","LOTTO":"4","TRATTA_ID":"TR_0734","ENTE 3":null,"MOTIVO_NO":"Manca autorizz","STATO_AUTORIZZAZIONE":"IN ATTESA","STATO_NULLAOSTA":"NON NECESSARIO","STATO_ORDINANZA":"NON NECESSARIO","PROTOCOLLO_AUT":null,"PRATICA":null,"LAVORABILE":"NO","STATO_LEGENDA":"IN ATTESA","CAMPO AWS":"NOT STARTED"},"geometry":{"type":"MultiLineString","coordinates":[[[1058402.098850693088025,5696606.754753985442221,0.0],[1058283.315688975621015,5696595.504125481471419,0.0]]]}},
{"type":"Feature","properties":{"fid":735,"TIPOLOGIA":"SCAVO","PROVINCIA":"CR","COMUNE":"RIVOLTA D'ADDA","CLUSTER":"3","ROUTE":"6","ENTE":"PROVINCIA DI CREMONA","ENTE 2":"RIM","LUNGHEZZA":16.53,"SPAN":"6_2","LOTTO":"4","TRATTA_ID":"TR_0735","ENTE 3":null,"MOTIVO_NO":"Manca autorizz","STATO_AUTORIZZAZIONE":"IN ATTESA","STATO_NULLAOSTA":"NON NECESSARIO","STATO_ORDINANZA":"NON NECESSARIO","PROTOCOLLO_AUT":null,"PRATICA":null,"LAVORABILE":"NO","STATO_LEGENDA":"IN ATTESA","CAMPO AWS":"NOT STARTED"},"geometry":{"type":"MultiLineString","coordinates":[[[1059774.041993144899607,5696747.144280504435301,0.0],[1059750.651854155352339,5696744.584608261473477,0.0]]]}},
{"type":"Feature","properties":{"fid":736,"TIPOLOGIA":"NO DIG","PROVINCIA":"CR","COMUNE":"RIVOLTA D'ADDA","CLUSTER":"3","ROUTE":"6","ENTE":"PROVINCIA DI CREMONA","ENTE 2":null,"LUNGHEZZA":54.79,"SPAN":"6_2","LOTTO":"4","TRATTA_ID":"TR_0736","ENTE 3":null,"MOTIVO_NO":"Manca autorizz","STATO_AUTORIZZAZIONE":"IN ATTESA","STATO_NULLAOSTA":"NON NECESSARIO","STATO_ORDINANZA":"NON NECESSARIO","PROTOCOLLO_AUT":null,"PRATICA":null,"LAVORABILE":"NO","STATO_LEGENDA":"IN ATTESA","CAMPO AWS":"NOT STARTED"},"geometry":{"type":"MultiLineString","coordinates":[[[1059750.651854155352339,5696744.584608261473477,0.0],[1059673.11061769654043,5696736.098530158400536,0.0]]]}},
{"type":"Feature","properties":{"fid":737,"TIPOLOGIA":"NO DIG","PROVINCIA":"CR","COMUNE":"RIVOLTA D'ADDA","CLUSTER":"3","ROUTE":"6","ENTE":"PROVINCIA DI MILANO","ENTE 2":null,"LUNGHEZZA":206.77,"SPAN":"6_2","LOTTO":"4","TRATTA_ID":"TR_0737","ENTE 3":null,"MOTIVO_NO":"Manca autorizz","STATO_AUTORIZZAZIONE":"IN ATTESA","STATO_NULLAOSTA":"NON NECESSARIO","STATO_ORDINANZA":"NON NECESSARIO","PROTOCOLLO_AUT":null,"PRATICA":null,"LAVORABILE":"NO","STATO_LEGENDA":"IN ATTESA","CAMPO AWS":"NOT STARTED"},"geometry":{"type":"MultiLineString","coordinates":[[[1058984.222629655152559,5696666.288853394798934,0.0],[1058869.851634972263128,5696655.25112696364522,0.0],[1058691.358635260490701,5696636.439627236686647,0.0]]]}},
{"type":"Feature","properties":{"fid":738,"TIPOLOGIA":"NO DIG","PROVINCIA":"MI","COMUNE":"TRUCAZZANO","CLUSTER":"3","ROUTE":"6","ENTE":"PROVINCIA DI MILANO","ENTE 2":null,"LUNGHEZZA":1454.12,"SPAN":"6_2","LOTTO":"4","TRATTA_ID":"TR_0738","ENTE 3":null,"MOTIVO_NO":"Manca autorizz","STATO_AUTORIZZAZIONE":"IN ATTESA","STATO_NULLAOSTA":"NON NECESSARIO","STATO_ORDINANZA":"NON NECESSARIO","PROTOCOLLO_AUT":null,"PRATICA":null,"LAVORABILE":"NO","STATO_LEGENDA":"IN ATTESA","CAMPO AWS":"NOT STARTED"},"geometry":{"type":"MultiLineString","coordinates":[[[1056830.451789015671238,5696929.105766860768199,0.0],[1056700.470446574036032,5696962.825992218218744,0.0],[1056233.384582795435563,5697081.809585558250546,0.0],[1055767.024374714354053,5697203.599107032641768,0.0],[1055464.962504710769281,5697284.974091051146388,0.0],[1055404.304667911492288,5697302.427152102813125,0.0],[1055125.606592724798247,5697488.238142961636186,0.0],[1054919.476502236211672,5697650.102387028746307,0.0]]]}},
{"type":"Feature","properties":{"fid":739,"TIPOLOGIA":"NO DIG","PROVINCIA":"MI","COMUNE":"TRUCAZZANO","CLUSTER":"3","ROUTE":"6","ENTE":"PROVINCIA DI MILANO","ENTE 2":null,"LUNGHEZZA":3700.82,"SPAN":"6_2","LOTTO":"4","TRATTA_ID":"TR_0739","ENTE 3":null,"MOTIVO_NO":"Manca autorizz","STATO_AUTORIZZAZIONE":"IN ATTESA","STATO_NULLAOSTA":"NON NECESSARIO","STATO_ORDINANZA":"NON NECESSARIO","PROTOCOLLO_AUT":null,"PRATICA":null,"LAVORABILE":"NO","STATO_LEGENDA":"IN ATTESA","CAMPO AWS":"NOT STARTED"},"geometry":{"type":"MultiLineString","coordinates":[[[1054853.764723826665431,5697696.154191532172263,0.0],[1054810.326030493248254,5697728.261150730773807,0.0],[1054754.596849751425907,5697756.651745211333036,0.0],[1054687.107926869764924,5697770.104152156040072,0.0],[1054495.102522731292993,5697754.918483561836183,0.0],[1054235.162554164882749,5697720.147461831569672,0.0],[1053973.739526387769729,5697685.363756979815662,0.0],[1053679.644305645488203,5697667.597104722633958,0.0],[1053298.237746828934178,5697648.712030366063118,0.0],[1052936.768857639981434,5697632.971571437083185,0.0],[1052381.70602811104618,5697600.637413810938597,0.0],[1052215.680324255488813,5697521.832655094563961,0.0],[1051923.165301405824721,5697381.424921521916986,0.0],[1051685.551407710881904,5697268.742217575199902,0.0],[1051325.007584723876789,5697094.585786119103432,0.0],[1050935.095440167235211,5696906.266410811804235,0.0],[1050503.000038446858525,5696704.464121209457517,0.0],[1050094.590105251176283,5696514.450667622499168,0.0],[1049897.853058441542089,5696440.539815144613385,0.0],[1049868.435948538128287,5696432.568848348222673,0.0]]]}},
{"type":"Feature","properties":{"fid":740,"TIPOLOGIA":"NO DIG","PROVINCIA":"MI","COMUNE":"LISCATE","CLUSTER":"3","ROUTE":"6","ENTE":"PROVINCIA DI MILANO","ENTE 2":null,"LUNGHEZZA":1508.87,"SPAN":"6_2","LOTTO":"4","TRATTA_ID":"TR_0740","ENTE 3":null,"MOTIVO_NO":"Manca autorizz","STATO_AUTORIZZAZIONE":"IN ATTESA","STATO_NULLAOSTA":"NON NECESSARIO","STATO_ORDINANZA":"NON NECESSARIO","PROTOCOLLO_AUT":null,"PRATICA":null,"LAVORABILE":"NO","STATO_LEGENDA":"IN ATTESA","CAMPO AWS":"NOT STARTED"},"geometry":{"type":"MultiLineString","coordinates":[[[1049697.756608452415094,5696392.671436822041869,0.0],[1049561.342927132034674,5696349.838600275106728,0.0],[1049457.362524742959067,5696306.892936744727194,0.0],[1049293.844216828001663,5696201.231391628272831,0.0],[1049174.680905941640958,5696104.614830641075969,0.0],[1048999.067865474615246,5695993.702473483979702,0.0],[1048691.26319232606329,5695840.741538303904235,0.0],[1048040.749272409128025,5695526.91266062669456,0.0],[1047851.378612333210185,5695433.786652667447925,0.0],[1047817.55668963084463,5695416.937108681537211,0.0],[1047804.42079293471761,5695397.531678617931902,0.0]]]}},
{"type":"Feature","properties":{"fid":741,"TIPOLOGIA":"NO DIG","PROVINCIA":"MI","COMUNE":"LISCATE","CLUSTER":"3","ROUTE":"6","ENTE":"PROVINCIA DI MILANO","ENTE 2":"AUTOSTRADE","LUNGHEZZA":101.52,"SPAN":"6_2","LOTTO":"4","TRATTA_ID":"TR_0741","ENTE 3":null,"MOTIVO_NO":"Manca autorizz","STATO_AUTORIZZAZIONE":"IN ATTESA","STATO_NULLAOSTA":"NON NECESSARIO","STATO_ORDINANZA":"NON NECESSARIO","PROTOCOLLO_AUT":null,"PRATICA":null,"LAVORABILE":"NO","STATO_LEGENDA":"IN ATTESA","CAMPO AWS":"NOT STARTED"},"geometry":{"type":"MultiLineString","coordinates":[[[1047804.42079293471761,5695397.531678617931902,0.0],[1047723.234259992022999,5695277.594859435223043,0.0]]]}},
{"type":"Feature","properties":{"fid":742,"TIPOLOGIA":"NO DIG","PROVINCIA":"MI","COMUNE":"LISCATE","CLUSTER":"3","ROUTE":"6","ENTE":"PROVINCIA DI MILANO","ENTE 2":null,"LUNGHEZZA":356.49,"SPAN":"6_2","LOTTO":"4","TRATTA_ID":"TR_0742","ENTE 3":null,"MOTIVO_NO":"Manca autorizz","STATO_AUTORIZZAZIONE":"IN ATTESA","STATO_NULLAOSTA":"NON NECESSARIO","STATO_ORDINANZA":"NON NECESSARIO","PROTOCOLLO_AUT":null,"PRATICA":null,"LAVORABILE":"NO","STATO_LEGENDA":"IN ATTESA","CAMPO AWS":"NOT STARTED"},"geometry":{"type":"MultiLineString","coordinates":[[[1047723.234259992022999,5695277.594859435223043,0.0],[1047679.044291076133959,5695212.312047555111349,0.0],[1047607.686217594775371,5695193.57007400225848,0.0],[1047350.191452186205424,5695187.026422946713865,0.0],[1047318.935042472323403,5695177.019038782455027,0.0],[1047273.90129139914643,5695154.223871998488903,0.0],[1047263.23521064594388,5695144.822765689343214,0.0]]]}},
{"type":"Feature","properties":{"fid":743,"TIPOLOGIA":"NO DIG","PROVINCIA":"MI","COMUNE":"SETTALA","CLUSTER":"3","ROUTE":"6","ENTE":"PROVINCIA DI MILANO","ENTE 2":"RIB","LUNGHEZZA":27.39,"SPAN":"6_2","LOTTO":"4","TRATTA_ID":"TR_0743","ENTE 3":null,"MOTIVO_NO":"Manca autorizz","STATO_AUTORIZZAZIONE":"IN ATTESA","STATO_NULLAOSTA":"NON NECESSARIO","STATO_ORDINANZA":"NON NECESSARIO","PROTOCOLLO_AUT":null,"PRATICA":null,"LAVORABILE":"NO","STATO_LEGENDA":"IN ATTESA","CAMPO AWS":"NOT STARTED"},"geometry":{"type":"MultiLineString","coordinates":[[[1045269.167826472432353,5691959.340072066523135,0.0],[1045256.691694217384793,5691939.881437422707677,0.0],[1045248.653097644681111,5691926.097281213849783,0.0]]]}},
{"type":"Feature","properties":{"fid":744,"TIPOLOGIA":"NO DIG","PROVINCIA":"MI","COMUNE":"SETTALA","CLUSTER":"3","ROUTE":"6","ENTE":"PROVINCIA DI MILANO","ENTE 2":null,"LUNGHEZZA":766.24,"SPAN":"6_2","LOTTO":"4","TRATTA_ID":"TR_0744","ENTE 3":null,"MOTIVO_NO":"Manca autorizz","STATO_AUTORIZZAZIONE":"IN ATTESA","STATO_NULLAOSTA":"NON NECESSARIO","STATO_ORDINANZA":"NON NECESSARIO","PROTOCOLLO_AUT":null,"PRATICA":null,"LAVORABILE":"NO","STATO_LEGENDA":"IN ATTESA","CAMPO AWS":"NOT STARTED"},"geometry":{"type":"MultiLineString","coordinates":[[[1045248.653097644681111,5691926.097281213849783,0.0],[1045015.717186748166569,5691526.658722202293575,0.0],[1044682.103550305124372,5690991.679136336781085,0.0]]]}},
{"type":"Feature","properties":{"fid":745,"TIPOLOGIA":"NO DIG","PROVINCIA":"MI","COMUNE":"MEDIGLIA","CLUSTER":"3","ROUTE":"40","ENTE":"PROVINCIA DI MILANO","ENTE 2":"ROGGIA","LUNGHEZZA":18.97,"SPAN":"40","LOTTO":"4","TRATTA_ID":"TR_0745","ENTE 3":null,"MOTIVO_NO":"Manca autorizz","STATO_AUTORIZZAZIONE":"IN ATTESA","STATO_NULLAOSTA":"NON NECESSARIO","STATO_ORDINANZA":"NON NECESSARIO","PROTOCOLLO_AUT":null,"PRATICA":null,"LAVORABILE":"NO","STATO_LEGENDA":"IN ATTESA","CAMPO AWS":"NOT STARTED"},"geometry":{"type":"MultiLineString","coordinates":[[[1041058.665428350679576,5684162.95922230836004,0.0],[1041063.422493044403382,5684172.286906089633703,0.0],[1041072.180722313467413,5684186.349456154741347,0.0]]]}},
{"type":"Feature","properties":{"fid":746,"TIPOLOGIA":"NO DIG","PROVINCIA":"MI","COMUNE":"MEDIGLIA","CLUSTER":"3","ROUTE":"40","ENTE":"PROVINCIA DI MILANO","ENTE 2":null,"LUNGHEZZA":1328.0,"SPAN":"40","LOTTO":"4","TRATTA_ID":"TR_0746","ENTE 3":null,"MOTIVO_NO":"Manca autorizz","STATO_AUTORIZZAZIONE":"IN ATTESA","STATO_NULLAOSTA":"NON NECESSARIO","STATO_ORDINANZA":"NON NECESSARIO","PROTOCOLLO_AUT":null,"PRATICA":null,"LAVORABILE":"NO","STATO_LEGENDA":"IN ATTESA","CAMPO AWS":"NOT STARTED"},"geometry":{"type":"MultiLineString","coordinates":[[[1040250.756300269742496,5682457.434873208403587,0.0],[1040296.178712673485279,5682551.180810740217566,0.0],[1040394.466820795903914,5682723.119114513508976,0.0],[1040500.01727323490195,5682931.384219172410667,0.0],[1040611.465044338372536,5683149.172441150061786,0.0],[1040741.262666173861362,5683394.846270235255361,0.0],[1040798.543483312008902,5683514.991487088613212,0.0],[1040848.162823425373062,5683613.471418392844498,0.0],[1040924.825536041869782,5683762.638994973152876,0.0],[1040950.133277857559733,5683814.488770633004606,0.0],[1040960.684313865494914,5683847.276651578955352,0.0],[1041002.340575141599402,5683999.480583280324936,0.0],[1041022.893548983964138,5684079.450791289098561,0.0],[1041035.749404927599244,5684118.025159177370369,0.0],[1041058.665428350679576,5684162.95922230836004,0.0]]]}},
{"type":"Feature","properties":{"fid":747,"TIPOLOGIA":"NO DIG","PROVINCIA":"MI","COMUNE":"COLTURANO","CLUSTER":"3","ROUTE":"40","ENTE":"PROVINCIA DI MILANO","ENTE 2":null,"LUNGHEZZA":1881.97,"SPAN":"40","LOTTO":"4","TRATTA_ID":"TR_0747","ENTE 3":null,"MOTIVO_NO":"Manca autorizz","STATO_AUTORIZZAZIONE":"IN ATTESA","STATO_NULLAOSTA":"NON NECESSARIO","STATO_ORDINANZA":"NON NECESSARIO","PROTOCOLLO_AUT":null,"PRATICA":null,"LAVORABILE":"NO","STATO_LEGENDA":"IN ATTESA","CAMPO AWS":"NOT STARTED"},"geometry":{"type":"MultiLineString","coordinates":[[[1039135.724588665412739,5680084.487074465490878,0.0],[1039139.827376999659464,5680086.338372112251818,0.0],[1039222.017668974818662,5680127.615058186464012,0.0],[1039235.077495725126937,5680149.265342336148024,0.0],[1039252.260869924561121,5680172.217676234431565,0.0],[1039259.466542449314147,5680214.530049548484385,0.0],[1039253.749963880516589,5680312.183438123203814,0.0],[1039249.602027381188236,5680377.495019373483956,0.0],[1039248.776352318935096,5680445.765116942115128,0.0],[1039252.640447947429493,5680494.73781730234623,0.0],[1039267.664521506638266,5680544.702324931509793,0.0],[1039310.860540768015198,5680630.452225156128407,0.0],[1039357.859784220228903,5680718.368494884110987,0.0],[1039436.498478578054346,5680863.659640973433852,0.0],[1039517.213354371255264,5681024.288361175917089,0.0],[1039542.095648678950965,5681081.178373667411506,0.0],[1039568.068622577004135,5681137.323464587330818,0.0],[1039613.095379909151234,5681224.066181325353682,0.0],[1039663.283761676517315,5681320.313419747166336,0.0],[1039809.074072449002415,5681598.333477376028895,0.0],[1039813.095502169104293,5681642.390964625403285,0.0],[1039843.844076232402585,5681687.218320443294942,0.0],[1039871.355497626704164,5681726.194362035952508,0.0],[1039984.875776188331656,5681914.961373581551015,0.0],[1040116.352773183840327,5682180.049260200001299,0.0],[1040250.756300269742496,5682457.434873208403587,0.0]]]}},
{"type":"Feature","properties":{"fid":748,"TIPOLOGIA":"SCAVO","PROVINCIA":"MI","COMUNE":"COLTURANO","CLUSTER":"3","ROUTE":"40","ENTE":"PROVINCIA DI MILANO","ENTE 2":"AIPO","LUNGHEZZA":41.28,"SPAN":"40","LOTTO":"4","TRATTA_ID":"TR_0748","ENTE 3":null,"MOTIVO_NO":"Manca autorizz","STATO_AUTORIZZAZIONE":"IN ATTESA","STATO_NULLAOSTA":"NON NECESSARIO","STATO_ORDINANZA":"NON NECESSARIO","PROTOCOLLO_AUT":null,"PRATICA":null,"LAVORABILE":"NO","STATO_LEGENDA":"IN ATTESA","CAMPO AWS":"NOT STARTED"},"geometry":{"type":"MultiLineString","coordinates":[[[1039012.316542927757837,5680029.015919373370707,0.0],[1039017.81243993958924,5680031.280706014484167,0.0],[1039065.895640031201765,5680052.977869620546699,0.0]]]}},
{"type":"Feature","properties":{"fid":749,"TIPOLOGIA":"NO DIG","PROVINCIA":"MI","COMUNE":"COLTURANO","CLUSTER":"3","ROUTE":"40","ENTE":"PROVINCIA DI MILANO","ENTE 2":null,"LUNGHEZZA":31.95,"SPAN":"40","LOTTO":"4","TRATTA_ID":"TR_0749","ENTE 3":null,"MOTIVO_NO":"Manca autorizz","STATO_AUTORIZZAZIONE":"IN ATTESA","STATO_NULLAOSTA":"NON NECESSARIO","STATO_ORDINANZA":"NON NECESSARIO","PROTOCOLLO_AUT":null,"PRATICA":null,"LAVORABILE":"NO","STATO_LEGENDA":"IN ATTESA","CAMPO AWS":"NOT STARTED"},"geometry":{"type":"MultiLineString","coordinates":[[[1039065.895640031201765,5680052.977869620546699,0.0],[1039107.304949557990767,5680071.663242788054049,0.0]]]}},
{"type":"Feature","properties":{"fid":750,"TIPOLOGIA":"SCAVO","PROVINCIA":"MI","COMUNE":"COLTURANO","CLUSTER":"3","ROUTE":"40","ENTE":"PROVINCIA DI MILANO","ENTE 2":null,"LUNGHEZZA":21.93,"SPAN":"40","LOTTO":"4","TRATTA_ID":"TR_0750","ENTE 3":null,"MOTIVO_NO":"Manca autorizz","STATO_AUTORIZZAZIONE":"IN ATTESA","STATO_NULLAOSTA":"NON NECESSARIO","STATO_ORDINANZA":"NON NECESSARIO","PROTOCOLLO_AUT":null,"PRATICA":null,"LAVORABILE":"NO","STATO_LEGENDA":"IN ATTESA","CAMPO AWS":"NOT STARTED"},"geometry":{"type":"MultiLineString","coordinates":[[[1039107.304949557990767,5680071.663242788054049,0.0],[1039135.724588665412739,5680084.487074465490878,0.0]]]}},
{"type":"Feature","properties":{"fid":751,"TIPOLOGIA":"NO DIG","PROVINCIA":"MI","COMUNE":"COLTURANO","CLUSTER":"3","ROUTE":"40","ENTE":"PROVINCIA DI MILANO","ENTE 2":null,"LUNGHEZZA":44.72,"SPAN":"40","LOTTO":"4","TRATTA_ID":"TR_0751","ENTE 3":null,"MOTIVO_NO":"Manca autorizz","STATO_AUTORIZZAZIONE":"IN ATTESA","STATO_NULLAOSTA":"NON NECESSARIO","STATO_ORDINANZA":"NON NECESSARIO","PROTOCOLLO_AUT":null,"PRATICA":null,"LAVORABILE":"NO","STATO_LEGENDA":"IN ATTESA","CAMPO AWS":"NOT STARTED"},"geometry":{"type":"MultiLineString","coordinates":[[[1038953.527260400005616,5680004.789383897557855,0.0],[1039012.316542927757837,5680029.015919373370707,0.0]]]}},
{"type":"Feature","properties":{"fid":752,"TIPOLOGIA":"NO DIG","PROVINCIA":"MI","COMUNE":"SAN GIULIANO MILANESE","CLUSTER":"3","ROUTE":"40","ENTE":"PROVINCIA DI MILANO","ENTE 2":null,"LUNGHEZZA":485.62,"SPAN":"40","LOTTO":"4","TRATTA_ID":"TR_0752","ENTE 3":null,"MOTIVO_NO":"Manca autorizz","STATO_AUTORIZZAZIONE":"IN ATTESA","STATO_NULLAOSTA":"NON NECESSARIO","STATO_ORDINANZA":"NON NECESSARIO","PROTOCOLLO_AUT":null,"PRATICA":null,"LAVORABILE":"NO","STATO_LEGENDA":"IN ATTESA","CAMPO AWS":"NOT STARTED"},"geometry":{"type":"MultiLineString","coordinates":[[[1038325.076422704383731,5679719.083193994127214,0.0],[1038404.438259926391765,5679755.317001313902438,0.0],[1038498.482240307494067,5679795.548754784278572,0.0],[1038598.670464852708392,5679844.024170089513063,0.0],[1038691.102457426022738,5679887.530338821932673,0.0],[1038783.017444919329137,5679928.514163290150464,0.0],[1038871.107521049911156,5679966.627673457376659,0.0],[1038934.396531599457376,5679996.905804343521595,0.0],[1038953.527260400005616,5680004.789383897557855,0.0]]]}},
{"type":"Feature","properties":{"fid":753,"TIPOLOGIA":"NO DIG","PROVINCIA":"MI","COMUNE":"SAN GIULIANO MILANESE","CLUSTER":"3","ROUTE":"40","ENTE":"PROVINCIA DI MILANO","ENTE 2":"AIPO","LUNGHEZZA":18.55,"SPAN":"40","LOTTO":"4","TRATTA_ID":"TR_0753","ENTE 3":null,"MOTIVO_NO":"Manca autorizz","STATO_AUTORIZZAZIONE":"IN ATTESA","STATO_NULLAOSTA":"NON NECESSARIO","STATO_ORDINANZA":"NON NECESSARIO","PROTOCOLLO_AUT":null,"PRATICA":null,"LAVORABILE":"NO","STATO_LEGENDA":"IN ATTESA","CAMPO AWS":"NOT STARTED"},"geometry":{"type":"MultiLineString","coordinates":[[[1038033.702681551454589,5679579.779632410034537,0.0],[1038057.560211855685338,5679591.037346674129367,0.0]]]}},
{"type":"Feature","properties":{"fid":754,"TIPOLOGIA":"NO DIG","PROVINCIA":"MI","COMUNE":"SAN GIULIANO MILANESE","CLUSTER":"3","ROUTE":"40","ENTE":"COMUNE","ENTE 2":null,"LUNGHEZZA":326.37,"SPAN":"40","LOTTO":"4","TRATTA_ID":"TR_0754","ENTE 3":null,"MOTIVO_NO":"Manca autorizz","STATO_AUTORIZZAZIONE":"IN ATTESA","STATO_NULLAOSTA":"NON NECESSARIO","STATO_ORDINANZA":"NON NECESSARIO","PROTOCOLLO_AUT":null,"PRATICA":null,"LAVORABILE":"NO","STATO_LEGENDA":"IN ATTESA","CAMPO AWS":"NOT STARTED"},"geometry":{"type":"MultiLineString","coordinates":[[[1036997.333242760039866,5678807.818243480287492,0.0],[1037023.870690747746266,5678818.598104491829872,0.0],[1037102.486040127230808,5678854.778310842812061,0.0],[1037169.586955966427922,5678883.131577842868865,0.0],[1037228.23573161882814,5678908.85706948954612,0.0],[1037259.745254768640734,5678930.52427742537111,0.0],[1037278.250321149360389,5678952.818921979516745,0.0],[1037294.686201472999528,5678975.186802465468645,0.0],[1037303.484654917847365,5678997.043903190642595,0.0],[1037314.65825879550539,5679023.011015240103006,0.0],[1037318.349634949816391,5679039.752629086375237,0.0],[1037330.269023673026823,5679048.028985069133341,0.0],[1037350.594947288511321,5679045.721422088332474,0.0],[1037363.820588685688563,5679046.395615100860596,0.0]]]}},
{"type":"Feature","properties":{"fid":755,"TIPOLOGIA":"NO DIG","PROVINCIA":"MI","COMUNE":"SAN GIULIANO MILANESE","CLUSTER":"3","ROUTE":"40","ENTE":"COMUNE","ENTE 2":"RFI","LUNGHEZZA":29.38,"SPAN":"40","LOTTO":"4","TRATTA_ID":"TR_0755","ENTE 3":null,"MOTIVO_NO":"Manca autorizz","STATO_AUTORIZZAZIONE":"IN ATTESA","STATO_NULLAOSTA":"NON NECESSARIO","STATO_ORDINANZA":"NON NECESSARIO","PROTOCOLLO_AUT":null,"PRATICA":null,"LAVORABILE":"NO","STATO_LEGENDA":"IN ATTESA","CAMPO AWS":"NOT STARTED"},"geometry":{"type":"MultiLineString","coordinates":[[[1036958.643390965647995,5678792.101751126348972,0.0],[1036997.333242760039866,5678807.818243480287492,0.0]]]}},
{"type":"Feature","properties":{"fid":756,"TIPOLOGIA":"NO DIG","PROVINCIA":"MI","COMUNE":"SAN GIULIANO MILANESE","CLUSTER":"3","ROUTE":"40","ENTE":"COMUNE","ENTE 2":null,"LUNGHEZZA":385.79,"SPAN":"40","LOTTO":"4","TRATTA_ID":"TR_0756","ENTE 3":null,"MOTIVO_NO":"Manca autorizz","STATO_AUTORIZZAZIONE":"IN ATTESA","STATO_NULLAOSTA":"NON NECESSARIO","STATO_ORDINANZA":"NON NECESSARIO","PROTOCOLLO_AUT":null,"PRATICA":null,"LAVORABILE":"NO","STATO_LEGENDA":"IN ATTESA","CAMPO AWS":"NOT STARTED"},"geometry":{"type":"MultiLineString","coordinates":[[[1036634.802457925747149,5678531.219759004190564,0.0],[1036620.641480860882439,5678556.829789060167968,0.0],[1036596.353461298858747,5678577.377200202085078,0.0],[1036585.90185617969837,5678604.807702789083123,0.0],[1036587.079538777470589,5678636.328277611173689,0.0],[1036593.960243936278857,5678656.909046133980155,0.0],[1036610.308364433120005,5678663.075035284273326,0.0],[1036639.314760404988192,5678661.8384765740484,0.0],[1036686.765919858473353,5678656.297582821920514,0.0],[1036720.97346559073776,5678659.988319957628846,0.0],[1036752.674682932905853,5678662.45935545861721,0.0],[1036782.049847439513542,5678683.799872390925884,0.0],[1036829.551590909832157,5678716.336594829335809,0.0],[1036876.669577239779755,5678753.575603191740811,0.0],[1036926.066152437939309,5678778.868157238699496,0.0],[1036958.643390965647995,5678792.101751126348972,0.0]]]}},
{"type":"Feature","properties":{"fid":757,"TIPOLOGIA":"NO DIG","PROVINCIA":"MI","COMUNE":"SAN GIULIANO MILANESE","CLUSTER":"3","ROUTE":"40","ENTE":"PROVINCIA DI MILANO","ENTE 2":null,"LUNGHEZZA":114.8,"SPAN":"40","LOTTO":"4","TRATTA_ID":"TR_0757","ENTE 3":null,"MOTIVO_NO":"Manca autorizz","STATO_AUTORIZZAZIONE":"IN ATTESA","STATO_NULLAOSTA":"NON NECESSARIO","STATO_ORDINANZA":"NON NECESSARIO","PROTOCOLLO_AUT":null,"PRATICA":null,"LAVORABILE":"NO","STATO_LEGENDA":"IN ATTESA","CAMPO AWS":"NOT STARTED"},"geometry":{"type":"MultiLineString","coordinates":[[[1037363.820588685688563,5679046.395615100860596,0.0],[1037368.690018858527765,5679046.643835227005184,0.0],[1037382.895277626113966,5679075.574472021311522,0.0],[1037391.066127542755567,5679102.568835716694593,0.0],[1037399.798725321423262,5679133.978884510695934,0.0],[1037410.806473014527,5679165.092783994041383,0.0],[1037421.527789042564109,5679190.966864080168307,0.0],[1037424.852853868971579,5679194.220911518670619,0.0]]]}},
{"type":"Feature","properties":{"fid":758,"TIPOLOGIA":"NO DIG","PROVINCIA":"MI","COMUNE":"MELEGNANO","CLUSTER":"3","ROUTE":"40","ENTE":"PROVINCIA DI MILANO","ENTE 2":"RFI","LUNGHEZZA":19.38,"SPAN":"40","LOTTO":"4","TRATTA_ID":"TR_0758","ENTE 3":null,"MOTIVO_NO":"Manca autorizz","STATO_AUTORIZZAZIONE":"IN ATTESA","STATO_NULLAOSTA":"NON NECESSARIO","STATO_ORDINANZA":"NON NECESSARIO","PROTOCOLLO_AUT":null,"PRATICA":null,"LAVORABILE":"NO","STATO_LEGENDA":"IN ATTESA","CAMPO AWS":"NOT STARTED"},"geometry":{"type":"MultiLineString","coordinates":[[[1036153.117207897128537,5677881.886176001280546,0.0],[1036172.955098678008653,5677901.040065641514957,0.0]]]}},
{"type":"Feature","properties":{"fid":759,"TIPOLOGIA":"NO DIG","PROVINCIA":"MI","COMUNE":"MELEGNANO","CLUSTER":"3","ROUTE":"40","ENTE":"PROVINCIA DI MILANO","ENTE 2":null,"LUNGHEZZA":152.41,"SPAN":"40","LOTTO":"4","TRATTA_ID":"TR_0759","ENTE 3":null,"MOTIVO_NO":"Manca autorizz","STATO_AUTORIZZAZIONE":"IN ATTESA","STATO_NULLAOSTA":"NON NECESSARIO","STATO_ORDINANZA":"NON NECESSARIO","PROTOCOLLO_AUT":null,"PRATICA":null,"LAVORABILE":"NO","STATO_LEGENDA":"IN ATTESA","CAMPO AWS":"NOT STARTED"},"geometry":{"type":"MultiLineString","coordinates":[[[1036172.955098678008653,5677901.040065641514957,0.0],[1036203.386004142579623,5677930.421561796218157,0.0],[1036312.958297163015231,5678066.426090867258608,0.0]]]}},
{"type":"Feature","properties":{"fid":760,"TIPOLOGIA":"NO DIG","PROVINCIA":"MI","COMUNE":"CARPIANO","CLUSTER":"3","ROUTE":"40","ENTE":"COMUNE","ENTE 2":"RIB","LUNGHEZZA":22.31,"SPAN":"40","LOTTO":"4","TRATTA_ID":"TR_0760","ENTE 3":null,"MOTIVO_NO":"Manca autorizz","STATO_AUTORIZZAZIONE":"IN ATTESA","STATO_NULLAOSTA":"NON NECESSARIO","STATO_ORDINANZA":"NON NECESSARIO","PROTOCOLLO_AUT":null,"PRATICA":null,"LAVORABILE":"NO","STATO_LEGENDA":"IN ATTESA","CAMPO AWS":"NOT STARTED"},"geometry":{"type":"MultiLineString","coordinates":[[[1031446.949451623135246,5675123.369287156499922,0.0],[1031453.167549970443361,5675127.208817203529179,0.0],[1031474.375927758752368,5675139.286741463467479,0.0]]]}},
{"type":"Feature","properties":{"fid":761,"TIPOLOGIA":"NO DIG","PROVINCIA":"MI","COMUNE":"CARPIANO","CLUSTER":"3","ROUTE":"40","ENTE":"COMUNE","ENTE 2":null,"LUNGHEZZA":743.71,"SPAN":"40","LOTTO":"4","TRATTA_ID":"TR_0761","ENTE 3":null,"MOTIVO_NO":"Manca autorizz","STATO_AUTORIZZAZIONE":"IN ATTESA","STATO_NULLAOSTA":"NON NECESSARIO","STATO_ORDINANZA":"NON NECESSARIO","PROTOCOLLO_AUT":null,"PRATICA":null,"LAVORABILE":"NO","STATO_LEGENDA":"IN ATTESA","CAMPO AWS":"NOT STARTED"},"geometry":{"type":"MultiLineString","coordinates":[[[1031474.375927758752368,5675139.286741463467479,0.0],[1031546.564907768508419,5675180.397024766542017,0.0],[1031567.525962962652557,5675188.011116269044578,0.0],[1031613.305399970966391,5675201.018073782324791,0.0],[1031641.404454630450346,5675213.471619077026844,0.0],[1031683.750773131963797,5675248.734649321995676,0.0],[1031753.352677564602345,5675302.085140129551291,0.0],[1031766.51759055047296,5675308.310989345423877,0.0],[1031795.188883404596709,5675314.951132393442094,0.0],[1031848.874032093561254,5675323.882671095430851,0.0],[1031919.402028843178414,5675336.289723799563944,0.0],[1032004.379136216477491,5675353.898343360982835,0.0],[1032033.855149402748793,5675360.708756078034639,0.0],[1032045.221721204346977,5675363.277440777048469,0.0],[1032053.439358154777437,5675370.168084752745926,0.0],[1032058.809000305482186,5675380.176504109054804,0.0],[1032061.351623039343394,5675393.861827528104186,0.0],[1032054.207723936415277,5675413.226581785827875,0.0],[1032050.926039705402218,5675445.736215157434344,0.0],[1032051.941631698864512,5675461.985371764749289,0.0],[1032073.960255592362955,5675500.959101818501949,0.0],[1032074.495808507897891,5675515.198629387654364,0.0],[1032072.590555123751983,5675522.972958035767078,0.0],[1032067.071923744049855,5675533.30815807543695,0.0],[1032066.483414680580609,5675545.518896051682532,0.0],[1032067.189432572806254,5675551.24512218311429,0.0],[1032079.457993400632404,5675564.599404225125909,0.0],[1032081.470037587801926,5675577.698507442139089,0.0],[1032078.058590856264345,5675590.988260451704264,0.0],[1032054.725520506384782,5675613.888516389764845,0.0],[1032025.784656030824408,5675645.235985912382603,0.0],[1031997.696608520578593,5675672.614053490571678,0.0],[1031981.624530267086811,5675693.009337279014289,0.0],[1031971.626812894828618,5675703.738403812982142,0.0],[1031972.804464728222229,5675733.539117872714996,0.0]]]}},
{"type":"Feature","properties":{"fid":762,"TIPOLOGIA":"NO DIG","PROVINCIA":"MI","COMUNE":"CARPIANO","CLUSTER":"3","ROUTE":"40","ENTE":"COMUNE","ENTE 2":null,"LUNGHEZZA":46.99,"SPAN":"40","LOTTO":"4","TRATTA_ID":"TR_0762","ENTE 3":null,"MOTIVO_NO":"Manca autorizz","STATO_AUTORIZZAZIONE":"IN ATTESA","STATO_NULLAOSTA":"NON NECESSARIO","STATO_ORDINANZA":"NON NECESSARIO","PROTOCOLLO_AUT":null,"PRATICA":null,"LAVORABILE":"NO","STATO_LEGENDA":"IN ATTESA","CAMPO AWS":"NOT STARTED"},"geometry":{"type":"MultiLineString","coordinates":[[[1029773.303025569417514,5674151.863282948732376,0.0],[1029824.202759464271367,5674195.153720808215439,0.0]]]}},
{"type":"Feature","properties":{"fid":763,"TIPOLOGIA":"NO DIG","PROVINCIA":"MI","COMUNE":"CARPIANO","CLUSTER":"3","ROUTE":"40","ENTE":"COMUNE","ENTE 2":null,"LUNGHEZZA":871.0,"SPAN":"40","LOTTO":"4","TRATTA_ID":"TR_0763","ENTE 3":null,"MOTIVO_NO":"Manca autorizz","STATO_AUTORIZZAZIONE":"IN ATTESA","STATO_NULLAOSTA":"NON NECESSARIO","STATO_ORDINANZA":"NON NECESSARIO","PROTOCOLLO_AUT":null,"PRATICA":null,"LAVORABILE":"NO","STATO_LEGENDA":"IN ATTESA","CAMPO AWS":"NOT STARTED"},"geometry":{"type":"MultiLineString","coordinates":[[[1028835.429545466206037,5673463.656333579681814,0.0],[1028881.880800391198136,5673484.818095247261226,0.0],[1028971.929079030291177,5673529.446175679564476,0.0],[1029062.479631097987294,5673567.402207102626562,0.0],[1029140.772966519929469,5673620.481169025413692,0.0],[1029164.685188806033693,5673634.217267283238471,0.0],[1029188.556316882604733,5673664.056749693118036,0.0],[1029171.503642323077656,5673703.634726972319186,0.0],[1029164.272695259773172,5673740.845135414972901,0.0],[1029166.286691348883323,5673761.218549531884491,0.0],[1029191.23389197490178,5673776.018217406235635,0.0],[1029233.736144696129486,5673802.172439400106668,0.0],[1029397.766575933084823,5673890.550836659036577,0.0],[1029440.18706277536694,5673912.646017489023507,0.0],[1029491.70607587788254,5673928.33006735611707,0.0],[1029538.398663005442359,5673960.691175784915686,0.0],[1029598.328499323804863,5674007.974776247516274,0.0],[1029672.778786577633582,5674066.371612877584994,0.0],[1029772.59157417411916,5674151.258186993189156,0.0],[1029773.303025569417514,5674151.863282948732376,0.0]]]}},
{"type":"Feature","properties":{"fid":764,"TIPOLOGIA":"CANALINA","PROVINCIA":"MI","COMUNE":"PERO","CLUSTER":"1","ROUTE":"16","ENTE":"COMUNE","ENTE 2":"AIPO","LUNGHEZZA":21.39,"SPAN":"16_2","LOTTO":"1B","TRATTA_ID":"TR_0764","ENTE 3":null,"MOTIVO_NO":"Manca autorizz | Manca nulla osta","STATO_AUTORIZZAZIONE":"PROTOCOLLATO INTEGRAZIONE","STATO_NULLAOSTA":"PROTOCOLLATO INTEGRAZIONE","STATO_ORDINANZA":"NON NECESSARIO","PROTOCOLLO_AUT":"2026/03/13","PRATICA":"AUT/2/1B | NO/4/1B","LAVORABILE":"NO","STATO_LEGENDA":"PROTOCOLLATO INTEGRAZIONE","CAMPO AWS":"ON GOING"},"geometry":{"type":"MultiLineString","coordinates":[[[1009790.844561083707958,5703062.755709301680326,0.0],[1009800.508959405357018,5703091.75916891451925,0.0]]]}},
{"type":"Feature","properties":{"fid":766,"TIPOLOGIA":"NO DIG","PROVINCIA":"MI","COMUNE":"PERO","CLUSTER":"1","ROUTE":"16","ENTE":"COMUNE","ENTE 2":"","LUNGHEZZA":130.82,"SPAN":"16_2","LOTTO":"1B","TRATTA_ID":"TR_0766","ENTE 3":null,"MOTIVO_NO":"Manca autorizz","STATO_AUTORIZZAZIONE":"PROTOCOLLATO INTEGRAZIONE","STATO_NULLAOSTA":"NON NECESSARIO","STATO_ORDINANZA":"NON NECESSARIO","PROTOCOLLO_AUT":"2026/03/13","PRATICA":"AUT/2/1B","LAVORABILE":"NO","STATO_LEGENDA":"PROTOCOLLATO INTEGRAZIONE","CAMPO AWS":"ON GOING"},"geometry":{"type":"MultiLineString","coordinates":[[[1009770.587145456578583,5702888.150739564560354,0.0],[1009763.464478727080859,5702930.707263511605561,0.0],[1009754.929197264020331,5703011.118692646734416,0.0],[1009790.844561083707958,5703062.755709301680326,0.0]]]}},
{"type":"Feature","properties":{"fid":768,"TIPOLOGIA":"NO DIG","PROVINCIA":"MI","COMUNE":"PERO","CLUSTER":"1","ROUTE":"47","ENTE":"COMUNE","ENTE 2":null,"LUNGHEZZA":299.73,"SPAN":"47","LOTTO":"1A","TRATTA_ID":"TR_0768","ENTE 3":null,"MOTIVO_NO":"Manca autorizz","STATO_AUTORIZZAZIONE":"PROTOCOLLATO INTEGRAZIONE","STATO_NULLAOSTA":"NON NECESSARIO","STATO_ORDINANZA":"NON NECESSARIO","PROTOCOLLO_AUT":"2026/03/23","PRATICA":"AUT/13/1A","LAVORABILE":"NO","STATO_LEGENDA":"PROTOCOLLATO INTEGRAZIONE","CAMPO AWS":"ON GOING"},"geometry":{"type":"MultiLineString","coordinates":[[[1009349.745791097171605,5703520.414613280445337,0.0],[1009364.313152744318359,5703536.759260161779821,0.0],[1009760.902442064718343,5703453.452013620175421,0.0]]]}},
{"type":"Feature","properties":{"fid":770,"TIPOLOGIA":"NO DIG","PROVINCIA":"BG","COMUNE":"COMUN NUOVO","CLUSTER":"7","ROUTE":"38","ENTE":"COMUNE","ENTE 2":null,"LUNGHEZZA":590.98,"SPAN":"38","LOTTO":"7","TRATTA_ID":"TR_0770","ENTE 3":null,"MOTIVO_NO":"Manca autorizz","STATO_AUTORIZZAZIONE":"IN ATTESA","STATO_NULLAOSTA":"NON NECESSARIO","STATO_ORDINANZA":"NON NECESSARIO","PROTOCOLLO_AUT":null,"PRATICA":null,"LAVORABILE":"NO","STATO_LEGENDA":"IN ATTESA","CAMPO AWS":"NOT STARTED"},"geometry":{"type":"MultiLineString","coordinates":[[[1076493.247166630113497,5721214.04746,0.0],[1076502.303198019275442,5721103.080136142671108,0.0],[1076503.693410471314564,5721044.883441624231637,0.0],[1076522.987258354201913,5720870.760688778944314,0.0],[1076509.476044985931367,5720855.693796929903328,0.0],[1076353.641907170182094,5720813.68745681270957,0.0],[1076167.087832848075777,5720764.412651786580682,0.0],[1076045.092810755362734,5720734.638370340690017,0.0]]]}},
{"type":"Feature","properties":{"fid":771,"TIPOLOGIA":"NO DIG","PROVINCIA":"BG","COMUNE":"COMUN NUOVO","CLUSTER":"7","ROUTE":"38","ENTE":"COMUNE","ENTE 2":"ANAS","LUNGHEZZA":29.59,"SPAN":"38","LOTTO":"7","TRATTA_ID":"TR_0771","ENTE 3":null,"MOTIVO_NO":"Manca autorizz","STATO_AUTORIZZAZIONE":"IN ATTESA","STATO_NULLAOSTA":"NON NECESSARIO","STATO_ORDINANZA":"NON NECESSARIO","PROTOCOLLO_AUT":null,"PRATICA":null,"LAVORABILE":"NO","STATO_LEGENDA":"IN ATTESA","CAMPO AWS":"NOT STARTED"},"geometry":{"type":"MultiLineString","coordinates":[[[1076489.799642050638795,5721256.291711605153978,0.0],[1076492.31919967290014,5721225.418154501356184,0.0],[1076493.247166630113497,5721214.04746,0.0]]]}},
{"type":"Feature","properties":{"fid":772,"TIPOLOGIA":"NO DIG","PROVINCIA":"BG","COMUNE":"COMUN NUOVO","CLUSTER":"7","ROUTE":"38","ENTE":"COMUNE","ENTE 2":null,"LUNGHEZZA":37.5,"SPAN":"38","LOTTO":"7","TRATTA_ID":"TR_0772","ENTE 3":null,"MOTIVO_NO":"Manca autorizz","STATO_AUTORIZZAZIONE":"IN ATTESA","STATO_NULLAOSTA":"NON NECESSARIO","STATO_ORDINANZA":"NON NECESSARIO","PROTOCOLLO_AUT":null,"PRATICA":null,"LAVORABILE":"NO","STATO_LEGENDA":"IN ATTESA","CAMPO AWS":"NOT STARTED"},"geometry":{"type":"MultiLineString","coordinates":[[[1076492.314261366147548,5721308.95991990622133,0.0],[1076486.809201637748629,5721292.935134082101285,0.0],[1076489.799642050638795,5721256.291711605153978,0.0]]]}},
{"type":"Feature","properties":{"fid":773,"TIPOLOGIA":"NO DIG","PROVINCIA":"BG","COMUNE":"LEVATE","CLUSTER":"7","ROUTE":"38","ENTE":"PROVINCIA DI BERGAMO","ENTE 2":null,"LUNGHEZZA":59.23,"SPAN":"38","LOTTO":"7","TRATTA_ID":"TR_0773","ENTE 3":null,"MOTIVO_NO":"Manca autorizz","STATO_AUTORIZZAZIONE":"IN ATTESA","STATO_NULLAOSTA":"NON NECESSARIO","STATO_ORDINANZA":"NON NECESSARIO","PROTOCOLLO_AUT":null,"PRATICA":null,"LAVORABILE":"NO","STATO_LEGENDA":"IN ATTESA","CAMPO AWS":"NOT STARTED"},"geometry":{"type":"MultiLineString","coordinates":[[[1072571.744766272837296,5719679.422754210419953,0.0],[1072542.64418582408689,5719678.763633731752634,0.0],[1072517.877348742680624,5719666.290390317328274,0.0],[1072500.782929234905168,5719654.007323831319809,0.0],[1072494.217379772337154,5719652.721130531281233,0.0]]]}},
{"type":"Feature","properties":{"fid":774,"TIPOLOGIA":"CANALETTA","PROVINCIA":"BG","COMUNE":"BREMBATE","CLUSTER":"7","ROUTE":"32","ENTE":"PROVINCIA DI BERGAMO","ENTE 2":"RIP","LUNGHEZZA":47.32,"SPAN":"32","LOTTO":"7","TRATTA_ID":"TR_0774","ENTE 3":null,"MOTIVO_NO":"Manca autorizz","STATO_AUTORIZZAZIONE":"IN ATTESA","STATO_NULLAOSTA":"NON NECESSARIO","STATO_ORDINANZA":"NON NECESSARIO","PROTOCOLLO_AUT":null,"PRATICA":null,"LAVORABILE":"NO","STATO_LEGENDA":"IN ATTESA","CAMPO AWS":"NOT STARTED"},"geometry":{"type":"MultiLineString","coordinates":[[[1064374.005717686610296,5717992.061857051216066,0.0],[1064415.458065635757521,5717995.469289387576282,0.0],[1064441.375184525968507,5717996.614927129819989,0.0]]]}},
{"type":"Feature","properties":{"fid":775,"TIPOLOGIA":"NO DIG","PROVINCIA":"BG","COMUNE":"BREMBATE","CLUSTER":"7","ROUTE":"45","ENTE":"PROVINCIA DI BERGAMO","ENTE 2":"","LUNGHEZZA":31.56,"SPAN":"45_1","LOTTO":"7","TRATTA_ID":"TR_0775","ENTE 3":null,"MOTIVO_NO":"Manca autorizz","STATO_AUTORIZZAZIONE":"IN ATTESA","STATO_NULLAOSTA":"NON NECESSARIO","STATO_ORDINANZA":"NON NECESSARIO","PROTOCOLLO_AUT":null,"PRATICA":null,"LAVORABILE":"NO","STATO_LEGENDA":"IN ATTESA","CAMPO AWS":"NOT STARTED"},"geometry":{"type":"MultiLineString","coordinates":[[[1062976.774145971052349,5717660.061535614542663,0.0],[1062968.196911179693416,5717699.82854504045099,0.0],[1062966.839421486947685,5717704.1200783662498,0.0]]]}},
{"type":"Feature","properties":{"fid":776,"TIPOLOGIA":"NO DIG","PROVINCIA":"BG","COMUNE":"BREMBATE","CLUSTER":"7","ROUTE":"45","ENTE":"COMUNE","ENTE 2":null,"LUNGHEZZA":207.19,"SPAN":"45_1","LOTTO":"7","TRATTA_ID":"TR_0776","ENTE 3":null,"MOTIVO_NO":"Manca autorizz","STATO_AUTORIZZAZIONE":"IN ATTESA","STATO_NULLAOSTA":"NON NECESSARIO","STATO_ORDINANZA":"NON NECESSARIO","PROTOCOLLO_AUT":null,"PRATICA":null,"LAVORABILE":"NO","STATO_LEGENDA":"IN ATTESA","CAMPO AWS":"NOT STARTED"},"geometry":{"type":"MultiLineString","coordinates":[[[1063014.93151200376451,5717371.113860625773668,0.0],[1063001.681743457680568,5717395.911556246690452,0.0],[1063005.015491716563702,5717410.631059930659831,0.0],[1063011.878750168951228,5717438.833395618014038,0.0],[1063011.38107472541742,5717467.660810553468764,0.0],[1062985.086599019588903,5717621.521973246708512,0.0],[1062976.774145971052349,5717660.061535614542663,0.0]]]}},
{"type":"Feature","properties":{"fid":777,"TIPOLOGIA":"NO DIG","PROVINCIA":"BG","COMUNE":"BREMBATE","CLUSTER":"7","ROUTE":"45","ENTE":"PROVINCIA DI BERGAMO","ENTE 2":"","LUNGHEZZA":47.98,"SPAN":"45_1","LOTTO":"7","TRATTA_ID":"TR_0777","ENTE 3":null,"MOTIVO_NO":"Manca autorizz","STATO_AUTORIZZAZIONE":"IN ATTESA","STATO_NULLAOSTA":"NON NECESSARIO","STATO_ORDINANZA":"NON NECESSARIO","PROTOCOLLO_AUT":null,"PRATICA":null,"LAVORABILE":"NO","STATO_LEGENDA":"IN ATTESA","CAMPO AWS":"NOT STARTED"},"geometry":{"type":"MultiLineString","coordinates":[[[1062639.800447896588594,5718656.137347476556897,0.0],[1062636.021520647918805,5718667.864001406356692,0.0],[1062609.273493057582527,5718717.442953393794596,0.0]]]}},
{"type":"Feature","properties":{"fid":778,"TIPOLOGIA":"NO DIG","PROVINCIA":"BG","COMUNE":"BREMBATE","CLUSTER":"7","ROUTE":"45","ENTE":"COMUNE","ENTE 2":null,"LUNGHEZZA":196.43,"SPAN":"45_1","LOTTO":"7","TRATTA_ID":"TR_0778","ENTE 3":null,"MOTIVO_NO":"Manca autorizz","STATO_AUTORIZZAZIONE":"IN ATTESA","STATO_NULLAOSTA":"NON NECESSARIO","STATO_ORDINANZA":"NON NECESSARIO","PROTOCOLLO_AUT":null,"PRATICA":null,"LAVORABILE":"NO","STATO_LEGENDA":"IN ATTESA","CAMPO AWS":"NOT STARTED"},"geometry":{"type":"MultiLineString","coordinates":[[[1062609.273493057582527,5718717.442953393794596,0.0],[1062604.988406939664856,5718725.385565311647952,0.0],[1062527.607005106518045,5718907.466021153144538,0.0],[1062497.468697004253045,5718975.321803038008511,0.0]]]}},
{"type":"Feature","properties":{"fid":779,"TIPOLOGIA":"NO DIG","PROVINCIA":"BG","COMUNE":"BREMBATE","CLUSTER":"7","ROUTE":"45","ENTE":"COMUNE","ENTE 2":null,"LUNGHEZZA":40.08,"SPAN":"45_1","LOTTO":"7","TRATTA_ID":"TR_0779","ENTE 3":null,"MOTIVO_NO":"Manca autorizz","STATO_AUTORIZZAZIONE":"IN ATTESA","STATO_NULLAOSTA":"NON NECESSARIO","STATO_ORDINANZA":"NON NECESSARIO","PROTOCOLLO_AUT":null,"PRATICA":null,"LAVORABILE":"NO","STATO_LEGENDA":"IN ATTESA","CAMPO AWS":"NOT STARTED"},"geometry":{"type":"MultiLineString","coordinates":[[[1061775.448729353025556,5720789.451858470216393,0.0],[1061744.778604604303837,5720837.902040767483413,0.0]]]}},
{"type":"Feature","properties":{"fid":780,"TIPOLOGIA":"NO DIG","PROVINCIA":"BG","COMUNE":"AZZANO SAN PAOLO","CLUSTER":"6","ROUTE":"2","ENTE":"PROVINCIA DI BERGAMO","ENTE 2":null,"LUNGHEZZA":108.23,"SPAN":"2_1","LOTTO":"7","TRATTA_ID":"TR_0780","ENTE 3":null,"MOTIVO_NO":"Manca autorizz","STATO_AUTORIZZAZIONE":"IN ATTESA","STATO_NULLAOSTA":"NON NECESSARIO","STATO_ORDINANZA":"NON NECESSARIO","PROTOCOLLO_AUT":null,"PRATICA":null,"LAVORABILE":"NO","STATO_LEGENDA":"IN ATTESA","CAMPO AWS":"NOT STARTED"},"geometry":{"type":"MultiLineString","coordinates":[[[1079212.734383282251656,5725747.683208836242557,0.0],[1079255.142459084512666,5725751.712918010540307,0.0],[1079341.206509156152606,5725744.726405788213015,0.0],[1079356.616486878599972,5725724.16283165384084,0.0]]]}},
{"type":"Feature","properties":{"fid":781,"TIPOLOGIA":"NO DIG","PROVINCIA":"MI","COMUNE":"CASSANO D'ADDA","CLUSTER":"3","ROUTE":"6","ENTE":"PROVINCIA DI CREMONA","ENTE 2":"AUTOSTRADE","LUNGHEZZA":66.1,"SPAN":"6_2","LOTTO":"4","TRATTA_ID":"TR_0781","ENTE 3":null,"MOTIVO_NO":"Manca autorizz","STATO_AUTORIZZAZIONE":"IN ATTESA","STATO_NULLAOSTA":"NON NECESSARIO","STATO_ORDINANZA":"NON NECESSARIO","PROTOCOLLO_AUT":null,"PRATICA":null,"LAVORABILE":"NO","STATO_LEGENDA":"IN ATTESA","CAMPO AWS":"NOT STARTED"},"geometry":{"type":"MultiLineString","coordinates":[[[1059902.634630221873522,5702183.60018261987716,0.0],[1059896.245284603908658,5702166.318667122162879,0.0],[1059875.972554991953075,5702093.052306106314063,0.0]]]}},
{"type":"Feature","properties":{"fid":782,"TIPOLOGIA":"NO DIG","PROVINCIA":"MI","COMUNE":"CASSANO D'ADDA","CLUSTER":"3","ROUTE":"6","ENTE":"PROVINCIA DI CREMONA","ENTE 2":null,"LUNGHEZZA":193.94,"SPAN":"6_2","LOTTO":"4","TRATTA_ID":"TR_0782","ENTE 3":null,"MOTIVO_NO":"Manca autorizz","STATO_AUTORIZZAZIONE":"IN ATTESA","STATO_NULLAOSTA":"NON NECESSARIO","STATO_ORDINANZA":"NON NECESSARIO","PROTOCOLLO_AUT":null,"PRATICA":null,"LAVORABILE":"NO","STATO_LEGENDA":"IN ATTESA","CAMPO AWS":"NOT STARTED"},"geometry":{"type":"MultiLineString","coordinates":[[[1059875.972554991953075,5702093.052306106314063,0.0],[1059873.606841071043164,5702084.50248921662569,0.0],[1059849.231593484757468,5701817.305504295043647,0.0]]]}},
{"type":"Feature","properties":{"fid":783,"TIPOLOGIA":"NO DIG","PROVINCIA":"MI","COMUNE":"CASSANO D'ADDA","CLUSTER":"3","ROUTE":"6","ENTE":"PROVINCIA DI CREMONA","ENTE 2":"RFI","LUNGHEZZA":43.29,"SPAN":"6_2","LOTTO":"4","TRATTA_ID":"TR_0783","ENTE 3":null,"MOTIVO_NO":"Manca autorizz","STATO_AUTORIZZAZIONE":"IN ATTESA","STATO_NULLAOSTA":"NON NECESSARIO","STATO_ORDINANZA":"NON NECESSARIO","PROTOCOLLO_AUT":null,"PRATICA":null,"LAVORABILE":"NO","STATO_LEGENDA":"IN ATTESA","CAMPO AWS":"NOT STARTED"},"geometry":{"type":"MultiLineString","coordinates":[[[1059941.137695498531684,5702287.740124232135713,0.0],[1059919.689645972801372,5702229.729367763735354,0.0]]]}},
{"type":"Feature","properties":{"fid":784,"TIPOLOGIA":"NO DIG","PROVINCIA":"MI","COMUNE":"CASSANO D'ADDA","CLUSTER":"3","ROUTE":"6","ENTE":"PROVINCIA DI CREMONA","ENTE 2":null,"LUNGHEZZA":34.42,"SPAN":"6_2","LOTTO":"4","TRATTA_ID":"TR_0784","ENTE 3":null,"MOTIVO_NO":"Manca autorizz","STATO_AUTORIZZAZIONE":"IN ATTESA","STATO_NULLAOSTA":"NON NECESSARIO","STATO_ORDINANZA":"NON NECESSARIO","PROTOCOLLO_AUT":null,"PRATICA":null,"LAVORABILE":"NO","STATO_LEGENDA":"IN ATTESA","CAMPO AWS":"NOT STARTED"},"geometry":{"type":"MultiLineString","coordinates":[[[1059919.689645972801372,5702229.729367763735354,0.0],[1059902.634630221873522,5702183.60018261987716,0.0]]]}},
{"type":"Feature","properties":{"fid":785,"TIPOLOGIA":"NO DIG","PROVINCIA":"BG","COMUNE":"LEVATE","CLUSTER":"3","ROUTE":"6","ENTE":"PROVINCIA DI BERGAMO","ENTE 2":null,"LUNGHEZZA":161.83,"SPAN":"6_2","LOTTO":"4","TRATTA_ID":"TR_0785","ENTE 3":null,"MOTIVO_NO":"Manca autorizz","STATO_AUTORIZZAZIONE":"IN ATTESA","STATO_NULLAOSTA":"NON NECESSARIO","STATO_ORDINANZA":"NON NECESSARIO","PROTOCOLLO_AUT":null,"PRATICA":null,"LAVORABILE":"NO","STATO_LEGENDA":"IN ATTESA","CAMPO AWS":"NOT STARTED"},"geometry":{"type":"MultiLineString","coordinates":[[[1072576.35771578294225,5719676.203899570740759,0.0],[1072556.323581451317295,5719628.453355116769671,0.0],[1072490.911650939844549,5719460.909117946401238,0.0]]]}},
{"type":"Feature","properties":{"fid":786,"TIPOLOGIA":"NO DIG","PROVINCIA":"BG","COMUNE":"ZANICA","CLUSTER":"7","ROUTE":"38","ENTE":"ANAS","ENTE 2":null,"LUNGHEZZA":696.69,"SPAN":"38","LOTTO":"7","TRATTA_ID":"TR_0786","ENTE 3":null,"MOTIVO_NO":"Manca autorizz","STATO_AUTORIZZAZIONE":"IN ATTESA","STATO_NULLAOSTA":"NON NECESSARIO","STATO_ORDINANZA":"NON NECESSARIO","PROTOCOLLO_AUT":null,"PRATICA":null,"LAVORABILE":"NO","STATO_LEGENDA":"IN ATTESA","CAMPO AWS":"NOT STARTED"},"geometry":{"type":"MultiLineString","coordinates":[[[1079843.215378681896254,5725198.285049672238529,0.0],[1079890.631621490698308,5725154.651594780385494,0.0],[1079953.983476536115631,5725091.844871994107962,0.0],[1080053.90653188386932,5724991.434054004959762,0.0],[1080122.47546087554656,5724908.261620155535638,0.0],[1080179.200784879503772,5724830.396609590388834,0.0],[1080232.121239650994539,5724742.014869869686663,0.0],[1080274.452642627293244,5724657.353921208530664,0.0],[1080289.459735366282985,5724613.989286917261779,0.0],[1080297.79407955869101,5724579.720481164753437,0.0],[1080337.668805360095575,5724483.03389046061784,0.0],[1080360.477204589173198,5724403.889529901556671,0.0],[1080367.800540070515126,5724372.692226435057819,0.0]]]}},
{"type":"Feature","properties":{"fid":787,"TIPOLOGIA":"NO DIG","PROVINCIA":"BG","COMUNE":"ZANICA","CLUSTER":"6","ROUTE":"50","ENTE":"COMUNE","ENTE 2":null,"LUNGHEZZA":740.23,"SPAN":"50","LOTTO":"7","TRATTA_ID":"TR_0787","ENTE 3":null,"MOTIVO_NO":"Manca autorizz","STATO_AUTORIZZAZIONE":"IN ATTESA","STATO_NULLAOSTA":"NON NECESSARIO","STATO_ORDINANZA":"NON NECESSARIO","PROTOCOLLO_AUT":null,"PRATICA":null,"LAVORABILE":"NO","STATO_LEGENDA":"IN ATTESA","CAMPO AWS":"NOT STARTED"},"geometry":{"type":"MultiLineString","coordinates":[[[1080626.683938963571563,5725430.603748373687267,0.0],[1080606.105238372925669,5725348.458762666210532,0.0],[1080573.916414164938033,5725207.434233260340989,0.0],[1080565.137995236320421,5725142.877813970670104,0.0],[1080567.909311888273805,5724955.290183247998357,0.0],[1080568.297513966448605,5724855.803851353935897,0.0],[1080548.258127385750413,5724803.388802854344249,0.0],[1080521.842628851300105,5724744.06041048746556,0.0],[1080505.364532118197531,5724665.63545283395797,0.0],[1080498.806641225004569,5724494.297594181261957,0.0],[1080486.833112097810954,5724425.339159715920687,0.0],[1080472.130851557245478,5724405.193494271486998,0.0],[1080461.349015217740089,5724401.853376622311771,0.0]]]}},
{"type":"Feature","properties":{"fid":788,"TIPOLOGIA":"NO DIG","PROVINCIA":"BG","COMUNE":"ZANICA","CLUSTER":"6","ROUTE":"50","ENTE":"ANAS","ENTE 2":null,"LUNGHEZZA":68.6,"SPAN":"50","LOTTO":"7","TRATTA_ID":"TR_0788","ENTE 3":null,"MOTIVO_NO":"Manca autorizz","STATO_AUTORIZZAZIONE":"IN ATTESA","STATO_NULLAOSTA":"NON NECESSARIO","STATO_ORDINANZA":"NON NECESSARIO","PROTOCOLLO_AUT":null,"PRATICA":null,"LAVORABILE":"NO","STATO_LEGENDA":"IN ATTESA","CAMPO AWS":"NOT STARTED"},"geometry":{"type":"MultiLineString","coordinates":[[[1080461.349015217740089,5724401.853376622311771,0.0],[1080367.800540070515126,5724372.692226435057819,0.0]]]}},
{"type":"Feature","properties":{"fid":789,"TIPOLOGIA":"NO DIG","PROVINCIA":"BG","COMUNE":"ZANICA","CLUSTER":"7","ROUTE":"38","ENTE":"ANAS","ENTE 2":null,"LUNGHEZZA":101.24,"SPAN":"38","LOTTO":"7","TRATTA_ID":"TR_0789","ENTE 3":null,"MOTIVO_NO":"Manca autorizz","STATO_AUTORIZZAZIONE":"IN ATTESA","STATO_NULLAOSTA":"NON NECESSARIO","STATO_ORDINANZA":"NON NECESSARIO","PROTOCOLLO_AUT":null,"PRATICA":null,"LAVORABILE":"NO","STATO_LEGENDA":"IN ATTESA","CAMPO AWS":"NOT STARTED"},"geometry":{"type":"MultiLineString","coordinates":[[[1080367.800540070515126,5724372.692226435057819,0.0],[1080397.490900673205033,5724257.840105032548308,0.0],[1080396.006723368773237,5724241.841331736184657,0.0],[1080391.941080678254366,5724232.349306954070926,0.0]]]}},
{"type":"Feature","properties":{"fid":791,"TIPOLOGIA":"NO DIG","PROVINCIA":"BG","COMUNE":"ZANICA","CLUSTER":"6","ROUTE":"2","ENTE":"ANAS","ENTE 2":null,"LUNGHEZZA":336.59,"SPAN":"2_1","LOTTO":"7","TRATTA_ID":"TR_0791","ENTE 3":null,"MOTIVO_NO":"Manca autorizz","STATO_AUTORIZZAZIONE":"IN ATTESA","STATO_NULLAOSTA":"NON NECESSARIO","STATO_ORDINANZA":"NON NECESSARIO","PROTOCOLLO_AUT":null,"PRATICA":null,"LAVORABILE":"NO","STATO_LEGENDA":"IN ATTESA","CAMPO AWS":"NOT STARTED"},"geometry":{"type":"MultiLineString","coordinates":[[[1079499.052232595160604,5725534.088474199175835,0.0],[1079533.662948510842398,5725494.506005682982504,0.0],[1079573.416868642438203,5725449.151218836195767,0.0],[1079632.102453133091331,5725389.540619509294629,0.0],[1079718.746687878854573,5725307.883251352235675,0.0],[1079810.564098871545866,5725224.473388092592359,0.0],[1079843.215378681896254,5725198.285049672238529,0.0]]]}},
{"type":"Feature","properties":{"fid":792,"TIPOLOGIA":"SCAVO","PROVINCIA":"BG","COMUNE":"BERGAMO","CLUSTER":"3","ROUTE":"3","ENTE":"COMUNE","ENTE 2":null,"LUNGHEZZA":439.24,"SPAN":"3_2_1","LOTTO":"1","TRATTA_ID":"TR_0792","ENTE 3":null,"MOTIVO_NO":"Manca autorizz","STATO_AUTORIZZAZIONE":"IN ATTESA","STATO_NULLAOSTA":"NON NECESSARIO","STATO_ORDINANZA":"NON NECESSARIO","PROTOCOLLO_AUT":null,"PRATICA":null,"LAVORABILE":"NO","STATO_LEGENDA":"IN ATTESA","CAMPO AWS":"NOT STARTED"},"geometry":{"type":"MultiLineString","coordinates":[[[1073963.383393958909437,5728756.889206275343895,0.0],[1074046.589109949301928,5728850.073726885020733,0.0],[1074066.557624086039141,5728836.760226925835013,0.0],[1074430.905556523008272,5728615.570784064941108,0.0],[1074476.628428680356592,5728588.594791642390192,0.0]]]}},
{"type":"Feature","properties":{"fid":793,"TIPOLOGIA":"NO DIG","PROVINCIA":"MI","COMUNE":"SIZIANO","CLUSTER":"2","ROUTE":"7","ENTE":"COMUNE","ENTE 2":null,"LUNGHEZZA":693.54,"SPAN":"7_1","LOTTO":"2B","TRATTA_ID":"TR_0793","ENTE 3":null,"MOTIVO_NO":null,"STATO_AUTORIZZAZIONE":"OTTENUTO","STATO_NULLAOSTA":"NON NECESSARIO","STATO_ORDINANZA":"NON NECESSARIO","PROTOCOLLO_AUT":null,"PRATICA":"AUT/11/2B","LAVORABILE":"SI","STATO_LEGENDA":"OTTENUTO","CAMPO AWS":"APPROVAL"},"geometry":{"type":"MultiLineString","coordinates":[[[1025212.280293744872324,5672830.212527711875737,0.0],[1025212.534019422833808,5672826.517937623895705,0.0],[1025216.850278638536111,5672795.953771574422717,0.0],[1025215.957641380024143,5672775.163833800703287,0.0],[1025212.629321584128775,5672759.763547388836741,0.0],[1025196.279470647335984,5672753.894082232378423,0.0],[1025172.498783947201446,5672756.823971305973828,0.0],[1025171.330496352864429,5672756.824089742265642,0.0],[1025149.994070863700472,5672762.730028202757239,0.0],[1025102.308870928478427,5672765.285098487511277,0.0],[1025032.575063462019898,5672763.577800488099456,0.0],[1024914.833341772784479,5672765.718635445460677,0.0],[1024774.809492431231774,5672767.911874652840197,0.0],[1024631.53064621379599,5672772.827223289757967,0.0],[1024555.618644201895222,5672772.127962711267173,0.0],[1024508.854702676762827,5672773.548453376628458,0.0],[1024467.675702840904705,5672777.10226081777364,0.0],[1024425.777268056641333,5672791.240322533063591,0.0],[1024393.082981681451201,5672802.746848167851567,0.0],[1024359.679918875335716,5672811.910548216663301,0.0],[1024331.744957325397991,5672813.453918700106442,0.0],[1024306.807025405578315,5672810.99968131724745,0.0]]]}},
{"type":"Feature","properties":{"fid":794,"TIPOLOGIA":"NO DIG","PROVINCIA":"MI","COMUNE":"BINASCO","CLUSTER":"2","ROUTE":"10","ENTE":"PROVINCIA DI MILANO","ENTE 2":null,"LUNGHEZZA":446.86,"SPAN":"10","LOTTO":"2B","TRATTA_ID":"TR_0794","ENTE 3":null,"MOTIVO_NO":null,"STATO_AUTORIZZAZIONE":"OTTENUTO","STATO_NULLAOSTA":"NON NECESSARIO","STATO_ORDINANZA":"NON NECESSARIO","PROTOCOLLO_AUT":"2026/03/24","PRATICA":"AUT/2/2B","LAVORABILE":"SI","STATO_LEGENDA":"OTTENUTO","CAMPO AWS":"APPROVAL"},"geometry":{"type":"MultiLineString","coordinates":[[[1013739.05582062958274,5674726.253305150195956,0.0],[1013735.105537069262937,5674737.804631137289107,0.0],[1013824.186732851783745,5674762.77698159776628,0.0],[1013900.089655451592989,5674817.688528056256473,0.0],[1014048.504505089134909,5675005.940110789611936,0.0],[1014174.709383671404794,5675157.936791623942554,0.0]]]}},
{"type":"Feature","properties":{"fid":795,"TIPOLOGIA":"NO DIG","PROVINCIA":"MI","COMUNE":"CARPIANO","CLUSTER":"3","ROUTE":"8","ENTE":"PROVINCIA DI MILANO","ENTE 2":null,"LUNGHEZZA":16.24,"SPAN":"8_2","LOTTO":"5","TRATTA_ID":"TR_0795","ENTE 3":null,"MOTIVO_NO":"Manca autorizz","STATO_AUTORIZZAZIONE":"IN ATTESA","STATO_NULLAOSTA":"NON NECESSARIO","STATO_ORDINANZA":"NON NECESSARIO","PROTOCOLLO_AUT":null,"PRATICA":null,"LAVORABILE":"NO","STATO_LEGENDA":"IN ATTESA","CAMPO AWS":"NOT STARTED"},"geometry":{"type":"MultiLineString","coordinates":[[[1028866.156308406498283,5674243.781226235441864,0.0],[1028845.614470319123939,5674233.258827852085233,0.0]]]}},
{"type":"Feature","properties":{"fid":796,"TIPOLOGIA":"SCAVO","PROVINCIA":"MI","COMUNE":"RHO","CLUSTER":"1","ROUTE":"9","ENTE":"COMUNE","ENTE 2":null,"LUNGHEZZA":584.33,"SPAN":"9_3","LOTTO":"1A","TRATTA_ID":"TR_0796","ENTE 3":null,"MOTIVO_NO":"Manca autorizz","STATO_AUTORIZZAZIONE":"PROTOCOLLATO","STATO_NULLAOSTA":"NON NECESSARIO","STATO_ORDINANZA":"NON NECESSARIO","PROTOCOLLO_AUT":"2026/03/27","PRATICA":"AUT/20/1A","LAVORABILE":"NO","STATO_LEGENDA":"PROTOCOLLATO","CAMPO AWS":"ON GOING"},"geometry":{"type":"MultiLineString","coordinates":[[[1007496.918219996383414,5704561.984530868008733,0.0],[1007527.663332845666446,5704577.306752922013402,0.0],[1007638.666311559383757,5704630.647321665659547,0.0],[1007722.170550983981229,5704666.440035969018936,0.0],[1007767.558317488059402,5704689.87934213411063,0.0],[1007827.694483509869315,5704718.807598805986345,0.0],[1007887.725215711980127,5704745.105564071796834,0.0],[1007919.989880440873094,5704755.465455896221101,0.0],[1007961.14017211436294,5704762.889065656810999,0.0],[1008005.641526150982827,5704770.689475203864276,0.0],[1008043.280086656566709,5704782.061680687591434,0.0],[1008072.227516420185566,5704799.977495228871703,0.0],[1008102.26051962072961,5704827.370835713110864,0.0],[1008131.682849403121509,5704865.053393873386085,0.0],[1008156.515423029777594,5704902.011935914866626,0.0],[1008184.901744946953841,5704934.374509546905756,0.0],[1008207.103833060129546,5704948.369809877127409,0.0],[1008211.996783414506353,5704949.784367302432656,0.0]]]}},
{"type":"Feature","properties":{"fid":797,"TIPOLOGIA":"SCAVO","PROVINCIA":"MI","COMUNE":"MILANO","CLUSTER":"3","ROUTE":"14","ENTE":"COMUNE","ENTE 2":null,"LUNGHEZZA":581.09,"SPAN":"14_2","LOTTO":"5","TRATTA_ID":"TR_0797","ENTE 3":null,"MOTIVO_NO":"Manca autorizz","STATO_AUTORIZZAZIONE":"IN ATTESA","STATO_NULLAOSTA":"NON NECESSARIO","STATO_ORDINANZA":"NON NECESSARIO","PROTOCOLLO_AUT":null,"PRATICA":null,"LAVORABILE":"NO","STATO_LEGENDA":"IN ATTESA","CAMPO AWS":"NOT STARTED"},"geometry":{"type":"MultiLineString","coordinates":[[[1028634.933388639707118,5693821.169713540934026,0.0],[1028628.593124999781139,5693844.911190972663462,0.0],[1028626.472853759070858,5693876.328723539598286,0.0],[1028626.268175650853664,5693877.133370115421712,0.0],[1028629.205088846152648,5693897.281941535882652,0.0],[1028635.167978573241271,5693916.236639167182148,0.0],[1028644.953373115509748,5693940.791102154180408,0.0],[1028654.754557042731903,5693956.735639727674425,0.0],[1028587.029648758121766,5694031.113250233232975,0.0],[1028507.113621792057529,5694113.059297749772668,0.0],[1028432.390293454285711,5694190.912495345808566,0.0],[1028381.485880145221017,5694243.950887281447649,0.0],[1028361.839870317140594,5694274.888556824997067,0.0],[1028358.297476061503403,5694304.328340112231672,0.0],[1028359.912208526628092,5694357.299930509179831,0.0],[1028363.772836543852463,5694504.563637727871537,0.0],[1028350.006356882047839,5694523.848300755955279,0.0]]]}},
{"type":"Feature","properties":{"fid":798,"TIPOLOGIA":"NO DIG","PROVINCIA":"MI","COMUNE":"SETTIMO MILANESE","CLUSTER":"1","ROUTE":"16","ENTE":"COMUNE","ENTE 2":null,"LUNGHEZZA":220.91,"SPAN":"16_1","LOTTO":"1B","TRATTA_ID":"TR_0798","ENTE 3":null,"MOTIVO_NO":"Manca autorizz","STATO_AUTORIZZAZIONE":"PROTOCOLLATO INTEGRAZIONE","STATO_NULLAOSTA":"NON NECESSARIO","STATO_ORDINANZA":"NON NECESSARIO","PROTOCOLLO_AUT":"2026/03/05","PRATICA":"AUT/1/1B","LAVORABILE":"NO","STATO_LEGENDA":"PROTOCOLLATO INTEGRAZIONE","CAMPO AWS":"DENIED"},"geometry":{"type":"MultiLineString","coordinates":[[[1007976.249866607249714,5696871.41684883646667,0.0],[1008036.687224241904914,5696890.04903972428292,0.0],[1008077.517749016638845,5696904.942699835635722,0.0],[1008125.931184247136116,5696921.553625628352165,0.0],[1008161.772396968095563,5696932.972638741135597,0.0],[1008201.84088974725455,5696940.53222284372896,0.0],[1008229.245997256832197,5696946.644643449224532,0.0],[1008268.052627894678153,5696978.637328347191215,0.0]]]}},
{"type":"Feature","properties":{"fid":799,"TIPOLOGIA":"NO DIG","PROVINCIA":"MI","COMUNE":"MILANO","CLUSTER":"3","ROUTE":"17","ENTE":"ANAS","ENTE 2":null,"LUNGHEZZA":22.35,"SPAN":"17_1","LOTTO":"6","TRATTA_ID":"TR_0799","ENTE 3":null,"MOTIVO_NO":"Manca autorizz","STATO_AUTORIZZAZIONE":"IN ATTESA","STATO_NULLAOSTA":"NON NECESSARIO","STATO_ORDINANZA":"NON NECESSARIO","PROTOCOLLO_AUT":null,"PRATICA":null,"LAVORABILE":"NO","STATO_LEGENDA":"IN ATTESA","CAMPO AWS":"NOT STARTED"},"geometry":{"type":"MultiLineString","coordinates":[[[1014740.653010845649987,5691557.915322097949684,0.0],[1014768.606119519798085,5691573.134845301508904,0.0]]]}},
{"type":"Feature","properties":{"fid":800,"TIPOLOGIA":"SCAVO","PROVINCIA":"MI","COMUNE":"PERO","CLUSTER":"3","ROUTE":"18","ENTE":"COMUNE","ENTE 2":"SATAP","LUNGHEZZA":95.17,"SPAN":"18","LOTTO":"1A","TRATTA_ID":"TR_0800","ENTE 3":null,"MOTIVO_NO":"Manca autorizz | Manca nulla osta","STATO_AUTORIZZAZIONE":"PROTOCOLLATO","STATO_NULLAOSTA":"PROTOCOLLATO INTEGRAZIONE","STATO_ORDINANZA":"NON NECESSARIO","PROTOCOLLO_AUT":"2026/05/13","PRATICA":"AUT/24/1A | NO/21/1A","LAVORABILE":"NO","STATO_LEGENDA":"PROTOCOLLATO","CAMPO AWS":"ON GOING"},"geometry":{"type":"MultiLineString","coordinates":[[[1010874.38897509558592,5702728.250670378096402,0.0],[1010772.980984467663802,5702818.547600303776562,0.0]]]}},
{"type":"Feature","properties":{"fid":801,"TIPOLOGIA":"SCAVO","PROVINCIA":"MI","COMUNE":"PERO","CLUSTER":"3","ROUTE":"18","ENTE":"COMUNE","ENTE 2":null,"LUNGHEZZA":282.98,"SPAN":"18","LOTTO":"1A","TRATTA_ID":"TR_0801","ENTE 3":null,"MOTIVO_NO":"Manca autorizz","STATO_AUTORIZZAZIONE":"PROTOCOLLATO","STATO_NULLAOSTA":"NON NECESSARIO","STATO_ORDINANZA":"NON NECESSARIO","PROTOCOLLO_AUT":"2026/05/13","PRATICA":"AUT/24/1A","LAVORABILE":"NO","STATO_LEGENDA":"PROTOCOLLATO","CAMPO AWS":"ON GOING"},"geometry":{"type":"MultiLineString","coordinates":[[[1010772.980984467663802,5702818.547600303776562,0.0],[1010443.678879097569734,5703051.879875035956502,0.0]]]}},
{"type":"Feature","properties":{"fid":802,"TIPOLOGIA":"NO DIG","PROVINCIA":"MI","COMUNE":"PERO","CLUSTER":"4","ROUTE":"19","ENTE":"COMUNE","ENTE 2":null,"LUNGHEZZA":48.37,"SPAN":"19","LOTTO":"6","TRATTA_ID":"TR_0802","ENTE 3":null,"MOTIVO_NO":"Manca autorizz","STATO_AUTORIZZAZIONE":"IN ATTESA","STATO_NULLAOSTA":"NON NECESSARIO","STATO_ORDINANZA":"NON NECESSARIO","PROTOCOLLO_AUT":null,"PRATICA":null,"LAVORABILE":"NO","STATO_LEGENDA":"IN ATTESA","CAMPO AWS":"NOT STARTED"},"geometry":{"type":"MultiLineString","coordinates":[[[1012745.389876256813295,5701685.141161834821105,0.0],[1012740.879394963732921,5701628.575812842696905,0.0],[1012737.510109101422131,5701616.667364517226815,0.0]]]}},
{"type":"Feature","properties":{"fid":803,"TIPOLOGIA":"SCAVO","PROVINCIA":"MI","COMUNE":"PERO","CLUSTER":"3","ROUTE":"5","ENTE":"COMUNE","ENTE 2":null,"LUNGHEZZA":39.64,"SPAN":"5","LOTTO":"3","TRATTA_ID":"TR_0803","ENTE 3":null,"MOTIVO_NO":"Manca autorizz","STATO_AUTORIZZAZIONE":"IN ATTESA","STATO_NULLAOSTA":"NON NECESSARIO","STATO_ORDINANZA":"NON NECESSARIO","PROTOCOLLO_AUT":null,"PRATICA":null,"LAVORABILE":"NO","STATO_LEGENDA":"IN ATTESA","CAMPO AWS":"NOT STARTED"},"geometry":{"type":"MultiLineString","coordinates":[[[1012798.558016962371767,5701666.048733068630099,0.0],[1012745.389876256813295,5701685.141161834821105,0.0]]]}},
{"type":"Feature","properties":{"fid":804,"TIPOLOGIA":"SCAVO","PROVINCIA":"BG","COMUNE":"BERGAMO","CLUSTER":"3","ROUTE":"42","ENTE":"COMUNE","ENTE 2":null,"LUNGHEZZA":22.43,"SPAN":"42","LOTTO":"1","TRATTA_ID":"TR_0804","ENTE 3":null,"MOTIVO_NO":"Manca autorizz","STATO_AUTORIZZAZIONE":"IN ATTESA","STATO_NULLAOSTA":"NON NECESSARIO","STATO_ORDINANZA":"NON NECESSARIO","PROTOCOLLO_AUT":null,"PRATICA":null,"LAVORABILE":"NO","STATO_LEGENDA":"IN ATTESA","CAMPO AWS":"NOT STARTED"},"geometry":{"type":"MultiLineString","coordinates":[[[1073698.94174148584716,5728427.859465656802058,0.0],[1073719.376419586827978,5728452.62173979356885,0.0]]]}},
{"type":"Feature","properties":{"fid":805,"TIPOLOGIA":"NO DIG","PROVINCIA":"BG","COMUNE":"FILAGO","CLUSTER":"7","ROUTE":"45","ENTE":"PROVINCIA DI BERGAMO","ENTE 2":null,"LUNGHEZZA":617.61,"SPAN":"45_1","LOTTO":"7","TRATTA_ID":"TR_0805","ENTE 3":null,"MOTIVO_NO":"Manca autorizz","STATO_AUTORIZZAZIONE":"IN ATTESA","STATO_NULLAOSTA":"NON NECESSARIO","STATO_ORDINANZA":"NON NECESSARIO","PROTOCOLLO_AUT":null,"PRATICA":null,"LAVORABILE":"NO","STATO_LEGENDA":"IN ATTESA","CAMPO AWS":"NOT STARTED"},"geometry":{"type":"MultiLineString","coordinates":[[[1061755.974516781745479,5721925.568028472363949,0.0],[1061756.40887350961566,5721926.257792179472744,0.0],[1061758.07343490421772,5721928.67863807734102,0.0],[1062127.132168932585046,5722565.255079661495984,0.0],[1062130.379140584496781,5722586.636704228818417,0.0],[1062132.087776753818616,5722609.974594910629094,0.0],[1062141.323047849116847,5722656.611124966293573,0.0],[1062185.013523552333936,5722684.44652328081429,0.0]]]}},
{"type":"Feature","properties":{"fid":806,"TIPOLOGIA":"NO DIG","PROVINCIA":"BG","COMUNE":"CAPRIATE SAN GERVASIO","CLUSTER":"7","ROUTE":"45","ENTE":"PROVINCIA DI BERGAMO","ENTE 2":null,"LUNGHEZZA":230.92,"SPAN":"45_1","LOTTO":"7","TRATTA_ID":"TR_0806","ENTE 3":null,"MOTIVO_NO":"Manca autorizz","STATO_AUTORIZZAZIONE":"IN ATTESA","STATO_NULLAOSTA":"NON NECESSARIO","STATO_ORDINANZA":"NON NECESSARIO","PROTOCOLLO_AUT":null,"PRATICA":null,"LAVORABILE":"NO","STATO_LEGENDA":"IN ATTESA","CAMPO AWS":"NOT STARTED"},"geometry":{"type":"MultiLineString","coordinates":[[[1061577.539549619657919,5721648.445041925646365,0.0],[1061583.535405185539275,5721651.72668306902051,0.0],[1061755.974516781745479,5721925.568028472363949,0.0]]]}},
{"type":"Feature","properties":{"fid":807,"TIPOLOGIA":"NO DIG","PROVINCIA":"BG","COMUNE":"ZANICA","CLUSTER":"6","ROUTE":"51","ENTE":"COMUNE","ENTE 2":null,"LUNGHEZZA":187.98,"SPAN":"51","LOTTO":"7","TRATTA_ID":"TR_0807","ENTE 3":null,"MOTIVO_NO":"Manca autorizz","STATO_AUTORIZZAZIONE":"IN ATTESA","STATO_NULLAOSTA":"NON NECESSARIO","STATO_ORDINANZA":"NON NECESSARIO","PROTOCOLLO_AUT":null,"PRATICA":null,"LAVORABILE":"NO","STATO_LEGENDA":"IN ATTESA","CAMPO AWS":"NOT STARTED"},"geometry":{"type":"MultiLineString","coordinates":[[[1080688.773990823887289,5725692.662046167999506,0.0],[1080638.180748355574906,5725476.49575056321919,0.0],[1080626.683938963571563,5725430.603748373687267,0.0]]]}},
{"type":"Feature","properties":{"fid":810,"TIPOLOGIA":"NO DIG","PROVINCIA":"MI","COMUNE":"BINASCO","CLUSTER":"2","ROUTE":"10","ENTE":"PROVINCIA DI MILANO","ENTE 2":"VILLORESI","LUNGHEZZA":107.15,"SPAN":"10","LOTTO":"2B","TRATTA_ID":"TR_0810","ENTE 3":null,"MOTIVO_NO":"Manca nulla osta","STATO_AUTORIZZAZIONE":"OTTENUTO","STATO_NULLAOSTA":"NECESSARIA INTEGRAZIONE","STATO_ORDINANZA":"NON NECESSARIO","PROTOCOLLO_AUT":null,"PRATICA":"AUT/2/2B | NO/6/2B","LAVORABILE":"NO","STATO_LEGENDA":"OTTENUTO","CAMPO AWS":"APPROVAL"},"geometry":{"type":"MultiLineString","coordinates":[[[1013763.116226469748653,5674575.499490006826818,0.0],[1013740.290743822930381,5674719.308420120738447,0.0],[1013739.05582062958274,5674726.253305150195956,0.0]]]}},
{"type":"Feature","properties":{"fid":811,"TIPOLOGIA":"NO DIG","PROVINCIA":"MI","COMUNE":"BINASCO","CLUSTER":"2","ROUTE":"10","ENTE":"PROVINCIA DI MILANO","ENTE 2":null,"LUNGHEZZA":52.55,"SPAN":"10","LOTTO":"2B","TRATTA_ID":"TR_0811","ENTE 3":null,"MOTIVO_NO":null,"STATO_AUTORIZZAZIONE":"OTTENUTO","STATO_NULLAOSTA":"NON NECESSARIO","STATO_ORDINANZA":"NON NECESSARIO","PROTOCOLLO_AUT":"2026/03/30","PRATICA":"AUT/10/2B","LAVORABILE":"SI","STATO_LEGENDA":"OTTENUTO","CAMPO AWS":"APPROVAL"},"geometry":{"type":"MultiLineString","coordinates":[[[1013770.145856227143668,5674500.954802854917943,0.0],[1013763.116226469748653,5674575.499490006826818,0.0]]]}},
{"type":"Feature","properties":{"fid":812,"TIPOLOGIA":"NO DIG","PROVINCIA":"MI","COMUNE":"ZIBIDO SAN GIACOMO","CLUSTER":"2","ROUTE":"10","ENTE":"PROVINCIA DI MILANO","ENTE 2":null,"LUNGHEZZA":898.74,"SPAN":"10","LOTTO":"2B","TRATTA_ID":"TR_0385","ENTE 3":null,"MOTIVO_NO":null,"STATO_AUTORIZZAZIONE":"OTTENUTO","STATO_NULLAOSTA":"NON NECESSARIO","STATO_ORDINANZA":"NON NECESSARIO","PROTOCOLLO_AUT":"2026/03/24","PRATICA":"AUT/2/2B","LAVORABILE":"SI","STATO_LEGENDA":"OTTENUTO","CAMPO AWS":"APPROVAL"},"geometry":{"type":"MultiLineString","coordinates":[[[1014379.184946050518192,5677689.601349789649248,0.0],[1014347.061240636743605,5677765.45577509328723,0.0],[1014329.742751559824683,5677786.113022685050964,0.0],[1014302.754571393830702,5677823.469921414740384,0.0],[1014268.311399946920574,5677875.763918283395469,0.0],[1014234.553834555670619,5677928.484229418449104,0.0],[1014228.040316109196283,5677942.066037143580616,0.0],[1014211.61094674852211,5677993.779426084831357,0.0],[1014198.81736445473507,5678037.095257000997663,0.0],[1014062.78467643680051,5678651.565607643686235,0.0],[1014062.78467643680051,5678651.565607643686235,0.0],[1014042.938937796046957,5678780.33427126519382,0.0],[1014066.526270559174009,5678904.068116794340312,0.0]]]}},
{"type":"Feature","properties":{"fid":813,"TIPOLOGIA":"SCAVO","PROVINCIA":"MI","COMUNE":"CORNAREDO","CLUSTER":"1","ROUTE":"23","ENTE":"COMUNE","ENTE 2":null,"LUNGHEZZA":79.11,"SPAN":"23","LOTTO":"1A","TRATTA_ID":"TR_0813","ENTE 3":null,"MOTIVO_NO":"Manca autorizz","STATO_AUTORIZZAZIONE":"INVIATO","STATO_NULLAOSTA":"NON NECESSARIO","STATO_ORDINANZA":"NON NECESSARIO","PROTOCOLLO_AUT":null,"PRATICA":"AUT/1/1A","LAVORABILE":"NO","STATO_LEGENDA":"INVIATO","CAMPO AWS":"ON GOING"},"geometry":{"type":"MultiLineString","coordinates":[[[1005767.198980790446512,5696034.919289790093899,0.0],[1005786.303031526156701,5696053.394564992748201,0.0],[1005865.07904058508575,5696088.239147263579071,0.0]]]}},
{"type":"Feature","properties":{"fid":814,"TIPOLOGIA":"SCAVO","PROVINCIA":"MI","COMUNE":"CORNAREDO","CLUSTER":"1","ROUTE":"23","ENTE":"PROVINCIA DI MILANO","ENTE 2":"","LUNGHEZZA":326.49,"SPAN":"23","LOTTO":"1A","TRATTA_ID":"TR_0814","ENTE 3":null,"MOTIVO_NO":"Manca autorizz","STATO_AUTORIZZAZIONE":"NECESSARIA INTEGRAZIONE","STATO_NULLAOSTA":"NON NECESSARIO","STATO_ORDINANZA":"NON NECESSARIO","PROTOCOLLO_AUT":"2026/03/24","PRATICA":"AUT/3/1A","LAVORABILE":"NO","STATO_LEGENDA":"NECESSARIA INTEGRAZIONE","CAMPO AWS":"ON GOING"},"geometry":{"type":"MultiLineString","coordinates":[[[1004273.322526476229541,5702120.056180899962783,0.0],[1004241.175549498992041,5702116.187494674697518,0.0],[1004134.763540465733968,5702096.793780491687357,0.0],[1003989.446014670422301,5702007.280169761739671,0.0],[1003887.412048816448078,5701940.300817945040762,0.0],[1003868.006816046661697,5701914.635832668282092,0.0]]]}},
{"type":"Feature","properties":{"fid":815,"TIPOLOGIA":"NO DIG","PROVINCIA":"MI","COMUNE":"BASIGLIO","CLUSTER":"2","ROUTE":"13","ENTE":"COMUNE","ENTE 2":null,"LUNGHEZZA":1133.16,"SPAN":"13_1","LOTTO":"2A","TRATTA_ID":"TR_0815","ENTE 3":null,"MOTIVO_NO":"Manca autorizz","STATO_AUTORIZZAZIONE":"PROTOCOLLATO INTEGRAZIONE","STATO_NULLAOSTA":"INVIATO","STATO_ORDINANZA":"NON NECESSARIO","PROTOCOLLO_AUT":"2026/03/17","PRATICA":"AUT/1/2A | NO/14/2A","LAVORABILE":"NO","STATO_LEGENDA":"PROTOCOLLATO INTEGRAZIONE","CAMPO AWS":"ON GOING"},"geometry":{"type":"MultiLineString","coordinates":[[[1020628.28692237730138,5676140.025634012185037,0.0],[1020601.659077728516422,5676073.114474734291434,0.0],[1020711.777445118641481,5675936.268348271027207,0.0],[1020878.55866174842231,5675749.174034742638469,0.0],[1021013.266567487851717,5675647.608550257049501,0.0],[1020840.143732878612354,5675308.478296652436256,0.0],[1020679.524238303536549,5674962.534992653876543,0.0],[1020587.683443329413421,5674803.112087874673307,0.0]]]}},
{"type":"Feature","properties":{"fid":816,"TIPOLOGIA":"SCAVO","PROVINCIA":"MI","COMUNE":"RHO","CLUSTER":"1","ROUTE":"22","ENTE":"COMUNE","ENTE 2":"AIPO","LUNGHEZZA":33.51,"SPAN":"22","LOTTO":"1A","TRATTA_ID":"TR_0816","ENTE 3":null,"MOTIVO_NO":"Manca autorizz | Manca nulla osta","STATO_AUTORIZZAZIONE":"PROTOCOLLATO","STATO_NULLAOSTA":"PROTOCOLLATO","STATO_ORDINANZA":"NON NECESSARIO","PROTOCOLLO_AUT":"2026/03/27","PRATICA":"AUT/20/1A | NO/16/1A","LAVORABILE":"NO","STATO_LEGENDA":"PROTOCOLLATO","CAMPO AWS":"ON GOING"},"geometry":{"type":"MultiLineString","coordinates":[[[1007706.800030805403367,5703577.157447452656925,0.0],[1007686.144911449751817,5703620.338660525158048,0.0]]]}},
{"type":"Feature","properties":{"fid":817,"TIPOLOGIA":"SCAVO","PROVINCIA":"MI","COMUNE":"RHO","CLUSTER":"1","ROUTE":"22","ENTE":"COMUNE","ENTE 2":null,"LUNGHEZZA":91.49,"SPAN":"22","LOTTO":"1A","TRATTA_ID":"TR_0817","ENTE 3":null,"MOTIVO_NO":"Manca autorizz","STATO_AUTORIZZAZIONE":"PROTOCOLLATO","STATO_NULLAOSTA":"NON NECESSARIO","STATO_ORDINANZA":"NON NECESSARIO","PROTOCOLLO_AUT":"2026/03/27","PRATICA":"AUT/20/1A","LAVORABILE":"NO","STATO_LEGENDA":"PROTOCOLLATO","CAMPO AWS":"ON GOING"},"geometry":{"type":"MultiLineString","coordinates":[[[1007738.474273108877242,5703452.325580857694149,0.0],[1007739.894639913807623,5703480.559806191362441,0.0],[1007735.505516601377167,5703503.783760731108487,0.0],[1007713.941937697003596,5703562.226648355834186,0.0],[1007706.800030805403367,5703577.157447452656925,0.0]]]}},
{"type":"Feature","properties":{"fid":818,"TIPOLOGIA":"NO DIG","PROVINCIA":"PV","COMUNE":"SIZIANO","CLUSTER":"2","ROUTE":"13","ENTE":"PROVINCIA DI PAVIA","ENTE 2":"AIPO","LUNGHEZZA":13.83,"SPAN":"13_2","LOTTO":"2A","TRATTA_ID":"TR_0818","ENTE 3":null,"MOTIVO_NO":"Manca autorizz | Manca nulla osta","STATO_AUTORIZZAZIONE":"PROTOCOLLATO INTEGRAZIONE","STATO_NULLAOSTA":"INVIATO","STATO_ORDINANZA":"NON NECESSARIO","PROTOCOLLO_AUT":"2026/04/27","PRATICA":"AUT/11/2A | NO/13/2A","LAVORABILE":"NO","STATO_LEGENDA":"PROTOCOLLATO INTEGRAZIONE","CAMPO AWS":"ON GOING"},"geometry":{"type":"MultiLineString","coordinates":[[[1024337.013733997591771,5673955.454761566594243,0.0],[1024356.653707491233945,5673955.396076391451061,0.0]]]}},
{"type":"Feature","properties":{"fid":822,"TIPOLOGIA":"SCAVO","PROVINCIA":"BG","COMUNE":"OSIO SOTTO","CLUSTER":"3","ROUTE":"4","ENTE":"COMUNE","ENTE 2":null,"LUNGHEZZA":1910.52,"SPAN":"4_2_1","LOTTO":"1","TRATTA_ID":"TR_0290","ENTE 3":null,"MOTIVO_NO":"Manca autorizz","STATO_AUTORIZZAZIONE":"IN ATTESA","STATO_NULLAOSTA":"NON NECESSARIO","STATO_ORDINANZA":"NON NECESSARIO","PROTOCOLLO_AUT":null,"PRATICA":null,"LAVORABILE":"NO","STATO_LEGENDA":"IN ATTESA","CAMPO AWS":"NOT STARTED"},"geometry":{"type":"MultiLineString","coordinates":[[[1066998.920424254378304,5717706.103388695977628,0.0],[1068027.753927489044145,5718735.595993123017251,0.0],[1068101.466449891449884,5718821.343213057145476,0.0],[1068148.853071435587481,5718889.790555289946496,0.0],[1068227.078605413204059,5719061.284995162859559,0.0],[1068292.337396808667108,5719421.354210382327437,0.0],[1068342.160400591790676,5719662.267703321762383,0.0],[1068380.897083282470703,5719863.096718434244394,0.0],[1068381.422362681012601,5719939.131711142137647,0.0]]]}},
{"type":"Feature","properties":{"fid":823,"TIPOLOGIA":"NO DIG","PROVINCIA":"BG","COMUNE":"BOLTIERE","CLUSTER":"3","ROUTE":"4","ENTE":"PROVINCIA DI BERGAMO","ENTE 2":null,"LUNGHEZZA":100.62,"SPAN":"4_2_1","LOTTO":"1","TRATTA_ID":"TR_0005","ENTE 3":null,"MOTIVO_NO":"Manca autorizz","STATO_AUTORIZZAZIONE":"IN ATTESA","STATO_NULLAOSTA":"NON NECESSARIO","STATO_ORDINANZA":"NON NECESSARIO","PROTOCOLLO_AUT":null,"PRATICA":null,"LAVORABILE":"NO","STATO_LEGENDA":"IN ATTESA","CAMPO AWS":"NOT STARTED"},"geometry":{"type":"MultiLineString","coordinates":[[[1066897.261529953218997,5717604.366350307129323,0.0],[1066998.920424254378304,5717706.103388695977628,0.0]]]}},
{"type":"Feature","properties":{"fid":826,"TIPOLOGIA":"NO DIG","PROVINCIA":"PV","COMUNE":"SIZIANO","CLUSTER":"2","ROUTE":"7","ENTE":"PROVINCIA DI PAVIA","ENTE 2":"","LUNGHEZZA":31.15,"SPAN":"7_1","LOTTO":"2B","TRATTA_ID":"TR_0826","ENTE 3":null,"MOTIVO_NO":"Manca autorizz","STATO_AUTORIZZAZIONE":"PROTOCOLLATO","STATO_NULLAOSTA":"NON NECESSARIO","STATO_ORDINANZA":"NON NECESSARIO","PROTOCOLLO_AUT":"2026/06/16","PRATICA":"AUT/14/2B","LAVORABILE":"NO","STATO_LEGENDA":"PROTOCOLLATO","CAMPO AWS":"ON GOING"},"geometry":{"type":"MultiLineString","coordinates":[[[1024266.005150664248504,5672793.863891885615885,0.0],[1024306.8070254054619,5672810.999681315384805,0.0]]]}},
{"type":"Feature","properties":{"fid":827,"TIPOLOGIA":"NO DIG","PROVINCIA":"MI","COMUNE":"BASIGLIO","CLUSTER":"2","ROUTE":"13","ENTE":"PROVINCIA DI MILANO","ENTE 2":"COMUNE","LUNGHEZZA":205.86,"SPAN":"13_1","LOTTO":"2A","TRATTA_ID":"TR_0827","ENTE 3":null,"MOTIVO_NO":null,"STATO_AUTORIZZAZIONE":"OTTENUTO","STATO_NULLAOSTA":"NON NECESSARIO","STATO_ORDINANZA":"NON NECESSARIO","PROTOCOLLO_AUT":"2026/04/24","PRATICA":"AUT/7/2A","LAVORABILE":"SI","STATO_LEGENDA":"OTTENUTO","CAMPO AWS":"APPROVAL"},"geometry":{"type":"MultiLineString","coordinates":[[[1020650.773917040671222,5676430.338568405248225,0.0],[1020644.4234922491014,5676309.387864960357547,0.0],[1020643.354381886078045,5676177.887290310114622,0.0],[1020628.28692237730138,5676140.025634012185037,0.0]]]}},
{"type":"Feature","properties":{"fid":828,"TIPOLOGIA":"NO DIG","PROVINCIA":"MI","COMUNE":"BASIGLIO","CLUSTER":"2","ROUTE":"13","ENTE":"PROVINCIA DI MILANO","ENTE 2":"COMUNE","LUNGHEZZA":15.1,"SPAN":"13_1","LOTTO":"2A","TRATTA_ID":"TR_0828","ENTE 3":"CONSORZIO NAVIGLIO","MOTIVO_NO":"Manca nulla osta","STATO_AUTORIZZAZIONE":"OTTENUTO","STATO_NULLAOSTA":"INVIATO","STATO_ORDINANZA":"NON NECESSARIO","PROTOCOLLO_AUT":"2026/04/24","PRATICA":"AUT/7/2A | NO/17/2A","LAVORABILE":"NO","STATO_LEGENDA":"OTTENUTO","CAMPO AWS":"APPROVAL"},"geometry":{"type":"MultiLineString","coordinates":[[[1020651.902593991952017,5676451.835262318141758,0.0],[1020650.773917040671222,5676430.338568405248225,0.0]]]}},
{"type":"Feature","properties":{"fid":829,"TIPOLOGIA":"NO DIG","PROVINCIA":"BG","COMUNE":"LEVATE","CLUSTER":"7","ROUTE":"38","ENTE":"COMUNE","ENTE 2":"RFI","LUNGHEZZA":26.04,"SPAN":"38","LOTTO":"7","TRATTA_ID":"TR_0829","ENTE 3":null,"MOTIVO_NO":"Manca autorizz","STATO_AUTORIZZAZIONE":"IN ATTESA","STATO_NULLAOSTA":"NON NECESSARIO","STATO_ORDINANZA":"NON NECESSARIO","PROTOCOLLO_AUT":null,"PRATICA":null,"LAVORABILE":"NO","STATO_LEGENDA":"IN ATTESA","CAMPO AWS":"NOT STARTED"},"geometry":{"type":"MultiLineString","coordinates":[[[1071669.666665366617963,5719757.260112844407558,0.0],[1071632.717239218298346,5719761.251048473641276,0.0]]]}},
{"type":"Feature","properties":{"fid":830,"TIPOLOGIA":"NO DIG","PROVINCIA":"BG","COMUNE":"LEVATE","CLUSTER":"7","ROUTE":"38","ENTE":"COMUNE","ENTE 2":null,"LUNGHEZZA":586.99,"SPAN":"38","LOTTO":"7","TRATTA_ID":"TR_0830","ENTE 3":null,"MOTIVO_NO":"Manca autorizz","STATO_AUTORIZZAZIONE":"IN ATTESA","STATO_NULLAOSTA":"NON NECESSARIO","STATO_ORDINANZA":"NON NECESSARIO","PROTOCOLLO_AUT":null,"PRATICA":null,"LAVORABILE":"NO","STATO_LEGENDA":"IN ATTESA","CAMPO AWS":"NOT STARTED"},"geometry":{"type":"MultiLineString","coordinates":[[[1072494.217379772337154,5719652.721130531281233,0.0],[1072477.931563506135717,5719649.53071200940758,0.0],[1072474.800169558729976,5719648.256000212393701,0.0],[1072441.182774672051892,5719653.3712626285851,0.0],[1072366.658917682012543,5719672.189383503049612,0.0],[1072318.546946956310421,5719680.771433534100652,0.0],[1072256.9465449701529,5719688.106538548134267,0.0],[1072192.067861739080399,5719690.72957338578999,0.0],[1072189.924849014729261,5719690.729766253381968,0.0],[1072138.42698614532128,5719696.163914603181183,0.0],[1072078.861320975702256,5719698.505652595311403,0.0],[1072042.080045725218952,5719701.63332138210535,0.0],[1072008.499017335474491,5719699.291597358882427,0.0],[1071957.483269441407174,5719697.843671913258731,0.0],[1071919.426087816013023,5719701.395204410888255,0.0],[1071890.383198407012969,5719708.547007677145302,0.0],[1071866.281741888960823,5719720.623333940282464,0.0],[1071844.072379709221423,5719729.454580779187381,0.0],[1071813.080820133211091,5719739.279171275906265,0.0],[1071791.352544035296887,5719742.306303483434021,0.0],[1071731.262252090033144,5719751.049562716856599,0.0],[1071682.797812698176131,5719755.841770260594785,0.0],[1071669.666665366617963,5719757.260112844407558,0.0]]]}},
{"type":"Feature","properties":{"fid":831,"TIPOLOGIA":"NO DIG","PROVINCIA":"MI","COMUNE":"MILANO","CLUSTER":"3","ROUTE":"12","ENTE":"COMUNE","ENTE 2":"RFI","LUNGHEZZA":18.44,"SPAN":"12_1","LOTTO":"6","TRATTA_ID":"TR_0831","ENTE 3":null,"MOTIVO_NO":"Manca autorizz","STATO_AUTORIZZAZIONE":"IN ATTESA","STATO_NULLAOSTA":"NON NECESSARIO","STATO_ORDINANZA":"NON NECESSARIO","PROTOCOLLO_AUT":null,"PRATICA":null,"LAVORABILE":"NO","STATO_LEGENDA":"IN ATTESA","CAMPO AWS":"NOT STARTED"},"geometry":{"type":"MultiLineString","coordinates":[[[1021474.759638277697377,5691504.893617295660079,0.0],[1021474.857954689767212,5691505.573224230669439,0.0],[1021478.858454454573803,5691530.892261249944568,0.0]]]}},
{"type":"Feature","properties":{"fid":832,"TIPOLOGIA":"NO DIG","PROVINCIA":"MI","COMUNE":"MILANO","CLUSTER":"3","ROUTE":"12","ENTE":"COMUNE","ENTE 2":null,"LUNGHEZZA":72.0,"SPAN":"12_1","LOTTO":"6","TRATTA_ID":"TR_0832","ENTE 3":null,"MOTIVO_NO":"Manca autorizz","STATO_AUTORIZZAZIONE":"IN ATTESA","STATO_NULLAOSTA":"NON NECESSARIO","STATO_ORDINANZA":"NON NECESSARIO","PROTOCOLLO_AUT":null,"PRATICA":null,"LAVORABILE":"NO","STATO_LEGENDA":"IN ATTESA","CAMPO AWS":"NOT STARTED"},"geometry":{"type":"MultiLineString","coordinates":[[[1021478.858454454573803,5691530.892261249944568,0.0],[1021487.32593,5691584.482401141896844,0.0],[1021494.784731008345261,5691623.211958198808134,0.0],[1021486.65995138976723,5691619.214844460599124,0.0]]]}},
{"type":"Feature","properties":{"fid":833,"TIPOLOGIA":"SCAVO","PROVINCIA":"MI","COMUNE":"MILANO","CLUSTER":"3","ROUTE":"4","ENTE":"COMUNE","ENTE 2":"TRENORD","LUNGHEZZA":30.04,"SPAN":"4_1_1","LOTTO":"3","TRATTA_ID":"TR_0833","ENTE 3":null,"MOTIVO_NO":"Manca autorizz","STATO_AUTORIZZAZIONE":"IN ATTESA","STATO_NULLAOSTA":"NON NECESSARIO","STATO_ORDINANZA":"NON NECESSARIO","PROTOCOLLO_AUT":null,"PRATICA":null,"LAVORABILE":"NO","STATO_LEGENDA":"IN ATTESA","CAMPO AWS":"NOT STARTED"},"geometry":{"type":"MultiLineString","coordinates":[[[1024259.153781877015717,5699743.508217595517635,0.0],[1024257.486148798838258,5699745.17414880823344,0.0],[1024220.081669963197783,5699760.563276691362262,0.0]]]}},
{"type":"Feature","properties":{"fid":834,"TIPOLOGIA":"SCAVO","PROVINCIA":"MI","COMUNE":"MILANO","CLUSTER":"3","ROUTE":"4","ENTE":"COMUNE","ENTE 2":null,"LUNGHEZZA":720.52,"SPAN":"4_1_1","LOTTO":"3","TRATTA_ID":"TR_0834","ENTE 3":null,"MOTIVO_NO":"Manca autorizz","STATO_AUTORIZZAZIONE":"IN ATTESA","STATO_NULLAOSTA":"NON NECESSARIO","STATO_ORDINANZA":"NON NECESSARIO","PROTOCOLLO_AUT":null,"PRATICA":null,"LAVORABILE":"NO","STATO_LEGENDA":"IN ATTESA","CAMPO AWS":"NOT STARTED"},"geometry":{"type":"MultiLineString","coordinates":[[[1024951.937672890722752,5699105.859256969764829,0.0],[1024591.158537389244884,5699367.041939492337406,0.0],[1024640.829660279559903,5699439.590161886997521,0.0],[1024311.193035003147088,5699666.769478476606309,0.0],[1024298.115265144268051,5699696.497309205122292,0.0],[1024279.222697933553718,5699723.459733678027987,0.0],[1024259.153781877015717,5699743.508217595517635,0.0]]]}},
{"type":"Feature","properties":{"fid":835,"TIPOLOGIA":"SCAVO","PROVINCIA":"MI","COMUNE":"MILANO","CLUSTER":"3","ROUTE":"4","ENTE":"COMUNE","ENTE 2":"MM","LUNGHEZZA":27.14,"SPAN":"4_1_1","LOTTO":"3","TRATTA_ID":"TR_0835","ENTE 3":null,"MOTIVO_NO":"Manca autorizz","STATO_AUTORIZZAZIONE":"IN ATTESA","STATO_NULLAOSTA":"NON NECESSARIO","STATO_ORDINANZA":"NON NECESSARIO","PROTOCOLLO_AUT":null,"PRATICA":null,"LAVORABILE":"NO","STATO_LEGENDA":"IN ATTESA","CAMPO AWS":"NOT STARTED"},"geometry":{"type":"MultiLineString","coordinates":[[[1026039.880405773641542,5698494.321092303842306,0.0],[1026006.181878871517256,5698513.30994476377964,0.0]]]}},
{"type":"Feature","properties":{"fid":836,"TIPOLOGIA":"SCAVO","PROVINCIA":"MI","COMUNE":"MILANO","CLUSTER":"3","ROUTE":"4","ENTE":"COMUNE","ENTE 2":null,"LUNGHEZZA":25.35,"SPAN":"4_1_1","LOTTO":"3","TRATTA_ID":"TR_0836","ENTE 3":null,"MOTIVO_NO":"Manca autorizz","STATO_AUTORIZZAZIONE":"IN ATTESA","STATO_NULLAOSTA":"NON NECESSARIO","STATO_ORDINANZA":"NON NECESSARIO","PROTOCOLLO_AUT":null,"PRATICA":null,"LAVORABILE":"NO","STATO_LEGENDA":"IN ATTESA","CAMPO AWS":"NOT STARTED"},"geometry":{"type":"MultiLineString","coordinates":[[[1026069.299754656618461,5698473.32637514360249,0.0],[1026039.880405773641542,5698494.321092303842306,0.0]]]}},
{"type":"Feature","properties":{"fid":837,"TIPOLOGIA":"SCAVO","PROVINCIA":"MI","COMUNE":"MILANO","CLUSTER":"3","ROUTE":"4","ENTE":"COMUNE","ENTE 2":"MM","LUNGHEZZA":37.75,"SPAN":"4_1_1","LOTTO":"3","TRATTA_ID":"TR_0837","ENTE 3":null,"MOTIVO_NO":"Manca autorizz","STATO_AUTORIZZAZIONE":"IN ATTESA","STATO_NULLAOSTA":"NON NECESSARIO","STATO_ORDINANZA":"NON NECESSARIO","PROTOCOLLO_AUT":null,"PRATICA":null,"LAVORABILE":"NO","STATO_LEGENDA":"IN ATTESA","CAMPO AWS":"NOT STARTED"},"geometry":{"type":"MultiLineString","coordinates":[[[1023563.409419323550537,5699897.10607601236552,0.0],[1023513.342282640282065,5699916.740269676782191,0.0]]]}},
{"type":"Feature","properties":{"fid":838,"TIPOLOGIA":"SCAVO","PROVINCIA":"MI","COMUNE":"MILANO","CLUSTER":"3","ROUTE":"4","ENTE":"COMUNE","ENTE 2":null,"LUNGHEZZA":515.81,"SPAN":"4_1_1","LOTTO":"3","TRATTA_ID":"TR_0838","ENTE 3":null,"MOTIVO_NO":"Manca autorizz","STATO_AUTORIZZAZIONE":"IN ATTESA","STATO_NULLAOSTA":"NON NECESSARIO","STATO_ORDINANZA":"NON NECESSARIO","PROTOCOLLO_AUT":null,"PRATICA":null,"LAVORABILE":"NO","STATO_LEGENDA":"IN ATTESA","CAMPO AWS":"NOT STARTED"},"geometry":{"type":"MultiLineString","coordinates":[[[1024220.081669963197783,5699760.563276691362262,0.0],[1024198.199272623169236,5699769.566151265054941,0.0],[1024154.491836698143743,5699776.544476160779595,0.0],[1024129.154258173075505,5699772.237824385985732,0.0],[1024084.291654593427666,5699759.186618241481483,0.0],[1023736.669890429358929,5699893.621090508066118,0.0],[1023714.190512642730027,5699837.97420973982662,0.0],[1023563.409419323550537,5699897.10607601236552,0.0]]]}},
{"type":"Feature","properties":{"fid":839,"TIPOLOGIA":"SCAVO","PROVINCIA":"MI","COMUNE":"MILANO","CLUSTER":"3","ROUTE":"4","ENTE":"COMUNE","ENTE 2":"MM","LUNGHEZZA":59.83,"SPAN":"4_1_1","LOTTO":"3","TRATTA_ID":"TR_0839","ENTE 3":null,"MOTIVO_NO":"Manca autorizz","STATO_AUTORIZZAZIONE":"IN ATTESA","STATO_NULLAOSTA":"NON NECESSARIO","STATO_ORDINANZA":"NON NECESSARIO","PROTOCOLLO_AUT":null,"PRATICA":null,"LAVORABILE":"NO","STATO_LEGENDA":"IN ATTESA","CAMPO AWS":"NOT STARTED"},"geometry":{"type":"MultiLineString","coordinates":[[[1022517.617334091453813,5700211.85477867629379,0.0],[1022432.717002480174415,5700204.522592809982598,0.0]]]}},
{"type":"Feature","properties":{"fid":840,"TIPOLOGIA":"SCAVO","PROVINCIA":"MI","COMUNE":"MILANO","CLUSTER":"3","ROUTE":"4","ENTE":"COMUNE","ENTE 2":null,"LUNGHEZZA":743.25,"SPAN":"4_1_1","LOTTO":"3","TRATTA_ID":"TR_0840","ENTE 3":null,"MOTIVO_NO":"Manca autorizz","STATO_AUTORIZZAZIONE":"IN ATTESA","STATO_NULLAOSTA":"NON NECESSARIO","STATO_ORDINANZA":"NON NECESSARIO","PROTOCOLLO_AUT":null,"PRATICA":null,"LAVORABILE":"NO","STATO_LEGENDA":"IN ATTESA","CAMPO AWS":"NOT STARTED"},"geometry":{"type":"MultiLineString","coordinates":[[[1023513.342282640282065,5699916.740269676782191,0.0],[1022692.649407900054939,5700238.53477078396827,0.0],[1022645.746779614011757,5700227.371931894682348,0.0],[1022600.139291067956947,5700218.98078172840178,0.0],[1022517.617334091453813,5700211.85477867629379,0.0]]]}},
{"type":"Feature","properties":{"fid":841,"TIPOLOGIA":"NO DIG","PROVINCIA":"MI","COMUNE":"GORGONZOLA","CLUSTER":"3","ROUTE":"4","ENTE":"ANAS","ENTE 2":"PROVINCIA DI MILANO","LUNGHEZZA":34.79,"SPAN":"4_1_2","LOTTO":"3","TRATTA_ID":"TR_0841","ENTE 3":null,"MOTIVO_NO":"Manca autorizz","STATO_AUTORIZZAZIONE":"IN ATTESA","STATO_NULLAOSTA":"NON NECESSARIO","STATO_ORDINANZA":"NON NECESSARIO","PROTOCOLLO_AUT":null,"PRATICA":null,"LAVORABILE":"NO","STATO_LEGENDA":"IN ATTESA","CAMPO AWS":"NOT STARTED"},"geometry":{"type":"MultiLineString","coordinates":[[[1046630.297506009810604,5703911.110453918576241,0.0],[1046582.554494423791766,5703897.75669745542109,0.0]]]}},
{"type":"Feature","properties":{"fid":842,"TIPOLOGIA":"NO DIG","PROVINCIA":"MI","COMUNE":"GORGONZOLA","CLUSTER":"3","ROUTE":"4","ENTE":"ANAS","ENTE 2":null,"LUNGHEZZA":643.25,"SPAN":"4_1_2","LOTTO":"3","TRATTA_ID":"TR_0842","ENTE 3":null,"MOTIVO_NO":"Manca autorizz","STATO_AUTORIZZAZIONE":"IN ATTESA","STATO_NULLAOSTA":"NON NECESSARIO","STATO_ORDINANZA":"NON NECESSARIO","PROTOCOLLO_AUT":null,"PRATICA":null,"LAVORABILE":"NO","STATO_LEGENDA":"IN ATTESA","CAMPO AWS":"NOT STARTED"},"geometry":{"type":"MultiLineString","coordinates":[[[1046582.554494423791766,5703897.75669745542109,0.0],[1046534.134321262477897,5703884.213256255723536,0.0],[1046451.091522824950516,5703869.637306126765907,0.0],[1046410.038158702198416,5703866.294198298826814,0.0],[1046356.949606400099583,5703872.044343763031065,0.0],[1046270.831148761441,5703884.079531943425536,0.0],[1046169.66187960060779,5703926.431418634019792,0.0],[1046166.371107912040316,5703929.297872455790639,0.0],[1046088.230599218397401,5703977.686551114544272,0.0],[1046070.645852045039646,5704001.690065316855907,0.0],[1045854.120639339205809,5704203.831667349673808,0.0],[1045804.986386558390222,5704252.659681051969528,0.0]]]}},
{"type":"Feature","properties":{"fid":843,"TIPOLOGIA":"NO DIG","PROVINCIA":"PV","COMUNE":"LANDRIANO","CLUSTER":"5","ROUTE":"27","ENTE":"PROVINCIA DI PAVIA","ENTE 2":"AIPO","LUNGHEZZA":58.91,"SPAN":"27_1","LOTTO":"8","TRATTA_ID":"TR_0843","ENTE 3":null,"MOTIVO_NO":"Manca autorizz | Manca nulla osta","STATO_AUTORIZZAZIONE":"IN REDAZIONE","STATO_NULLAOSTA":"IN REDAZIONE","STATO_ORDINANZA":"NON NECESSARIO","PROTOCOLLO_AUT":null,"PRATICA":"AUT/9/8 | NO/14/8","LAVORABILE":"NO","STATO_LEGENDA":"IN REDAZIONE","CAMPO AWS":"NOT STARTED"},"geometry":{"type":"MultiLineString","coordinates":[[[1031075.726874522631988,5669495.311160746030509,0.0],[1031084.937068008468486,5669502.506979315541685,0.0],[1031138.871344342594966,5669550.282848707400262,0.0]]]}},
{"type":"Feature","properties":{"fid":844,"TIPOLOGIA":"NO DIG","PROVINCIA":"PV","COMUNE":"LANDRIANO","CLUSTER":"5","ROUTE":"27","ENTE":"PROVINCIA DI PAVIA","ENTE 2":null,"LUNGHEZZA":596.81,"SPAN":"27_1","LOTTO":"8","TRATTA_ID":"TR_0844","ENTE 3":null,"MOTIVO_NO":"Manca autorizz","STATO_AUTORIZZAZIONE":"IN REDAZIONE","STATO_NULLAOSTA":"NON NECESSARIO","STATO_ORDINANZA":"NON NECESSARIO","PROTOCOLLO_AUT":null,"PRATICA":"AUT/5/8","LAVORABILE":"NO","STATO_LEGENDA":"IN REDAZIONE","CAMPO AWS":"NOT STARTED"},"geometry":{"type":"MultiLineString","coordinates":[[[1031138.871344342594966,5669550.282848707400262,0.0],[1031172.599687454407103,5669580.159674126654863,0.0],[1031323.009668022859842,5669703.955898112617433,0.0],[1031429.703035539481789,5669797.404340777546167,0.0],[1031522.438480367185548,5669874.934869086369872,0.0],[1031693.318214348400943,5670019.034516940824687,0.0],[1031741.65828122117091,5670058.089738178066909,0.0],[1031764.064650667714886,5670068.439420783892274,0.0],[1031791.298016065731645,5670090.969271188601851,0.0]]]}},
{"type":"Feature","properties":{"fid":845,"TIPOLOGIA":"NO DIG","PROVINCIA":"BG","COMUNE":"BERGAMO","CLUSTER":"6","ROUTE":"2","ENTE":"PROVINCIA DI BERGAMO","ENTE 2":"RFI","LUNGHEZZA":43.54,"SPAN":"2_2","LOTTO":"7","TRATTA_ID":"TR_0845","ENTE 3":null,"MOTIVO_NO":"Manca autorizz","STATO_AUTORIZZAZIONE":"IN ATTESA","STATO_NULLAOSTA":"NON NECESSARIO","STATO_ORDINANZA":"NON NECESSARIO","PROTOCOLLO_AUT":null,"PRATICA":null,"LAVORABILE":"NO","STATO_LEGENDA":"IN ATTESA","CAMPO AWS":"NOT STARTED"},"geometry":{"type":"MultiLineString","coordinates":[[[1074404.01298857643269,5728161.946487730368972,0.0],[1074443.406181639526039,5728113.651379085145891,0.0]]]}},
{"type":"Feature","properties":{"fid":846,"TIPOLOGIA":"NO DIG","PROVINCIA":"BG","COMUNE":"BERGAMO","CLUSTER":"6","ROUTE":"2","ENTE":"PROVINCIA DI BERGAMO","ENTE 2":null,"LUNGHEZZA":482.2,"SPAN":"2_2","LOTTO":"7","TRATTA_ID":"TR_0846","ENTE 3":null,"MOTIVO_NO":"Manca autorizz","STATO_AUTORIZZAZIONE":"IN ATTESA","STATO_NULLAOSTA":"NON NECESSARIO","STATO_ORDINANZA":"NON NECESSARIO","PROTOCOLLO_AUT":null,"PRATICA":null,"LAVORABILE":"NO","STATO_LEGENDA":"IN ATTESA","CAMPO AWS":"NOT STARTED"},"geometry":{"type":"MultiLineString","coordinates":[[[1073790.20895084971562,5728433.892362285405397,0.0],[1073911.380547085078433,5728421.797647784464061,0.0],[1073937.266453802119941,5728402.459074287675321,0.0],[1073966.195121488999575,5728394.426356427371502,0.0],[1074059.057418735232204,5728380.5891322074458,0.0],[1074180.671343100024387,5728324.428489600308239,0.0],[1074327.109908654354513,5728232.593489691615105,0.0],[1074396.332530970685184,5728171.362493865191936,0.0],[1074404.01298857643269,5728161.946487730368972,0.0]]]}},
{"type":"Feature","properties":{"fid":848,"TIPOLOGIA":"NO DIG","PROVINCIA":"PV","COMUNE":"LANDRIANO","CLUSTER":"5","ROUTE":"27","ENTE":"PROVINCIA DI PAVIA","ENTE 2":"EST TICINO VILLORESI","LUNGHEZZA":43.64,"SPAN":"27_1","LOTTO":"8","TRATTA_ID":"TR_0848","ENTE 3":null,"MOTIVO_NO":"Manca autorizz | Manca nulla osta","STATO_AUTORIZZAZIONE":"IN REDAZIONE","STATO_NULLAOSTA":"IN REDAZIONE","STATO_ORDINANZA":"NON NECESSARIO","PROTOCOLLO_AUT":null,"PRATICA":"AUT/5/8 | NO/10/8","LAVORABILE":"NO","STATO_LEGENDA":"IN REDAZIONE","CAMPO AWS":"NOT STARTED"},"geometry":{"type":"MultiLineString","coordinates":[[[1030001.693212717305869,5668590.036674434319139,0.0],[1030050.129556520958431,5668628.770482426509261,0.0]]]}},
{"type":"Feature","properties":{"fid":849,"TIPOLOGIA":"NO DIG","PROVINCIA":"PV","COMUNE":"BORNASCO","CLUSTER":"5","ROUTE":"27","ENTE":"PROVINCIA DI PAVIA","ENTE 2":null,"LUNGHEZZA":211.19,"SPAN":"27_1","LOTTO":"8","TRATTA_ID":"TR_0849","ENTE 3":null,"MOTIVO_NO":"Manca autorizz","STATO_AUTORIZZAZIONE":"IN REDAZIONE","STATO_NULLAOSTA":"NON NECESSARIO","STATO_ORDINANZA":"NON NECESSARIO","PROTOCOLLO_AUT":null,"PRATICA":"AUT/5/8","LAVORABILE":"NO","STATO_LEGENDA":"IN REDAZIONE","CAMPO AWS":"NOT STARTED"},"geometry":{"type":"MultiLineString","coordinates":[[[1028369.420959659619257,5664152.762661474756896,0.0],[1028377.01339864032343,5664165.700573142617941,0.0],[1028387.521773990360089,5664199.388139054179192,0.0],[1028416.457826789934188,5664299.302312204614282,0.0],[1028446.189708583056927,5664392.052543262019753,0.0],[1028460.732341482769698,5664438.6143499603495,0.0]]]}},
{"type":"Feature","properties":{"fid":850,"TIPOLOGIA":"NO DIG","PROVINCIA":"PV","COMUNE":"BORNASCO","CLUSTER":"5","ROUTE":"27","ENTE":"PROVINCIA DI PAVIA","ENTE 2":"EST TICINO VILLORESI","LUNGHEZZA":32.1,"SPAN":"27_1","LOTTO":"8","TRATTA_ID":"TR_0850","ENTE 3":null,"MOTIVO_NO":"Manca autorizz | Manca nulla osta","STATO_AUTORIZZAZIONE":"IN REDAZIONE","STATO_NULLAOSTA":"IN REDAZIONE","STATO_ORDINANZA":"NON NECESSARIO","PROTOCOLLO_AUT":null,"PRATICA":"AUT/3/8 | NO/12/8","LAVORABILE":"NO","STATO_LEGENDA":"IN REDAZIONE","CAMPO AWS":"NOT STARTED"},"geometry":{"type":"MultiLineString","coordinates":[[[1027008.849858604720794,5663325.851785594597459,0.0],[1027019.795026968116872,5663323.42140119150281,0.0],[1027030.541823244537227,5663327.570496099069715,0.0],[1027042.540100582642481,5663338.288623902946711,0.0],[1027045.815820826916024,5663344.199889692477882,0.0]]]}},
{"type":"Feature","properties":{"fid":851,"TIPOLOGIA":"NO DIG","PROVINCIA":"PV","COMUNE":"BORNASCO","CLUSTER":"5","ROUTE":"27","ENTE":"PROVINCIA DI PAVIA","ENTE 2":null,"LUNGHEZZA":324.41,"SPAN":"27_1","LOTTO":"8","TRATTA_ID":"TR_0851","ENTE 3":null,"MOTIVO_NO":"Manca autorizz","STATO_AUTORIZZAZIONE":"IN REDAZIONE","STATO_NULLAOSTA":"NON NECESSARIO","STATO_ORDINANZA":"NON NECESSARIO","PROTOCOLLO_AUT":null,"PRATICA":"AUT/3/8","LAVORABILE":"NO","STATO_LEGENDA":"IN REDAZIONE","CAMPO AWS":"NOT STARTED"},"geometry":{"type":"MultiLineString","coordinates":[[[1026563.418155441409908,5663329.213784191757441,0.0],[1026576.704547502449714,5663324.862686793319881,0.0],[1026598.546022032969631,5663325.139037919230759,0.0],[1026630.147702243295498,5663329.085353565402329,0.0],[1026678.746924711507745,5663339.796579044312239,0.0],[1026771.383700334699824,5663362.289638456888497,0.0],[1026809.949911505565979,5663371.721427737735212,0.0],[1026828.273977317730896,5663375.435884630307555,0.0],[1026848.940351827186532,5663376.776212243363261,0.0],[1026863.828668937669136,5663374.973236064426601,0.0],[1026887.949531015940011,5663369.321894348599017,0.0],[1026917.564649185165763,5663359.538817659020424,0.0],[1026956.963296371512115,5663345.26778145134449,0.0],[1026993.722044341266155,5663332.093539253808558,0.0],[1026995.480234270216897,5663331.769073290750384,0.0],[1027006.86009176261723,5663326.293613591231406,0.0],[1027008.849858604720794,5663325.851785594597459,0.0]]]}},
{"type":"Feature","properties":{"fid":852,"TIPOLOGIA":"NO DIG","PROVINCIA":"PV","COMUNE":"VIDIGULFO","CLUSTER":"5","ROUTE":"26","ENTE":"PROVINCIA DI PAVIA","ENTE 2":"EST TICINO VILLORESI","LUNGHEZZA":30.54,"SPAN":"26_3","LOTTO":"8","TRATTA_ID":"TR_0852","ENTE 3":null,"MOTIVO_NO":"Manca autorizz | Manca nulla osta","STATO_AUTORIZZAZIONE":"IN REDAZIONE","STATO_NULLAOSTA":"IN REDAZIONE","STATO_ORDINANZA":"NON NECESSARIO","PROTOCOLLO_AUT":null,"PRATICA":"AUT/2/8 | NO/11/8","LAVORABILE":"NO","STATO_LEGENDA":"IN REDAZIONE","CAMPO AWS":"NOT STARTED"},"geometry":{"type":"MultiLineString","coordinates":[[[1025551.755640744813718,5666474.913366582244635,0.0],[1025548.234662798116915,5666431.58363963663578,0.0]]]}},
{"type":"Feature","properties":{"fid":854,"TIPOLOGIA":"NO DIG","PROVINCIA":"PV","COMUNE":"VIDIGULFO","CLUSTER":"5","ROUTE":"26","ENTE":"PROVINCIA DI PAVIA","ENTE 2":null,"LUNGHEZZA":73.86,"SPAN":"26_3","LOTTO":"8","TRATTA_ID":"TR_0854","ENTE 3":null,"MOTIVO_NO":"Manca autorizz","STATO_AUTORIZZAZIONE":"IN REDAZIONE","STATO_NULLAOSTA":"NON NECESSARIO","STATO_ORDINANZA":"NON NECESSARIO","PROTOCOLLO_AUT":null,"PRATICA":"AUT/2/8","LAVORABILE":"NO","STATO_LEGENDA":"IN REDAZIONE","CAMPO AWS":"NOT STARTED"},"geometry":{"type":"MultiLineString","coordinates":[[[1025558.709064039518125,5666579.82887726649642,0.0],[1025552.179254448972642,5666480.126410997472703,0.0],[1025551.755640744813718,5666474.913366582244635,0.0]]]}},
{"type":"Feature","properties":{"fid":856,"TIPOLOGIA":"NO DIG","PROVINCIA":"PV","COMUNE":"SIZIANO","CLUSTER":"5","ROUTE":"26","ENTE":"PROVINCIA DI PAVIA","ENTE 2":null,"LUNGHEZZA":44.99,"SPAN":"26_3","LOTTO":"8","TRATTA_ID":"TR_0856","ENTE 3":null,"MOTIVO_NO":"Manca autorizz | Manca nulla osta","STATO_AUTORIZZAZIONE":"IN REDAZIONE","STATO_NULLAOSTA":"IN REDAZIONE","STATO_ORDINANZA":"NON NECESSARIO","PROTOCOLLO_AUT":null,"PRATICA":"AUT/2/8 | NO/13/8","LAVORABILE":"NO","STATO_LEGENDA":"IN REDAZIONE","CAMPO AWS":"NOT STARTED"},"geometry":{"type":"MultiLineString","coordinates":[[[1024647.502762950025499,5671769.138620515353978,0.0],[1024663.219092181767337,5671723.110735036432743,0.0],[1024667.809243436553515,5671708.385713121853769,0.0]]]}},
{"type":"Feature","properties":{"fid":857,"TIPOLOGIA":"NO DIG","PROVINCIA":"PV","COMUNE":"SIZIANO","CLUSTER":"5","ROUTE":"26","ENTE":"PROVINCIA DI PAVIA","ENTE 2":null,"LUNGHEZZA":772.31,"SPAN":"26_3","LOTTO":"8","TRATTA_ID":"TR_0857","ENTE 3":null,"MOTIVO_NO":"Manca autorizz","STATO_AUTORIZZAZIONE":"IN REDAZIONE","STATO_NULLAOSTA":"NON NECESSARIO","STATO_ORDINANZA":"NON NECESSARIO","PROTOCOLLO_AUT":null,"PRATICA":"AUT/2/8","LAVORABILE":"NO","STATO_LEGENDA":"IN REDAZIONE","CAMPO AWS":"NOT STARTED"},"geometry":{"type":"MultiLineString","coordinates":[[[1024290.635640782653354,5672809.408155874349177,0.0],[1024318.644814547267742,5672727.217124808579683,0.0],[1024356.40469025191851,5672612.066562882624567,0.0],[1024419.468317989376374,5672433.476533612236381,0.0],[1024520.16639073449187,5672143.614016355015337,0.0],[1024587.407579103251919,5671945.134944253601134,0.0],[1024647.502762950025499,5671769.138620515353978,0.0]]]}},
{"type":"Feature","properties":{"fid":858,"TIPOLOGIA":"SCAVO","PROVINCIA":"MI","COMUNE":"RHO","CLUSTER":"1","ROUTE":"9","ENTE":"COMUNE","ENTE 2":"AIPO","LUNGHEZZA":34.36,"SPAN":"9_3","LOTTO":"1A","TRATTA_ID":"TR_0858","ENTE 3":null,"MOTIVO_NO":"Manca autorizz | Manca nulla osta","STATO_AUTORIZZAZIONE":"PROTOCOLLATO","STATO_NULLAOSTA":"PROTOCOLLATO","STATO_ORDINANZA":"NON NECESSARIO","PROTOCOLLO_AUT":"2026/03/27","PRATICA":"AUT/20/1A | NO/29/1A","LAVORABILE":"NO","STATO_LEGENDA":"PROTOCOLLATO","CAMPO AWS":"ON GOING"},"geometry":{"type":"MultiLineString","coordinates":[[[1007453.064426957629621,5704540.129200323484838,0.0],[1007496.918219996383414,5704561.984530868008733,0.0]]]}},
{"type":"Feature","properties":{"fid":859,"TIPOLOGIA":"SCAVO","PROVINCIA":"MI","COMUNE":"RHO","CLUSTER":"1","ROUTE":"9","ENTE":"COMUNE","ENTE 2":null,"LUNGHEZZA":248.78,"SPAN":"9_3","LOTTO":"1A","TRATTA_ID":"TR_0859","ENTE 3":null,"MOTIVO_NO":"Manca autorizz","STATO_AUTORIZZAZIONE":"PROTOCOLLATO","STATO_NULLAOSTA":"NON NECESSARIO","STATO_ORDINANZA":"NON NECESSARIO","PROTOCOLLO_AUT":"2026/03/27","PRATICA":"AUT/20/1A","LAVORABILE":"NO","STATO_LEGENDA":"PROTOCOLLATO","CAMPO AWS":"ON GOING"},"geometry":{"type":"MultiLineString","coordinates":[[[1007127.770605301484466,5704526.990553529001772,0.0],[1007170.257956888759509,5704497.743327147327363,0.0],[1007193.964205494034104,5704481.569980537518859,0.0],[1007247.15723503078334,5704469.269311483949423,0.0],[1007300.38190154300537,5704474.92597796022892,0.0],[1007383.156018157256767,5704505.28852363768965,0.0],[1007453.064426957629621,5704540.129200323484838,0.0]]]}}
]
}
