fid,TIPOLOGIA,PROVINCIA,COMUNE,CLUSTER,ROUTE,ENTE,ENTE 2,LUNGHEZZA,SPAN,LOTTO,TRATTA_ID,MOTIVO_NO,STATO_AUTORIZZAZIONE,STATO_NULLAOSTA,STATO_ORDINANZA,PROTOCOLLO_AUT,PRATICA,LAVORABILE,STATO_LEGENDA,CAMPO AWS
1,SCAVO,BG,VAPRIO D'ADDA,3,4,COMUNE,,1365.52,4_1_2,3,TR_0001,Manca autorizz,IN ATTESA,NON NECESSARIO,NON NECESSARIO,,,NO,IN ATTESA,NOT STARTED
2,NO DIG,BG,POZZO D'ADDA,3,4,PROVINCIA DI MILANO,,1967.49,4_1_2,3,TR_0002,Manca autorizz,IN ATTESA,NON NECESSARIO,NON NECESSARIO,,,NO,IN ATTESA,NOT STARTED
4,CANALETTA,BG,VAPRIO D'ADDA,3,4,PROVINCIA DI BERGAMO,AIPO,28.34,4_1_2,3,TR_0004,Manca autorizz,IN ATTESA,NON NECESSARIO,NON NECESSARIO,,,NO,IN ATTESA,NOT STARTED
6,NO DIG,BG,OSIO SOPRA,7,38,COMUNE,,87.09,38,7,TR_0006,Manca autorizz,IN ATTESA,NON NECESSARIO,NON NECESSARIO,,,NO,IN ATTESA,NOT STARTED
7,NO DIG,BG,AZZANO SAN PAOLO,6,2,COMUNE,,165.95,2_1,7,TR_0007,Manca autorizz,IN ATTESA,NON NECESSARIO,NON NECESSARIO,,,NO,IN ATTESA,NOT STARTED
8,NO DIG,BG,AZZANO SAN PAOLO,6,3,COMUNE,,575.93,3_1,7,TR_0008,Manca autorizz,IN ATTESA,NON NECESSARIO,NON NECESSARIO,,,NO,IN ATTESA,NOT STARTED
9,NO DIG,BG,BERGAMO,6,3,COMUNE,AUTOSTRADE,67.93,3_1,7,TR_0009,Manca autorizz,IN ATTESA,NON NECESSARIO,NON NECESSARIO,,,NO,IN ATTESA,NOT STARTED
10,NO DIG,BG,BERGAMO,6,3,COMUNE,,349.78,3_1,7,TR_0010,Manca autorizz,IN ATTESA,NON NECESSARIO,NON NECESSARIO,,,NO,IN ATTESA,NOT STARTED
11,NO DIG,BG,BERGAMO,3,6,COMUNE,AUTOSTRADE,70.31,6_1,1,TR_0011,Manca autorizz,IN ATTESA,NON NECESSARIO,NON NECESSARIO,,,NO,IN ATTESA,NOT STARTED
12,NO DIG,BG,BERGAMO,3,6,PROVINCIA DI BERGAMO,,230.88,6_1,1,TR_0012,Manca autorizz,IN ATTESA,NON NECESSARIO,NON NECESSARIO,,,NO,IN ATTESA,NOT STARTED
13,NO DIG,BG,BERGAMO,6,2,COMUNE,AUTOSTRADE,70.53,2_2,7,TR_0013,Manca autorizz,IN ATTESA,NON NECESSARIO,NON NECESSARIO,,,NO,IN ATTESA,NOT STARTED
14,NO DIG,BG,BERGAMO,6,2,PROVINCIA DI BERGAMO,,115.7,2_2,7,TR_0014,Manca autorizz,IN ATTESA,NON NECESSARIO,NON NECESSARIO,,,NO,IN ATTESA,NOT STARTED
16,NO DIG,BG,STEZZANO,3,6,PROVINCIA DI BERGAMO,ANAS,204.09,6_2,1,TR_0016,Manca autorizz,IN ATTESA,NON NECESSARIO,NON NECESSARIO,,,NO,IN ATTESA,NOT STARTED
17,NO DIG,BG,STEZZANO,3,6,PROVINCIA DI BERGAMO,,505.66,6_2,1,TR_0017,Manca autorizz,IN ATTESA,NON NECESSARIO,NON NECESSARIO,,,NO,IN ATTESA,NOT STARTED
18,SCAVO,BG,DALMINE,3,42,ANAS,,136.32,42,1,TR_0018,Manca autorizz,IN ATTESA,NON NECESSARIO,NON NECESSARIO,,,NO,IN ATTESA,NOT STARTED
19,NO DIG,BG,TREVIOLO,3,4,ANAS,,26.5,4_2_2,1,TR_0019,Manca autorizz,IN ATTESA,NON NECESSARIO,NON NECESSARIO,,,NO,IN ATTESA,NOT STARTED
20,NO DIG,BG,TREVIOLO,3,4,COMUNE,ANAS,51.62,4_2_2,1,TR_0020,Manca autorizz,IN ATTESA,NON NECESSARIO,NON NECESSARIO,,,NO,IN ATTESA,NOT STARTED
23,NO DIG,BG,TREVIOLO,3,4,COMUNE,,331.07,4_2_2,1,TR_0023,Manca autorizz,IN ATTESA,NON NECESSARIO,NON NECESSARIO,,,NO,IN ATTESA,NOT STARTED
24,NO DIG,BG,TREVIOLO,3,4,ANAS,,1687.57,4_2_2,1,TR_0024,Manca autorizz,IN ATTESA,NON NECESSARIO,NON NECESSARIO,,,NO,IN ATTESA,NOT STARTED
25,NO DIG,BG,LALLIO,3,42,PROVINCIA DI BERGAMO,,1521.51,42,1,TR_0025,Manca autorizz,IN ATTESA,NON NECESSARIO,NON NECESSARIO,,,NO,IN ATTESA,NOT STARTED
26,NO DIG,BG,BERGAMO,3,42,COMUNE,,1312.03,42,1,TR_0026,Manca autorizz,IN ATTESA,NON NECESSARIO,NON NECESSARIO,,,NO,IN ATTESA,NOT STARTED
27,NO DIG,BG,DALMINE,3,42,COMUNE,,252.51,42,1,TR_0027,Manca autorizz,IN ATTESA,NON NECESSARIO,NON NECESSARIO,,,NO,IN ATTESA,NOT STARTED
28,SCAVO,BG,BERGAMO,3,43,COMUNE,PROVINCIA DI BERGAMO,66.63,43,1,TR_0028,Manca autorizz,IN ATTESA,NON NECESSARIO,NON NECESSARIO,,,NO,IN ATTESA,NOT STARTED
30,SCAVO,BG,DALMINE,3,4,ANAS,,344.48,4_2_2,1,TR_0030,Manca autorizz,IN ATTESA,NON NECESSARIO,NON NECESSARIO,,,NO,IN ATTESA,NOT STARTED
32,NO DIG,BG,TREVIOLO,3,4,COMUNE,,338.27,4_2_2,1,TR_0032,Manca autorizz,IN ATTESA,NON NECESSARIO,NON NECESSARIO,,,NO,IN ATTESA,NOT STARTED
33,NO DIG,BG,DALMINE,3,4,ANAS,,1132.37,4_2_2,1,TR_0033,Manca autorizz,IN ATTESA,NON NECESSARIO,NON NECESSARIO,,,NO,IN ATTESA,NOT STARTED
34,NO DIG,BG,CURNO,3,4,COMUNE,,1703.84,4_2_2,1,TR_0034,Manca autorizz,IN ATTESA,NON NECESSARIO,NON NECESSARIO,,,NO,IN ATTESA,NOT STARTED
35,SCAVO,BG,MOZZO,3,2,PROVINCIA DI BERGAMO,RIP,77.67,2_3,1,TR_0035,Manca autorizz,IN ATTESA,NON NECESSARIO,NON NECESSARIO,,,NO,IN ATTESA,NOT STARTED
36,SCAVO,BG,PONTE SAN PIETRO,3,2,COMUNE,,698.91,2_3,1,TR_0036,Manca autorizz,IN ATTESA,NON NECESSARIO,NON NECESSARIO,,,NO,IN ATTESA,NOT STARTED
37,SCAVO,BG,PONTE SAN PIETRO,3,2,PROVINCIA DI BERGAMO,,201.15,2_3,1,TR_0037,Manca autorizz,IN ATTESA,NON NECESSARIO,NON NECESSARIO,,,NO,IN ATTESA,NOT STARTED
38,SCAVO,BG,MOZZO,3,2,PROVINCIA DI BERGAMO,,303.5,2_3,1,TR_0038,Manca autorizz,IN ATTESA,NON NECESSARIO,NON NECESSARIO,,,NO,IN ATTESA,NOT STARTED
39,NO DIG,BG,BERGAMO,3,3,PROVINCIA DI BERGAMO,,511.79,3_2_1,1,TR_0039,Manca autorizz,IN ATTESA,NON NECESSARIO,NON NECESSARIO,,,NO,IN ATTESA,NOT STARTED
40,NO DIG,BG,BERGAMO,3,3,COMUNE,,750.21,3_2_2,1,TR_0040,Manca autorizz,IN ATTESA,NON NECESSARIO,NON NECESSARIO,,,NO,IN ATTESA,NOT STARTED
43,NO DIG,BG,CURNO,3,3,COMUNE,ANAS,121.19,3_2_2,1,TR_0043,Manca autorizz,IN ATTESA,NON NECESSARIO,NON NECESSARIO,,,NO,IN ATTESA,NOT STARTED
44,NO DIG,BG,MOZZO,3,3,COMUNE,,48.61,3_2_2,1,TR_0044,Manca autorizz,IN ATTESA,NON NECESSARIO,NON NECESSARIO,,,NO,IN ATTESA,NOT STARTED
45,NO DIG,BG,MOZZO,3,3,COMUNE,,227.27,3_2_2,1,TR_0045,Manca autorizz,IN ATTESA,NON NECESSARIO,NON NECESSARIO,,,NO,IN ATTESA,NOT STARTED
46,CANALETTA,BG,MOZZO,3,3,PROVINCIA DI BERGAMO,,84.01,3_2_2,1,TR_0046,Manca autorizz,IN ATTESA,NON NECESSARIO,NON NECESSARIO,,,NO,IN ATTESA,NOT STARTED
48,NO DIG,MI,TREZZO SULL'ADDA,3,9,PROVINCIA DI MILANO,,1384.48,9_2,2,TR_0048,Manca autorizz,IN ATTESA,NON NECESSARIO,NON NECESSARIO,,,NO,IN ATTESA,NOT STARTED
50,NO DIG,MB,BELLUSCO,3,9,PROVINCIA DI MB,,3303.09,9_2,2,TR_0050,Manca autorizz,IN ATTESA,NON NECESSARIO,NON NECESSARIO,,,NO,IN ATTESA,NOT STARTED
51,NO DIG,MB,VIMERCATE,3,9,PROVINCIA DI MB,,1437.33,9_2,2,TR_0051,Manca autorizz,IN ATTESA,NON NECESSARIO,NON NECESSARIO,,,NO,IN ATTESA,NOT STARTED
54,NO DIG,MB,VIMERCATE,3,9,PROVINCIA DI MB,,2033.57,9_2,2,TR_0054,Manca autorizz,IN ATTESA,NON NECESSARIO,NON NECESSARIO,,,NO,IN ATTESA,NOT STARTED
56,NO DIG,MB,CONCOREZZO,3,9,PROVINCIA DI MB,,778.44,9_2,2,TR_0056,Manca autorizz,IN ATTESA,NON NECESSARIO,NON NECESSARIO,,,NO,IN ATTESA,NOT STARTED
63,NO DIG,MI,PADERNO DUGNANO,3,9,COMUNE,,540.44,9_2,2,TR_0063,Manca autorizz,IN ATTESA,NON NECESSARIO,NON NECESSARIO,,,NO,IN ATTESA,NOT STARTED
64,NO DIG,MI,SENAGO,3,9,COMUNE,,1773.94,9_2,2,TR_0064,Manca autorizz,IN ATTESA,NON NECESSARIO,NON NECESSARIO,,,NO,IN ATTESA,NOT STARTED
69,NO DIG,MI,GARBAGNATE MILANESE,3,9,COMUNE,,560.75,9_2,2,TR_0069,Manca autorizz,IN ATTESA,NON NECESSARIO,NON NECESSARIO,,,NO,IN ATTESA,NOT STARTED
70,NO DIG,MB,MUGGIO,3,9,PROVINCIA DI MB,,863.49,9_2,2,TR_0070,Manca autorizz,IN ATTESA,NON NECESSARIO,NON NECESSARIO,,,NO,IN ATTESA,NOT STARTED
71,NO DIG,MB,NOVA MILANESE,3,9,COMUNE,,1345.27,9_2,2,TR_0071,Manca autorizz,IN ATTESA,NON NECESSARIO,NON NECESSARIO,,,NO,IN ATTESA,NOT STARTED
73,NO DIG,MI,GARBAGNATE MILANESE,3,9,PROVINCIA DI MILANO,,1178.78,9_2,2,TR_0073,Manca autorizz,IN ATTESA,NON NECESSARIO,NON NECESSARIO,,,NO,IN ATTESA,NOT STARTED
74,NO DIG,MI,LAINATE,3,9,PROVINCIA DI MILANO,,1164.33,9_2,2,TR_0074,Manca autorizz,IN ATTESA,NON NECESSARIO,NON NECESSARIO,,,NO,IN ATTESA,NOT STARTED
75,NO DIG,MB,MUGGIO,3,9,COMUNE,,1459.28,9_2,2,TR_0075,Manca autorizz,IN ATTESA,NON NECESSARIO,NON NECESSARIO,,,NO,IN ATTESA,NOT STARTED
77,SCAVO,BG,CAPRIATE SAN GERVASIO,3,9,PROVINCIA DI BERGAMO,,1070.71,9_2,1,TR_0077,Manca autorizz,IN ATTESA,NON NECESSARIO,NON NECESSARIO,,,NO,IN ATTESA,NOT STARTED
78,SCAVO,MI,TREZZO SULL'ADDA,3,9,PROVINCIA DI MILANO,,321.94,9_2,1,TR_0078,Manca autorizz,IN ATTESA,NON NECESSARIO,NON NECESSARIO,,,NO,IN ATTESA,NOT STARTED
84,NO DIG,MI,PADERNO DUGNANO,3,9,COMUNE,,865.2,9_2,2,TR_0084,Manca autorizz,IN ATTESA,NON NECESSARIO,NON NECESSARIO,,,NO,IN ATTESA,NOT STARTED
85,SCAVO,MI,GARBAGNATE MILANESE,3,9,COMUNE,,1149.38,9_2,2,TR_0085,Manca autorizz,IN ATTESA,NON NECESSARIO,NON NECESSARIO,,,NO,IN ATTESA,NOT STARTED
86,SCAVO,PV,SIZIANO,3,8,PROVINCIA DI MILANO,,247.71,8_2,5,TR_0086,Manca autorizz,IN ATTESA,NON NECESSARIO,NON NECESSARIO,,,NO,IN ATTESA,NOT STARTED
87,NO DIG,PV,SIZIANO,3,8,PROVINCIA DI MILANO,,340.31,8_2,5,TR_0087,Manca autorizz,IN ATTESA,NON NECESSARIO,NON NECESSARIO,,,NO,IN ATTESA,NOT STARTED
88,NO DIG,MI,PIEVE EMANUELE,3,8,PROVINCIA DI MILANO,,453.03,8_2,5,TR_0088,Manca autorizz,IN ATTESA,NON NECESSARIO,NON NECESSARIO,,,NO,IN ATTESA,NOT STARTED
89,NO DIG,MI,CARPIANO,3,8,PROVINCIA DI MILANO,,543.76,8_1,5,TR_0089,Manca autorizz,IN ATTESA,NON NECESSARIO,NON NECESSARIO,,,NO,IN ATTESA,NOT STARTED
90,SCAVO,MI,SAN GIULIANO MILANESE,3,15,PROVINCIA DI MILANO,,125.9,15,5,TR_0090,Manca autorizz,IN ATTESA,NON NECESSARIO,NON NECESSARIO,,,NO,IN ATTESA,NOT STARTED
91,SCAVO,MI,SAN GIULIANO MILANESE,3,15,PROVINCIA DI MILANO,,183.49,15,5,TR_0091,Manca autorizz,IN ATTESA,NON NECESSARIO,NON NECESSARIO,,,NO,IN ATTESA,NOT STARTED
92,SCAVO,MI,SAN GIULIANO MILANESE,3,15,COMUNE,,141.4,15,5,TR_0092,Manca autorizz,IN ATTESA,NON NECESSARIO,NON NECESSARIO,,,NO,IN ATTESA,NOT STARTED
93,SCAVO,MI,SAN GIULIANO MILANESE,3,15,COMUNE,,132.2,15,5,TR_0093,Manca autorizz,IN ATTESA,NON NECESSARIO,NON NECESSARIO,,,NO,IN ATTESA,NOT STARTED
94,CANALETTA,MI,SAN GIULIANO MILANESE,3,15,COMUNE,AIPO,20.48,15,5,TR_0094,Manca autorizz,IN ATTESA,NON NECESSARIO,NON NECESSARIO,,,NO,IN ATTESA,NOT STARTED
95,CANALETTA,MI,SAN GIULIANO MILANESE,3,15,PROVINCIA DI MILANO,RFI,66.78,15,5,TR_0095,Manca autorizz,IN ATTESA,NON NECESSARIO,NON NECESSARIO,,,NO,IN ATTESA,NOT STARTED
96,CANALETTA,MI,SAN GIULIANO MILANESE,3,15,COMUNE,AUTOSTRADE,103.57,15,5,TR_0096,Manca autorizz,IN ATTESA,NON NECESSARIO,NON NECESSARIO,,,NO,IN ATTESA,NOT STARTED
97,NO DIG,MI,SAN GIULIANO MILANESE,3,15,PROVINCIA DI MILANO,,381.98,15,5,TR_0097,Manca autorizz,IN ATTESA,NON NECESSARIO,NON NECESSARIO,,,NO,IN ATTESA,NOT STARTED
98,NO DIG,MI,SAN GIULIANO MILANESE,3,15,PROVINCIA DI MILANO,,1196.49,15,5,TR_0098,Manca autorizz,IN ATTESA,NON NECESSARIO,NON NECESSARIO,,,NO,IN ATTESA,NOT STARTED
99,NO DIG,MI,SAN GIULIANO MILANESE,3,15,COMUNE,AUTOSTRADE,976.59,15,5,TR_0099,Manca autorizz,IN ATTESA,NON NECESSARIO,NON NECESSARIO,,,NO,IN ATTESA,NOT STARTED
100,NO DIG,MI,SAN GIULIANO MILANESE,3,15,COMUNE,,910.21,15,5,TR_0100,Manca autorizz,IN ATTESA,NON NECESSARIO,NON NECESSARIO,,,NO,IN ATTESA,NOT STARTED
101,NO DIG,MI,CARPIANO,3,15,COMUNE,,1920.94,15,5,TR_0101,Manca autorizz,IN ATTESA,NON NECESSARIO,NON NECESSARIO,,,NO,IN ATTESA,NOT STARTED
102,NO DIG,MI,CARPIANO,3,15,PROVINCIA DI MILANO,,1102.37,15,5,TR_0102,Manca autorizz,IN ATTESA,NON NECESSARIO,NON NECESSARIO,,,NO,IN ATTESA,NOT STARTED
103,SCAVO,MI,PERO,3,18,COMUNE DI PERO,EST VILLORESI,701.58,18,1A,TR_0103,Manca autorizz | Manca nulla osta,PROTOCOLLATO,INVIATO,NON NECESSARIO,2026/05/13,AUT/24/1A | NO/22/1A | NO/26/1A | NO/28/1A,NO,PROTOCOLLATO,ON GOING
104,NO DIG,MI,SAN DONATO MILANESE,3,14,COMUNE,,232.29,14_1,5,TR_0104,Manca autorizz,IN ATTESA,NON NECESSARIO,NON NECESSARIO,,,NO,IN ATTESA,NOT STARTED
105,NO DIG,MI,MILANO,3,14,COMUNE,,639.85,14_1,5,TR_0105,Manca autorizz,IN ATTESA,NON NECESSARIO,NON NECESSARIO,,,NO,IN ATTESA,NOT STARTED
106,SCAVO,MI,SAN DONATO MILANESE,3,14,COMUNE,,635.5,14_1,5,TR_0106,Manca autorizz,IN ATTESA,NON NECESSARIO,NON NECESSARIO,,,NO,IN ATTESA,NOT STARTED
107,SCAVO,MI,SAN DONATO MILANESE,3,14,COMUNE,,1318.86,14_1,5,TR_0107,Manca autorizz,IN ATTESA,NON NECESSARIO,NON NECESSARIO,,,NO,IN ATTESA,NOT STARTED
108,SCAVO,MI,MILANO,3,39,COMUNE,,617.8,39_1,5,TR_0108,Manca autorizz,IN ATTESA,NON NECESSARIO,NON NECESSARIO,,,NO,IN ATTESA,NOT STARTED
109,SCAVO,MI,SEGRATE,3,39,PROVINCIA DI MILANO,,693.99,39_1,5,TR_0109,Manca autorizz,IN ATTESA,NON NECESSARIO,NON NECESSARIO,,,NO,IN ATTESA,NOT STARTED
110,SCAVO,MI,SEGRATE,3,39,PROVINCIA DI MILANO,,892.08,39_1,5,TR_0110,Manca autorizz,IN ATTESA,NON NECESSARIO,NON NECESSARIO,,,NO,IN ATTESA,NOT STARTED
111,SCAVO,MI,PIOLTELLO,3,39,COMUNE,,299.39,39_1,5,TR_0111,Manca autorizz,IN ATTESA,NON NECESSARIO,NON NECESSARIO,,,NO,IN ATTESA,NOT STARTED
112,SCAVO,MI,PIOLTELLO,3,39,COMUNE,,709.83,39_1,5,TR_0112,Manca autorizz,IN ATTESA,NON NECESSARIO,NON NECESSARIO,,,NO,IN ATTESA,NOT STARTED
113,SCAVO,MI,PIOLTELLO,3,39,COMUNE,,367.02,39_1,5,TR_0113,Manca autorizz,IN ATTESA,NON NECESSARIO,NON NECESSARIO,,,NO,IN ATTESA,NOT STARTED
114,SCAVO,MI,PIOLTELLO,3,39,COMUNE,,735.75,39_1,5,TR_0114,Manca autorizz,IN ATTESA,NON NECESSARIO,NON NECESSARIO,,,NO,IN ATTESA,NOT STARTED
116,NO DIG,MI,SEGRATE,3,39,PROVINCIA DI MILANO,,2237.76,39_1,5,TR_0116,Manca autorizz,IN ATTESA,NON NECESSARIO,NON NECESSARIO,,,NO,IN ATTESA,NOT STARTED
117,NO DIG,MI,SEGRATE,3,39,PROVINCIA DI MILANO,,109.65,39_1,5,TR_0117,Manca autorizz,IN ATTESA,NON NECESSARIO,NON NECESSARIO,,,NO,IN ATTESA,NOT STARTED
118,NO DIG,MI,PIOLTELLO,3,39,COMUNE,,640.35,39_1,5,TR_0118,Manca autorizz,IN ATTESA,NON NECESSARIO,NON NECESSARIO,,,NO,IN ATTESA,NOT STARTED
119,NO DIG,MI,PIOLTELLO,3,39,COMUNE,,1302.17,39_1,5,TR_0119,Manca autorizz,IN ATTESA,NON NECESSARIO,NON NECESSARIO,,,NO,IN ATTESA,NOT STARTED
120,SCAVO,MI,MILANO,3,4,COMUNE,,3234.39,4_1_1,3,TR_0120,Manca autorizz,IN ATTESA,NON NECESSARIO,NON NECESSARIO,,,NO,IN ATTESA,NOT STARTED
121,SCAVO,MI,MILANO,3,4,COMUNE,,158.99,4_1_1,3,TR_0121,Manca autorizz,IN ATTESA,NON NECESSARIO,NON NECESSARIO,,,NO,IN ATTESA,NOT STARTED
122,NO DIG,MI,CERNUSCO SUL NAVIGLIO,3,4,ANAS,COMUNE,1994.9,4_1_1,3,TR_0122,Manca autorizz,IN ATTESA,NON NECESSARIO,NON NECESSARIO,,,NO,IN ATTESA,NOT STARTED
123,NO DIG,MI,VIMODRONE,3,4,COMUNE,,2331.9,4_1_1,3,TR_0123,Manca autorizz,IN ATTESA,NON NECESSARIO,NON NECESSARIO,,,NO,IN ATTESA,NOT STARTED
124,NO DIG,MI,MILANO,3,4,COMUNE,,153.19,4_1_1,3,TR_0124,Manca autorizz,IN ATTESA,NON NECESSARIO,NON NECESSARIO,,,NO,IN ATTESA,NOT STARTED
125,CANALETTA,MI,MILANO,3,4,COMUNE,AIPO,91.45,4_1_1,3,TR_0125,Manca autorizz,IN ATTESA,NON NECESSARIO,NON NECESSARIO,,,NO,IN ATTESA,NOT STARTED
126,CANALETTA,BG,CANONICA D'ADDA,3,4,PROVINCIA DI BERGAMO,AIPO,66.22,4_1_2,3,TR_0126,Manca autorizz,IN ATTESA,NON NECESSARIO,NON NECESSARIO,,,NO,IN ATTESA,NOT STARTED
127,SCAVO,BG,BOLTIERE,3,4,PROVINCIA DI BERGAMO,,670.58,4_1_2,3,TR_0127,Manca autorizz,IN ATTESA,NON NECESSARIO,NON NECESSARIO,,,NO,IN ATTESA,NOT STARTED
128,SCAVO,BG,CANONICA D'ADDA,3,4,PROVINCIA DI BERGAMO,,1082.97,4_1_2,3,TR_0128,Manca autorizz,IN ATTESA,NON NECESSARIO,NON NECESSARIO,,,NO,IN ATTESA,NOT STARTED
129,SCAVO,BG,VAPRIO D'ADDA,3,4,PROVINCIA DI MILANO,,291.74,4_1_2,3,TR_0129,Manca autorizz,IN ATTESA,NON NECESSARIO,NON NECESSARIO,,,NO,IN ATTESA,NOT STARTED
130,SCAVO,MI,BELLINZAGO LOMBARDO,3,4,ANAS,AUTOSTRADE,99.82,4_1_2,3,TR_0130,Manca autorizz,IN ATTESA,NON NECESSARIO,NON NECESSARIO,,,NO,IN ATTESA,NOT STARTED
131,NO DIG,MI,GORGONZOLA,3,4,ANAS,,3861.09,4_1_2,3,TR_0131,Manca autorizz,IN ATTESA,NON NECESSARIO,NON NECESSARIO,,,NO,IN ATTESA,NOT STARTED
133,NO DIG,MI,CASSINA DE PECCHI,3,4,COMUNE,,1675.89,4_1_2,3,TR_0133,Manca autorizz,IN ATTESA,NON NECESSARIO,NON NECESSARIO,,,NO,IN ATTESA,NOT STARTED
134,NO DIG,MI,CERNUSCO SUL NAVIGLIO,3,4,COMUNE,,1611.4,4_1_2,3,TR_0134,Manca autorizz,IN ATTESA,NON NECESSARIO,NON NECESSARIO,,,NO,IN ATTESA,NOT STARTED
135,NO DIG,BG,BOLTIERE,3,4,PROVINCIA DI BERGAMO,,631.65,4_1_2,3,TR_0135,Manca autorizz,IN ATTESA,NON NECESSARIO,NON NECESSARIO,,,NO,IN ATTESA,NOT STARTED
136,NO DIG,BG,BOLTIERE,3,4,PROVINCIA DI BERGAMO,,952.32,4_1_2,3,TR_0136,Manca autorizz,IN ATTESA,NON NECESSARIO,NON NECESSARIO,,,NO,IN ATTESA,NOT STARTED
137,NO DIG,BG,PONTIROLO NUOVO,3,4,PROVINCIA DI BERGAMO,,1958.56,4_1_2,3,TR_0137,Manca autorizz,IN ATTESA,NON NECESSARIO,NON NECESSARIO,,,NO,IN ATTESA,NOT STARTED
138,NO DIG,BG,VAPRIO D'ADDA,3,4,PROVINCIA DI MILANO,,1481.59,4_1_2,3,TR_0138,Manca autorizz,IN ATTESA,NON NECESSARIO,NON NECESSARIO,,,NO,IN ATTESA,NOT STARTED
139,NO DIG,MI,INZAGO,3,4,PROVINCIA DI MILANO,,2957.19,4_1_2,3,TR_0139,Manca autorizz,IN ATTESA,NON NECESSARIO,NON NECESSARIO,,,NO,IN ATTESA,NOT STARTED
140,NO DIG,MI,BELLINZAGO LOMBARDO,3,4,COMUNE,,1166.98,4_1_2,3,TR_0140,Manca autorizz,IN ATTESA,NON NECESSARIO,NON NECESSARIO,,,NO,IN ATTESA,NOT STARTED
141,NO DIG,MI,BELLINZAGO LOMBARDO,3,4,ANAS,,360.73,4_1_2,3,TR_0141,Manca autorizz,IN ATTESA,NON NECESSARIO,NON NECESSARIO,,,NO,IN ATTESA,NOT STARTED
142,NO DIG,MI,BELLINZAGO LOMBARDO,3,4,ANAS,,108.39,4_1_2,3,TR_0142,Manca autorizz,IN ATTESA,NON NECESSARIO,NON NECESSARIO,,,NO,IN ATTESA,NOT STARTED
143,NO DIG,PV,LANDRIANO,5,27,PROVINCIA DI PAVIA,,1890.19,27_1,8,TR_0143,Manca autorizz,IN REDAZIONE,NON NECESSARIO,NON NECESSARIO,,AUT/5/8,NO,IN REDAZIONE,NOT STARTED
144,NO DIG,PV,LANDRIANO,5,27,PROVINCIA DI PAVIA,,1099.67,27_1,8,TR_0144,Manca autorizz,IN REDAZIONE,NON NECESSARIO,NON NECESSARIO,,AUT/6/8,NO,IN REDAZIONE,NOT STARTED
145,NO DIG,PV,LANDRIANO,5,27,COMUNE DI LANDRIANO,,2002.27,27_1,8,TR_0145,Manca autorizz,IN REDAZIONE,NON NECESSARIO,NON NECESSARIO,,AUT/7/8,NO,IN REDAZIONE,NOT STARTED
146,NO DIG,MI,CARPIANO,5,27,COMUNE DI CARPIANO,,940.37,27_1,8,TR_0146,Manca autorizz,IN REDAZIONE,NON NECESSARIO,NON NECESSARIO,,AUT/8/8,NO,IN REDAZIONE,NOT STARTED
147,NO DIG,PV,SIZIANO,5,26,PROVINCIA DI PAVIA,,58.03,26_2,8,TR_0147,Manca autorizz,IN REDAZIONE,NON NECESSARIO,NON NECESSARIO,,AUT/2/8,NO,IN REDAZIONE,NOT STARTED
148,NO DIG,PV,BORNASCO,5,26,PROVINCIA DI PAVIA,,738.67,26_3,8,TR_0148,Manca autorizz,IN REDAZIONE,NON NECESSARIO,NON NECESSARIO,,AUT/2/8,NO,IN REDAZIONE,NOT STARTED
149,CANALETTA,MI,MELEGNANO,3,40,PROVINCIA DI MILANO,AUTOSTRADE,72.78,40,4,TR_0149,Manca autorizz,IN ATTESA,NON NECESSARIO,NON NECESSARIO,,,NO,IN ATTESA,NOT STARTED
150,NO DIG,MI,LOCATE TRIULZI,3,40,COMUNE,RIM,14.53,40,4,TR_0150,Manca autorizz,IN ATTESA,NON NECESSARIO,NON NECESSARIO,,,NO,IN ATTESA,NOT STARTED
151,CANALETTA,MI,LOCATE TRIULZI,3,40,COMUNE,AIPO,27.61,40,4,TR_0151,Manca autorizz,IN ATTESA,NON NECESSARIO,NON NECESSARIO,,,NO,IN ATTESA,NOT STARTED
152,SCAVO,PV,SIZIANO,3,40,COMUNE,,26.09,40,4,TR_0152,Manca autorizz,IN ATTESA,NON NECESSARIO,NON NECESSARIO,,,NO,IN ATTESA,NOT STARTED
153,NO DIG,MI,LOCATE TRIULZI,3,40,COMUNE,,140.87,40,4,TR_0153,Manca autorizz,IN ATTESA,NON NECESSARIO,NON NECESSARIO,,,NO,IN ATTESA,NOT STARTED
154,SCAVO,MI,MELEGNANO,3,40,PROVINCIA DI MILANO,,20.9,40,4,TR_0154,Manca autorizz,IN ATTESA,NON NECESSARIO,NON NECESSARIO,,,NO,IN ATTESA,NOT STARTED
155,SCAVO,MI,MELEGNANO,3,40,PROVINCIA DI MILANO,,15.71,40,4,TR_0155,Manca autorizz,IN ATTESA,NON NECESSARIO,NON NECESSARIO,,,NO,IN ATTESA,NOT STARTED
156,NO DIG,MI,MELEGNANO,3,40,PROVINCIA DI MILANO,,377.84,40,4,TR_0156,Manca autorizz,IN ATTESA,NON NECESSARIO,NON NECESSARIO,,,NO,IN ATTESA,NOT STARTED
157,NO DIG,MI,LOCATE TRIULZI,3,40,COMUNE,,139.08,40,4,TR_0157,Manca autorizz,IN ATTESA,NON NECESSARIO,NON NECESSARIO,,,NO,IN ATTESA,NOT STARTED
158,NO DIG,PV,SIZIANO,3,40,COMUNE,,2232.62,40,4,TR_0158,Manca autorizz,IN ATTESA,NON NECESSARIO,NON NECESSARIO,,,NO,IN ATTESA,NOT STARTED
159,NO DIG,MI,CARPIANO,3,40,COMUNE,,1327.37,40,4,TR_0159,Manca autorizz,IN ATTESA,NON NECESSARIO,NON NECESSARIO,,,NO,IN ATTESA,NOT STARTED
160,NO DIG,MI,CARPIANO,3,40,PROVINCIA DI MILANO,,2374.23,40,4,TR_0160,Manca autorizz,IN ATTESA,NON NECESSARIO,NON NECESSARIO,,,NO,IN ATTESA,NOT STARTED
161,NO DIG,MI,MELEGNANO,3,40,PROVINCIA DI MILANO,,469.36,40,4,TR_0161,Manca autorizz,IN ATTESA,NON NECESSARIO,NON NECESSARIO,,,NO,IN ATTESA,NOT STARTED
162,NO DIG,MI,SAN GIULIANO MILANESE,3,40,PROVINCIA DI MILANO,,399.28,40,4,TR_0162,Manca autorizz,IN ATTESA,NON NECESSARIO,NON NECESSARIO,,,NO,IN ATTESA,NOT STARTED
164,NO DIG,MI,MELEGNANO,3,40,PROVINCIA DI MILANO,,513.17,40,4,TR_0164,Manca autorizz,IN ATTESA,NON NECESSARIO,NON NECESSARIO,,,NO,IN ATTESA,NOT STARTED
168,NO DIG,MI,MEDIGLIA,3,40,PROVINCIA DI MILANO,,3809.45,40,4,TR_0168,Manca autorizz,IN ATTESA,NON NECESSARIO,NON NECESSARIO,,,NO,IN ATTESA,NOT STARTED
169,NO DIG,MI,MEDIGLIA,3,40,PROVINCIA DI MILANO,,133.71,40,4,TR_0169,Manca autorizz,IN ATTESA,NON NECESSARIO,NON NECESSARIO,,,NO,IN ATTESA,NOT STARTED
172,SCAVO,MI,SETTALA,3,6,PROVINCIA DI MILANO,,1179.47,6_2,4,TR_0172,Manca autorizz,IN ATTESA,NON NECESSARIO,NON NECESSARIO,,,NO,IN ATTESA,NOT STARTED
173,SCAVO,BG,STEZZANO,3,6,COMUNE,,629.43,6_2,1,TR_0173,Manca autorizz,IN ATTESA,NON NECESSARIO,NON NECESSARIO,,,NO,IN ATTESA,NOT STARTED
174,SCAVO,BG,STEZZANO,3,6,COMUNE,,161.96,6_2,1,TR_0174,Manca autorizz,IN ATTESA,NON NECESSARIO,NON NECESSARIO,,,NO,IN ATTESA,NOT STARTED
175,SCAVO,BG,STEZZANO,3,6,COMUNE,,993.83,6_2,1,TR_0175,Manca autorizz,IN ATTESA,NON NECESSARIO,NON NECESSARIO,,,NO,IN ATTESA,NOT STARTED
176,SCAVO,BG,VERDELLO,3,6,COMUNE,,2452.5,6_2,4,TR_0176,Manca autorizz,IN ATTESA,NON NECESSARIO,NON NECESSARIO,,,NO,IN ATTESA,NOT STARTED
177,SCAVO,BG,ARCENE,3,6,COMUNE,,1666.44,6_2,4,TR_0177,Manca autorizz,IN ATTESA,NON NECESSARIO,NON NECESSARIO,,,NO,IN ATTESA,NOT STARTED
178,NO DIG,BG,STEZZANO,3,6,PROVINCIA DI BERGAMO,,517.89,6_2,1,TR_0178,Manca autorizz,IN ATTESA,NON NECESSARIO,NON NECESSARIO,,,NO,IN ATTESA,NOT STARTED
179,NO DIG,BG,LEVATE,3,6,PROVINCIA DI BERGAMO,,1156.38,6_2,1,TR_0179,Manca autorizz,IN ATTESA,NON NECESSARIO,NON NECESSARIO,,,NO,IN ATTESA,NOT STARTED
180,NO DIG,BG,VERDELLO,3,6,PROVINCIA DI BERGAMO,,155.62,6_2,4,TR_0180,Manca autorizz,IN ATTESA,NON NECESSARIO,NON NECESSARIO,,,NO,IN ATTESA,NOT STARTED
182,NO DIG,BG,ARCENE,3,6,PROVINCIA DI BERGAMO,,464.13,6_2,4,TR_0182,Manca autorizz,IN ATTESA,NON NECESSARIO,NON NECESSARIO,,,NO,IN ATTESA,NOT STARTED
183,NO DIG,BG,ARCENE,3,6,PROVINCIA DI BERGAMO,,568.77,6_2,4,TR_0183,Manca autorizz,IN ATTESA,NON NECESSARIO,NON NECESSARIO,,,NO,IN ATTESA,NOT STARTED
184,NO DIG,BG,TREVIGLIO,3,6,PROVINCIA DI BERGAMO,,3185.89,6_2,4,TR_0184,Manca autorizz,IN ATTESA,NON NECESSARIO,NON NECESSARIO,,,NO,IN ATTESA,NOT STARTED
185,NO DIG,BG,TREVIGLIO,3,6,COMUNE,,746.64,6_2,4,TR_0185,Manca autorizz,IN ATTESA,NON NECESSARIO,NON NECESSARIO,,,NO,IN ATTESA,NOT STARTED
186,NO DIG,BG,TREVIGLIO,3,6,COMUNE,,1091.25,6_2,4,TR_0186,Manca autorizz,IN ATTESA,NON NECESSARIO,NON NECESSARIO,,,NO,IN ATTESA,NOT STARTED
187,NO DIG,CR,RIVOLTA D'ADDA,3,6,PROVINCIA DI MILANO,,503.54,6_2,4,TR_0187,Manca autorizz,IN ATTESA,NON NECESSARIO,NON NECESSARIO,,,NO,IN ATTESA,NOT STARTED
188,NO DIG,BG,TREVIGLIO,3,6,ANAS,,1460.41,6_2,4,TR_0188,Manca autorizz,IN ATTESA,NON NECESSARIO,NON NECESSARIO,,,NO,IN ATTESA,NOT STARTED
190,NO DIG,CR,RIVOLTA D'ADDA,3,6,PROVINCIA DI MILANO,,226.21,6_2,4,TR_0190,Manca autorizz,IN ATTESA,NON NECESSARIO,NON NECESSARIO,,,NO,IN ATTESA,NOT STARTED
194,NO DIG,MI,SETTALA,3,6,PROVINCIA DI MILANO,,2636.97,6_2,4,TR_0194,Manca autorizz,IN ATTESA,NON NECESSARIO,NON NECESSARIO,,,NO,IN ATTESA,NOT STARTED
196,NO DIG,MI,CASSANO D'ADDA,3,6,ANAS,,683.82,6_2,4,TR_0196,Manca autorizz,IN ATTESA,NON NECESSARIO,NON NECESSARIO,,,NO,IN ATTESA,NOT STARTED
197,NO DIG,MI,CASSANO D'ADDA,3,6,PROVINCIA DI CREMONA,,721.45,6_2,4,TR_0197,Manca autorizz,IN ATTESA,NON NECESSARIO,NON NECESSARIO,,,NO,IN ATTESA,NOT STARTED
198,NO DIG,CR,RIVOLTA D'ADDA,3,6,PROVINCIA DI CREMONA,,1802.45,6_2,4,TR_0198,Manca autorizz,IN ATTESA,NON NECESSARIO,NON NECESSARIO,,,NO,IN ATTESA,NOT STARTED
199,NO DIG,CR,CASIRATE D'ADDA,3,6,PROVINCIA DI BERGAMO,,464.01,6_2,4,TR_0199,Manca autorizz,IN ATTESA,NON NECESSARIO,NON NECESSARIO,,,NO,IN ATTESA,NOT STARTED
200,NO DIG,MI,CASSANO D'ADDA,3,6,PROVINCIA DI CREMONA,,348.83,6_2,4,TR_0200,Manca autorizz,IN ATTESA,NON NECESSARIO,NON NECESSARIO,,,NO,IN ATTESA,NOT STARTED
202,CANALETTA,MI,MEDIGLIA,3,6,PROVINCIA DI MILANO,RIB,31.7,6_2,4,TR_0202,Manca autorizz,IN ATTESA,NON NECESSARIO,NON NECESSARIO,,,NO,IN ATTESA,NOT STARTED
203,NO DIG,MI,MILANO,3,20,COMUNE,,1644.99,20,5,TR_0203,Manca autorizz,IN ATTESA,NON NECESSARIO,NON NECESSARIO,,,NO,IN ATTESA,NOT STARTED
204,SCAVO,MI,MILANO,3,20,COMUNE,,3945.05,20,5,TR_0204,Manca autorizz,IN ATTESA,NON NECESSARIO,NON NECESSARIO,,,NO,IN ATTESA,NOT STARTED
205,CANALETTA,MI,MILANO,3,17,COMUNE,RIB,32.43,17_2,6,TR_0205,Manca autorizz,IN ATTESA,NON NECESSARIO,NON NECESSARIO,,,NO,IN ATTESA,NOT STARTED
206,SCAVO,MI,MILANO,3,17,COMUNE,,437.85,17_2,6,TR_0206,Manca autorizz,IN ATTESA,NON NECESSARIO,NON NECESSARIO,,,NO,IN ATTESA,NOT STARTED
207,SCAVO,MI,SETTIMO MILANESE,3,17,COMUNE,,917.54,17_1,6,TR_0207,Manca autorizz,IN ATTESA,NON NECESSARIO,NON NECESSARIO,,,NO,IN ATTESA,NOT STARTED
208,SCAVO,MI,SETTIMO MILANESE,3,17,COMUNE,,699.54,17_1,6,TR_0208,Manca autorizz,IN ATTESA,NON NECESSARIO,NON NECESSARIO,,,NO,IN ATTESA,NOT STARTED
214,NO DIG,MI,SETTIMO MILANESE,3,17,COMUNE,,981.71,17_1,6,TR_0214,Manca autorizz,IN ATTESA,NON NECESSARIO,NON NECESSARIO,,,NO,IN ATTESA,NOT STARTED
215,NO DIG,MI,MILANO,3,17,COMUNE,,740.71,17_1,6,TR_0215,Manca autorizz,IN ATTESA,NON NECESSARIO,NON NECESSARIO,,,NO,IN ATTESA,NOT STARTED
216,NO DIG,MI,CORSICO,3,17,ANAS,,1045.34,17_1,6,TR_0216,Manca autorizz,IN ATTESA,NON NECESSARIO,NON NECESSARIO,,,NO,IN ATTESA,NOT STARTED
217,SCAVO,MI,BINASCO,3,11,COMUNE,,537.31,11_1,6,TR_0217,Manca autorizz,IN ATTESA,NON NECESSARIO,NON NECESSARIO,,,NO,IN ATTESA,NOT STARTED
218,NO DIG,MI,BINASCO,3,11,COMUNE,,335.91,11_1,6,TR_0218,Manca autorizz,IN ATTESA,NON NECESSARIO,NON NECESSARIO,,,NO,IN ATTESA,NOT STARTED
219,NO DIG,MI,NOVIGLIO,3,11,PROVINCIA DI MILANO,,421.7,11_1,6,TR_0219,Manca autorizz,IN ATTESA,NON NECESSARIO,NON NECESSARIO,,,NO,IN ATTESA,NOT STARTED
220,NO DIG,MI,NOVIGLIO,3,11,PROVINCIA DI MILANO,,2457.53,11_1,6,TR_0220,Manca autorizz,IN ATTESA,NON NECESSARIO,NON NECESSARIO,,,NO,IN ATTESA,NOT STARTED
221,NO DIG,MI,GAGGIANO,3,11,COMUNE,RIB,38.07,11_1,6,TR_0221,Manca autorizz,IN ATTESA,NON NECESSARIO,NON NECESSARIO,,,NO,IN ATTESA,NOT STARTED
222,NO DIG,MI,GAGGIANO,3,11,COMUNE,,932.26,11_1,6,TR_0222,Manca autorizz,IN ATTESA,NON NECESSARIO,NON NECESSARIO,,,NO,IN ATTESA,NOT STARTED
223,SCAVO,MI,RHO,1,46,COMUNE DI RHO,,217.4,46,1A,TR_0223,Manca autorizz,PROTOCOLLATO,NON NECESSARIO,NON NECESSARIO,2026/03/27,AUT/23/1A,NO,PROTOCOLLATO,ON GOING
224,SCAVO,MI,SETTIMO MILANESE,1,48,COMUNE DI SETTIMO MILANESE,,136.27,48,1B,TR_0224,Manca autorizz,PROTOCOLLATO INTEGRAZIONE,NON NECESSARIO,NON NECESSARIO,2026/03/05,AUT/1/1B,NO,PROTOCOLLATO INTEGRAZIONE,DENIED
227,NO DIG,PV,SIZIANO,2,13,PROVINCIA DI PAVIA,,741.7,13_2,2A,TR_0227,Manca autorizz,PROTOCOLLATO INTEGRAZIONE,NON NECESSARIO,NON NECESSARIO,2026/04/27,AUT/4/2A | AUT/11/2A,NO,PROTOCOLLATO INTEGRAZIONE,ON GOING
228,SCAVO,MI,PERO,3,18,COMUNE DI RHO,,359.19,18,1A,TR_0228,Manca autorizz,PROTOCOLLATO,NON NECESSARIO,NON NECESSARIO,2026/03/27,AUT/23/1A,NO,PROTOCOLLATO,ON GOING
229,NO DIG,MI,BINASCO,3,11,COMUNE,,207.93,11_1,6,TR_0229,Manca autorizz,IN ATTESA,NON NECESSARIO,NON NECESSARIO,,,NO,IN ATTESA,NOT STARTED
230,SCAVO,BG,PONTE SAN PIETRO,3,9,COMUNE,,114.3,9_1,1,TR_0230,Manca autorizz,IN ATTESA,NON NECESSARIO,NON NECESSARIO,,,NO,IN ATTESA,NOT STARTED
231,SCAVO,BG,PONTE SAN PIETRO,3,9,COMUNE,RFI,368.73,9_1,1,TR_0231,Manca autorizz,IN ATTESA,NON NECESSARIO,NON NECESSARIO,,,NO,IN ATTESA,NOT STARTED
232,SCAVO,BG,PONTE SAN PIETRO,3,9,COMUNE,RFI,375.26,9_1,1,TR_0232,Manca autorizz,IN ATTESA,NON NECESSARIO,NON NECESSARIO,,,NO,IN ATTESA,NOT STARTED
233,SCAVO,BG,MADONE,3,9,PROVINCIA DI BERGAMO,,947.34,9_1,1,TR_0233,Manca autorizz,IN ATTESA,NON NECESSARIO,NON NECESSARIO,,,NO,IN ATTESA,NOT STARTED
234,SCAVO,BG,BONATE SOPRA,3,9,PROVINCIA DI BERGAMO,ANAS,100.54,9_1,1,TR_0234,Manca autorizz,IN ATTESA,NON NECESSARIO,NON NECESSARIO,,,NO,IN ATTESA,NOT STARTED
235,SCAVO,BG,PONTE SAN PIETRO,3,9,COMUNE,,202.84,9_1,1,TR_0235,Manca autorizz,IN ATTESA,NON NECESSARIO,NON NECESSARIO,,,NO,IN ATTESA,NOT STARTED
236,CANALETTA,BG,PONTE SAN PIETRO,3,9,COMUNE,RIP,48.27,9_1,1,TR_0236,Manca autorizz,IN ATTESA,NON NECESSARIO,NON NECESSARIO,,,NO,IN ATTESA,NOT STARTED
237,NO DIG,BG,PONTE SAN PIETRO,3,9,PROVINCIA DI BERGAMO,,233.81,9_1,1,TR_0237,Manca autorizz,IN ATTESA,NON NECESSARIO,NON NECESSARIO,,,NO,IN ATTESA,NOT STARTED
241,NO DIG,BG,BONATE SOPRA,3,9,PROVINCIA DI BERGAMO,,1350.97,9_1,1,TR_0241,Manca autorizz,IN ATTESA,NON NECESSARIO,NON NECESSARIO,,,NO,IN ATTESA,NOT STARTED
244,NO DIG,BG,MADONE,3,9,PROVINCIA DI BERGAMO,,164.43,9_1,1,TR_0244,Manca autorizz,IN ATTESA,NON NECESSARIO,NON NECESSARIO,,,NO,IN ATTESA,NOT STARTED
245,NO DIG,BG,FILAGO,3,9,PROVINCIA DI BERGAMO,,376.43,9_1,1,TR_0245,Manca autorizz,IN ATTESA,NON NECESSARIO,NON NECESSARIO,,,NO,IN ATTESA,NOT STARTED
246,NO DIG,BG,FILAGO,3,9,PROVINCIA DI BERGAMO,,618.01,9_2,1,TR_0246,Manca autorizz,IN ATTESA,NON NECESSARIO,NON NECESSARIO,,,NO,IN ATTESA,NOT STARTED
252,NO DIG,MI,PADERNO DUGNANO,3,9,PROVINCIA DI MILANO,,70.3,9_2,2,TR_0252,Manca autorizz,IN ATTESA,NON NECESSARIO,NON NECESSARIO,,,NO,IN ATTESA,NOT STARTED
255,NO DIG,MI,LAINATE,3,9,PROVINCIA DI MILANO,,1389.73,9_2,2,TR_0255,Manca autorizz,IN ATTESA,NON NECESSARIO,NON NECESSARIO,,,NO,IN ATTESA,NOT STARTED
256,NO DIG,MI,RHO,3,9,PROVINCIA DI MILANO,,1341.7,9_2,2,TR_0256,Manca autorizz,IN ATTESA,NON NECESSARIO,NON NECESSARIO,,,NO,IN ATTESA,NOT STARTED
257,NO DIG,MI,RHO,3,9,ANAS,,22.4,9_2,2,TR_0257,Manca autorizz,IN ATTESA,NON NECESSARIO,NON NECESSARIO,,,NO,IN ATTESA,NOT STARTED
258,NO DIG,MI,RHO,3,9,COMUNE,,870.31,9_2,2,TR_0258,Manca autorizz,IN ATTESA,NON NECESSARIO,NON NECESSARIO,,,NO,IN ATTESA,NOT STARTED
259,NO DIG,MI,RHO,3,9,COMUNE,,99.68,9_2,2,TR_0259,Manca autorizz,IN ATTESA,NON NECESSARIO,NON NECESSARIO,,,NO,IN ATTESA,NOT STARTED
260,NO DIG,MI,GARBAGNATE MILANESE,3,9,PROVINCIA DI MILANO,,78.99,9_2,2,TR_0260,Manca autorizz,IN ATTESA,NON NECESSARIO,NON NECESSARIO,,,NO,IN ATTESA,NOT STARTED
261,NO DIG,MI,LAINATE,3,9,COMUNE,,1626.06,9_2,2,TR_0261,Manca autorizz,IN ATTESA,NON NECESSARIO,NON NECESSARIO,,,NO,IN ATTESA,NOT STARTED
262,NO DIG,BG,CAPRIATE SAN GERVASIO,3,9,PROVINCIA DI BERGAMO,,374.21,9_2,1,TR_0262,Manca autorizz,IN ATTESA,NON NECESSARIO,NON NECESSARIO,,,NO,IN ATTESA,NOT STARTED
263,CANALETTA,BG,CAPRIATE SAN GERVASIO,3,9,PROVINCIA DI BERGAMO,AIPO,105.08,9_2,1,TR_0263,Manca autorizz,IN ATTESA,NON NECESSARIO,NON NECESSARIO,,,NO,IN ATTESA,NOT STARTED
264,CANALETTA,MI,TREZZO SULL'ADDA,3,9,PROVINCIA DI MILANO,AIPO,162.15,9_2,1,TR_0264,Manca autorizz,IN ATTESA,NON NECESSARIO,NON NECESSARIO,,,NO,IN ATTESA,NOT STARTED
268,SCAVO,MB,VIMERCATE,3,9,COMUNE,,94.18,9_2,2,TR_0268,Manca autorizz,IN ATTESA,NON NECESSARIO,NON NECESSARIO,,,NO,IN ATTESA,NOT STARTED
270,SCAVO,MB,MUGGIO,3,9,PROVINCIA DI MB,,184.17,9_2,2,TR_0270,Manca autorizz,IN ATTESA,NON NECESSARIO,NON NECESSARIO,,,NO,IN ATTESA,NOT STARTED
271,SCAVO,MI,GARBAGNATE MILANESE,3,9,COMUNE,,360.82,9_2,2,TR_0271,Manca autorizz,IN ATTESA,NON NECESSARIO,NON NECESSARIO,,,NO,IN ATTESA,NOT STARTED
272,SCAVO,MI,GARBAGNATE MILANESE,3,9,PROVINCIA DI MILANO,,26.52,9_2,2,TR_0272,Manca autorizz,IN ATTESA,NON NECESSARIO,NON NECESSARIO,,,NO,IN ATTESA,NOT STARTED
273,SCAVO,MI,LAINATE,3,9,COMUNE,,890.39,9_2,2,TR_0273,Manca autorizz,IN ATTESA,NON NECESSARIO,NON NECESSARIO,,,NO,IN ATTESA,NOT STARTED
274,SCAVO,MI,RHO,3,9,COMUNE,,1083.42,9_2,2,TR_0274,Manca autorizz,IN ATTESA,NON NECESSARIO,NON NECESSARIO,,,NO,IN ATTESA,NOT STARTED
275,NO DIG,BG,VERDELLINO,3,6,PROVINCIA DI BERGAMO,,120.48,6_2,4,TR_0275,Manca autorizz,IN ATTESA,NON NECESSARIO,NON NECESSARIO,,,NO,IN ATTESA,NOT STARTED
276,NO DIG,BG,CISERANO,3,6,PROVINCIA DI BERGAMO,,116.33,6_2,4,TR_0276,Manca autorizz,IN ATTESA,NON NECESSARIO,NON NECESSARIO,,,NO,IN ATTESA,NOT STARTED
278,NO DIG,MI,MEDIGLIA,3,6,PROVINCIA DI MILANO,,93.52,6_2,4,TR_0278,Manca autorizz,IN ATTESA,NON NECESSARIO,NON NECESSARIO,,,NO,IN ATTESA,NOT STARTED
279,CANALETTA,MI,CASSANO D'ADDA,3,6,ANAS,RIM,56.16,6_2,4,TR_0279,Manca autorizz,IN ATTESA,NON NECESSARIO,NON NECESSARIO,,,NO,IN ATTESA,NOT STARTED
280,CANALETTA,MI,CASSANO D'ADDA,3,6,PROVINCIA DI MILANO,RIM,65.0,6_2,4,TR_0280,Manca autorizz,IN ATTESA,NON NECESSARIO,NON NECESSARIO,,,NO,IN ATTESA,NOT STARTED
281,CANALETTA,CR,RIVOLTA D'ADDA,3,6,PROVINCIA DI MILANO,AIPO,183.74,6_2,4,TR_0281,Manca autorizz,IN ATTESA,NON NECESSARIO,NON NECESSARIO,,,NO,IN ATTESA,NOT STARTED
282,CANALETTA,MI,TRUCAZZANO,3,6,PROVINCIA DI MILANO,RIB,56.76,6_2,4,TR_0282,Manca autorizz,IN ATTESA,NON NECESSARIO,NON NECESSARIO,,,NO,IN ATTESA,NOT STARTED
283,CANALETTA,MI,LISCATE,3,6,PROVINCIA DI MILANO,AUTOSTRADE,123.1,6_2,4,TR_0283,Manca autorizz,IN ATTESA,NON NECESSARIO,NON NECESSARIO,,,NO,IN ATTESA,NOT STARTED
284,NO DIG,BG,BERGAMO,3,6,PROVINCIA DI BERGAMO,,921.68,6_1,1,TR_0284,Manca autorizz,IN ATTESA,NON NECESSARIO,NON NECESSARIO,,,NO,IN ATTESA,NOT STARTED
285,SCAVO,BG,BERGAMO,3,6,COMUNE,,366.47,6_1,1,TR_0285,Manca autorizz,IN ATTESA,NON NECESSARIO,NON NECESSARIO,,,NO,IN ATTESA,NOT STARTED
287,NO DIG,BG,DALMINE,3,4,COMUNE,,1363.43,4_2_2,1,TR_0287,Manca autorizz,IN ATTESA,NON NECESSARIO,NON NECESSARIO,,,NO,IN ATTESA,NOT STARTED
288,NO DIG,BG,DALMINE,3,4,PROVINCIA DI BERGAMO,,424.79,4_2_2,1,TR_0288,Manca autorizz,IN ATTESA,NON NECESSARIO,NON NECESSARIO,,,NO,IN ATTESA,NOT STARTED
289,NO DIG,BG,OSIO SOPRA,3,4,PROVINCIA DI BERGAMO,,1572.89,4_2_2,1,TR_0289,Manca autorizz,IN ATTESA,NON NECESSARIO,NON NECESSARIO,,,NO,IN ATTESA,NOT STARTED
294,SCAVO,BG,BERGAMO,3,3,COMUNE,,581.37,3_2_1,1,TR_0294,Manca autorizz,IN ATTESA,NON NECESSARIO,NON NECESSARIO,,,NO,IN ATTESA,NOT STARTED
295,SCAVO,BG,BERGAMO,3,3,PROVINCIA DI BERGAMO,,110.02,3_2_1,1,TR_0295,Manca autorizz,IN ATTESA,NON NECESSARIO,NON NECESSARIO,,,NO,IN ATTESA,NOT STARTED
296,SCAVO,BG,CURNO,3,3,COMUNE,,385.1,3_2_2,1,TR_0296,Manca autorizz,IN ATTESA,NON NECESSARIO,NON NECESSARIO,,,NO,IN ATTESA,NOT STARTED
297,SCAVO,BG,MOZZO,3,3,COMUNE,,474.13,3_2_2,1,TR_0297,Manca autorizz,IN ATTESA,NON NECESSARIO,NON NECESSARIO,,,NO,IN ATTESA,NOT STARTED
298,SCAVO,BG,MOZZO,3,3,COMUNE,,444.1,3_2_2,1,TR_0298,Manca autorizz,IN ATTESA,NON NECESSARIO,NON NECESSARIO,,,NO,IN ATTESA,NOT STARTED
299,SCAVO,BG,MOZZO,3,3,COMUNE,,420.55,3_2_2,1,TR_0299,Manca autorizz,IN ATTESA,NON NECESSARIO,NON NECESSARIO,,,NO,IN ATTESA,NOT STARTED
300,SCAVO,BG,PONTE SAN PIETRO,3,3,PROVINCIA DI BERGAMO,,904.82,3_2_2,1,TR_0300,Manca autorizz,IN ATTESA,NON NECESSARIO,NON NECESSARIO,,,NO,IN ATTESA,NOT STARTED
301,SCAVO,BG,PONTE SAN PIETRO,3,3,COMUNE,,321.8,3_2_2,1,TR_0301,Manca autorizz,IN ATTESA,NON NECESSARIO,NON NECESSARIO,,,NO,IN ATTESA,NOT STARTED
302,SCAVO,BG,AZZANO SAN PAOLO,6,2,COMUNE,,1695.77,2_1,7,TR_0302,Manca autorizz,IN ATTESA,NON NECESSARIO,NON NECESSARIO,,,NO,IN ATTESA,NOT STARTED
303,NO DIG,BG,BERGAMO,6,2,PROVINCIA DI BERGAMO,,419.89,2_1,7,TR_0303,Manca autorizz,IN ATTESA,NON NECESSARIO,NON NECESSARIO,,,NO,IN ATTESA,NOT STARTED
304,NO DIG,BG,AZZANO SAN PAOLO,6,2,COMUNE,,634.1,2_1,7,TR_0304,Manca autorizz,IN ATTESA,NON NECESSARIO,NON NECESSARIO,,,NO,IN ATTESA,NOT STARTED
305,NO DIG,BG,AZZANO SAN PAOLO,6,2,PROVINCIA DI BERGAMO,,997.42,2_1,7,TR_0305,Manca autorizz,IN ATTESA,NON NECESSARIO,NON NECESSARIO,,,NO,IN ATTESA,NOT STARTED
307,SCAVO,BG,CURNO,6,2,COMUNE,,638.93,2_2,7,TR_0307,Manca autorizz,IN ATTESA,NON NECESSARIO,NON NECESSARIO,,,NO,IN ATTESA,NOT STARTED
309,SCAVO,BG,TREVIOLO,6,2,PROVINCIA DI BERGAMO,,48.41,2_2,7,TR_0309,Manca autorizz,IN ATTESA,NON NECESSARIO,NON NECESSARIO,,,NO,IN ATTESA,NOT STARTED
310,NO DIG,BG,CURNO,6,2,ANAS,,1276.61,2_2,7,TR_0310,Manca autorizz,IN ATTESA,NON NECESSARIO,NON NECESSARIO,,,NO,IN ATTESA,NOT STARTED
311,NO DIG,BG,CURNO,6,2,COMUNE,,1099.8,2_2,7,TR_0311,Manca autorizz,IN ATTESA,NON NECESSARIO,NON NECESSARIO,,,NO,IN ATTESA,NOT STARTED
312,NO DIG,BG,CURNO,6,2,COMUNE,,207.16,2_2,7,TR_0312,Manca autorizz,IN ATTESA,NON NECESSARIO,NON NECESSARIO,,,NO,IN ATTESA,NOT STARTED
313,NO DIG,BG,TREVIOLO,6,2,COMUNE,,452.49,2_2,7,TR_0313,Manca autorizz,IN ATTESA,NON NECESSARIO,NON NECESSARIO,,,NO,IN ATTESA,NOT STARTED
314,NO DIG,BG,TREVIOLO,6,2,COMUNE,,1076.74,2_2,7,TR_0314,Manca autorizz,IN ATTESA,NON NECESSARIO,NON NECESSARIO,,,NO,IN ATTESA,NOT STARTED
316,NO DIG,BG,BERGAMO,6,2,PROVINCIA DI BERGAMO,,1439.78,2_2,7,TR_0316,Manca autorizz,IN ATTESA,NON NECESSARIO,NON NECESSARIO,,,NO,IN ATTESA,NOT STARTED
317,NO DIG,BG,BERGAMO,6,2,PROVINCIA DI BERGAMO,,924.59,2_2,7,TR_0317,Manca autorizz,IN ATTESA,NON NECESSARIO,NON NECESSARIO,,,NO,IN ATTESA,NOT STARTED
318,NO DIG,BG,GRASSOBBIO,6,3,COMUNE,,194.61,3_1,7,TR_0318,Manca autorizz,IN ATTESA,NON NECESSARIO,NON NECESSARIO,,,NO,IN ATTESA,NOT STARTED
319,NO DIG,BG,ZANICA,6,3,PROVINCIA DI BERGAMO,,603.99,3_1,7,TR_0319,Manca autorizz,IN ATTESA,NON NECESSARIO,NON NECESSARIO,,,NO,IN ATTESA,NOT STARTED
320,NO DIG,BG,AZZANO SAN PAOLO,6,3,PROVINCIA DI BERGAMO,,329.45,3_1,7,TR_0320,Manca autorizz,IN ATTESA,NON NECESSARIO,NON NECESSARIO,,,NO,IN ATTESA,NOT STARTED
321,NO DIG,BG,AZZANO SAN PAOLO,6,3,PROVINCIA DI BERGAMO,,641.26,3_1,7,TR_0321,Manca autorizz,IN ATTESA,NON NECESSARIO,NON NECESSARIO,,,NO,IN ATTESA,NOT STARTED
322,NO DIG,BG,ORIO AL SERIO,6,3,COMUNE,,1092.57,3_1,7,TR_0322,Manca autorizz,IN ATTESA,NON NECESSARIO,NON NECESSARIO,,,NO,IN ATTESA,NOT STARTED
323,NO DIG,BG,AZZANO SAN PAOLO,6,3,COMUNE,,630.14,3_1,7,TR_0323,Manca autorizz,IN ATTESA,NON NECESSARIO,NON NECESSARIO,,,NO,IN ATTESA,NOT STARTED
324,NO DIG,BG,BERGAMO,6,3,COMUNE,,490.73,3_1,7,TR_0324,Manca autorizz,IN ATTESA,NON NECESSARIO,NON NECESSARIO,,,NO,IN ATTESA,NOT STARTED
325,SCAVO,MI,MILANO,4,28,COMUNE,,4291.22,28,6,TR_0325,Manca autorizz,IN ATTESA,NON NECESSARIO,NON NECESSARIO,,,NO,IN ATTESA,NOT STARTED
326,SCAVO,MI,MILANO,4,19,COMUNE,,510.58,19,6,TR_0326,Manca autorizz,IN ATTESA,NON NECESSARIO,NON NECESSARIO,,,NO,IN ATTESA,NOT STARTED
327,NO DIG,MI,MILANO,4,19,COMUNE,,2204.68,19,6,TR_0327,Manca autorizz,IN ATTESA,NON NECESSARIO,NON NECESSARIO,,,NO,IN ATTESA,NOT STARTED
328,NO DIG,MI,MILANO,4,19,COMUNE,,1538.78,19,6,TR_0328,Manca autorizz,IN ATTESA,NON NECESSARIO,NON NECESSARIO,,,NO,IN ATTESA,NOT STARTED
329,NO DIG,PV,SIZIANO,5,26,PROVINCIA DI MILANO,,492.33,26_1,8,TR_0329,Manca autorizz,IN REDAZIONE,NON NECESSARIO,NON NECESSARIO,,AUT/1/8,NO,IN REDAZIONE,NOT STARTED
330,NO DIG,PV,SIZIANO,5,26,PROVINCIA DI PAVIA,,4519.35,26_3,8,TR_0330,Manca autorizz,IN REDAZIONE,NON NECESSARIO,NON NECESSARIO,,AUT/2/8,NO,IN REDAZIONE,NOT STARTED
333,NO DIG,BG,BOLTIERE,7,45,COMUNE,,302.85,45_1,7,TR_0333,Manca autorizz,IN ATTESA,NON NECESSARIO,NON NECESSARIO,,,NO,IN ATTESA,NOT STARTED
334,NO DIG,BG,BOLTIERE,7,45,COMUNE,,385.74,45_1,7,TR_0334,Manca autorizz,IN ATTESA,NON NECESSARIO,NON NECESSARIO,,,NO,IN ATTESA,NOT STARTED
335,NO DIG,BG,BREMBATE,7,45,COMUNE,,365.93,45_1,7,TR_0335,Manca autorizz,IN ATTESA,NON NECESSARIO,NON NECESSARIO,,,NO,IN ATTESA,NOT STARTED
336,NO DIG,BG,BREMBATE,7,45,COMUNE,AUTOSTRADE,86.48,45_1,7,TR_0336,Manca autorizz,IN ATTESA,NON NECESSARIO,NON NECESSARIO,,,NO,IN ATTESA,NOT STARTED
337,NO DIG,BG,BREMBATE,7,45,COMUNE,,258.73,45_1,7,TR_0337,Manca autorizz,IN ATTESA,NON NECESSARIO,NON NECESSARIO,,,NO,IN ATTESA,NOT STARTED
338,NO DIG,BG,CAPRIATE SAN GERVASIO,7,45,COMUNE,,679.72,45_1,7,TR_0338,Manca autorizz,IN ATTESA,NON NECESSARIO,NON NECESSARIO,,,NO,IN ATTESA,NOT STARTED
339,SCAVO,BG,BREMBATE,7,45,COMUNE,,77.03,45_1,7,TR_0339,Manca autorizz,IN ATTESA,NON NECESSARIO,NON NECESSARIO,,,NO,IN ATTESA,NOT STARTED
340,SCAVO,BG,BREMBATE,7,45,COMUNE,,751.15,45_1,7,TR_0340,Manca autorizz,IN ATTESA,NON NECESSARIO,NON NECESSARIO,,,NO,IN ATTESA,NOT STARTED
341,SCAVO,BG,BREMBATE,7,45,COMUNE,,1467.33,45_1,7,TR_0341,Manca autorizz,IN ATTESA,NON NECESSARIO,NON NECESSARIO,,,NO,IN ATTESA,NOT STARTED
342,CANALETTA,BG,BREMBATE,7,45,COMUNE,RIP,107.97,45_1,7,TR_0342,Manca autorizz,IN ATTESA,NON NECESSARIO,NON NECESSARIO,,,NO,IN ATTESA,NOT STARTED
343,SCAVO,BG,COMUN NUOVO,7,38,COMUNE,,521.33,38,7,TR_0343,Manca autorizz,IN ATTESA,NON NECESSARIO,NON NECESSARIO,,,NO,IN ATTESA,NOT STARTED
344,SCAVO,BG,COMUN NUOVO,7,38,PROVINCIA DI BERGAMO,,414.18,38,7,TR_0344,Manca autorizz,IN ATTESA,NON NECESSARIO,NON NECESSARIO,,,NO,IN ATTESA,NOT STARTED
346,NO DIG,BG,ZANICA,7,38,COMUNE,,1178.07,38,7,TR_0346,Manca autorizz,IN ATTESA,NON NECESSARIO,NON NECESSARIO,,,NO,IN ATTESA,NOT STARTED
347,NO DIG,BG,ZANICA,7,38,COMUNE,,798.34,38,7,TR_0347,Manca autorizz,IN ATTESA,NON NECESSARIO,NON NECESSARIO,,,NO,IN ATTESA,NOT STARTED
348,NO DIG,BG,ZANICA,7,38,COMUNE,,304.78,38,7,TR_0348,Manca autorizz,IN ATTESA,NON NECESSARIO,NON NECESSARIO,,,NO,IN ATTESA,NOT STARTED
349,NO DIG,BG,ZANICA,7,38,COMUNE,,677.99,38,7,TR_0349,Manca autorizz,IN ATTESA,NON NECESSARIO,NON NECESSARIO,,,NO,IN ATTESA,NOT STARTED
350,NO DIG,BG,ZANICA,7,38,COMUNE,,734.8,38,7,TR_0350,Manca autorizz,IN ATTESA,NON NECESSARIO,NON NECESSARIO,,,NO,IN ATTESA,NOT STARTED
351,NO DIG,BG,ZANICA,7,38,COMUNE,,836.05,38,7,TR_0351,Manca autorizz,IN ATTESA,NON NECESSARIO,NON NECESSARIO,,,NO,IN ATTESA,NOT STARTED
353,NO DIG,BG,COMUN NUOVO,7,38,PROVINCIA DI BERGAMO,,1357.93,38,7,TR_0353,Manca autorizz,IN ATTESA,NON NECESSARIO,NON NECESSARIO,,,NO,IN ATTESA,NOT STARTED
354,NO DIG,BG,LEVATE,7,38,PROVINCIA DI BERGAMO,,710.03,38,7,TR_0354,Manca autorizz,IN ATTESA,NON NECESSARIO,NON NECESSARIO,,,NO,IN ATTESA,NOT STARTED
355,NO DIG,BG,LEVATE,7,38,COMUNE,,2049.51,38,7,TR_0355,Manca autorizz,IN ATTESA,NON NECESSARIO,NON NECESSARIO,,,NO,IN ATTESA,NOT STARTED
358,NO DIG,BG,BREMBATE,7,32,PROVINCIA DI BERGAMO,,524.05,32,7,TR_0358,Manca autorizz,IN ATTESA,NON NECESSARIO,NON NECESSARIO,,,NO,IN ATTESA,NOT STARTED
359,NO DIG,BG,OSIO SOTTO,7,32,COMUNE,,1256.4,32,7,TR_0359,Manca autorizz,IN ATTESA,NON NECESSARIO,NON NECESSARIO,,,NO,IN ATTESA,NOT STARTED
361,NO DIG,BG,BREMBATE,7,32,PROVINCIA DI BERGAMO,,320.42,32,7,TR_0361,Manca autorizz,IN ATTESA,NON NECESSARIO,NON NECESSARIO,,,NO,IN ATTESA,NOT STARTED
363,SCAVO,BG,FILAGO,7,32,PROVINCIA DI BERGAMO,,78.51,32,7,TR_0363,Manca autorizz,IN ATTESA,NON NECESSARIO,NON NECESSARIO,,,NO,IN ATTESA,NOT STARTED
365,SCAVO,BG,OSIO SOTTO,7,32,PROVINCIA DI BERGAMO,,124.84,32,7,TR_0365,Manca autorizz,IN ATTESA,NON NECESSARIO,NON NECESSARIO,,,NO,IN ATTESA,NOT STARTED
366,SCAVO,BG,BREMBATE,7,32,PROVINCIA DI BERGAMO,,42.27,32,7,TR_0366,Manca autorizz,IN ATTESA,NON NECESSARIO,NON NECESSARIO,,,NO,IN ATTESA,NOT STARTED
367,SCAVO,BG,FILAGO,7,32,PROVINCIA DI BERGAMO,,48.61,32,7,TR_0367,Manca autorizz,IN ATTESA,NON NECESSARIO,NON NECESSARIO,,,NO,IN ATTESA,NOT STARTED
368,CANALETTA,BG,FILAGO,7,32,PROVINCIA DI BERGAMO,AUTOSTRADE,56.42,32,7,TR_0368,Manca autorizz,IN ATTESA,NON NECESSARIO,NON NECESSARIO,,,NO,IN ATTESA,NOT STARTED
369,CANALETTA,BG,OSIO SOTTO,7,32,PROVINCIA DI BERGAMO,RIP,53.91,32,7,TR_0369,Manca autorizz,IN ATTESA,NON NECESSARIO,NON NECESSARIO,,,NO,IN ATTESA,NOT STARTED
370,NO DIG,PV,VIDIGULFO,5,27,PROVINCIA DI PAVIA,,3457.02,27_1,8,TR_0370,Manca autorizz,IN REDAZIONE,NON NECESSARIO,NON NECESSARIO,,AUT/5/8,NO,IN REDAZIONE,NOT STARTED
371,NO DIG,MI,PERO,1,1,COMUNE DI PERO,,313.81,1,1A,TR_0371,Manca autorizz,PROTOCOLLATO INTEGRAZIONE,NON NECESSARIO,NON NECESSARIO,2026/03/23,AUT/13/1A,NO,PROTOCOLLATO INTEGRAZIONE,ON GOING
372,NO DIG,MI,CORNAREDO,1,23,COMUNE DI CORNAREDO,,2154.12,23,1A,TR_0372,Manca autorizz,INVIATO,NON NECESSARIO,NON NECESSARIO,,AUT/1/1A,NO,INVIATO,ON GOING
373,NO DIG,MI,CUSAGO,3,11,COMUNE,,3543.73,11_1,6,TR_0373,Manca autorizz,IN ATTESA,NON NECESSARIO,NON NECESSARIO,,,NO,IN ATTESA,NOT STARTED
374,SCAVO,MI,CORNAREDO,1,49,COMUNE DI CORNAREDO,,120.53,49,1A,TR_0374,Manca autorizz,INVIATO,NON NECESSARIO,NON NECESSARIO,,AUT/1/1A,NO,INVIATO,ON GOING
375,SCAVO,MI,RHO,1,22,COMUNE DI RHO,,851.49,22,1A,TR_0375,Manca autorizz,PROTOCOLLATO,NON NECESSARIO,NON NECESSARIO,2026/03/27,AUT/20/1A,NO,PROTOCOLLATO,ON GOING
377,NO DIG,MI,ZIBIDO SAN GIACOMO,2,25,PROVINCIA DI MILANO,,420.2,25,2A,TR_0377,Manca autorizz | Manca nulla osta,PROTOCOLLATO INTEGRAZIONE,INVIATO,NON NECESSARIO,2026/04/09,AUT/8/2A | NO/5/2A | NO/10/2A | NO/12/2A,NO,PROTOCOLLATO INTEGRAZIONE,ON GOING
378,NO DIG,MI,BASIGLIO,2,13,PROVINCIA DI MILANO,COMUNE,1192.44,13_1,2A,TR_0378,,OTTENUTO,NON NECESSARIO,NON NECESSARIO,2026/04/24,AUT/7/2A,SI,OTTENUTO,APPROVAL
379,NO DIG,MI,LACCHIARELLA,2,7,COMUNE DI LACCHIARELLA,,2720.33,7_2,2B,TR_0379,,OTTENUTO,NON NECESSARIO,NON NECESSARIO,,AUT/9/2B,SI,OTTENUTO,APPROVAL
382,NO DIG,MI,SETTIMO MILANESE,1,16,COMUNE DI SETTIMO MILANESE,,1843.53,16_2,1B,TR_0382,Manca autorizz,PROTOCOLLATO INTEGRAZIONE,NON NECESSARIO,NON NECESSARIO,2026/03/05,AUT/1/1B,NO,PROTOCOLLATO INTEGRAZIONE,DENIED
383,NO DIG,MI,RHO,1,16,COMUNE DI PERO,,222.99,16_2,1A,TR_0383,Manca autorizz,PROTOCOLLATO INTEGRAZIONE,NON NECESSARIO,NON NECESSARIO,2026/03/23,AUT/13/1A,NO,PROTOCOLLATO INTEGRAZIONE,ON GOING
384,NO DIG,MI,SIZIANO,2,7,COMUNE DI SIZIANO,,969.25,7_2,2B,TR_0384,,OTTENUTO,NON NECESSARIO,NON NECESSARIO,,AUT/11/2B,SI,OTTENUTO,ON GOING
386,NO DIG,MI,BINASCO,3,11,COMUNE,,90.96,11_1,6,TR_0386,Manca autorizz,IN ATTESA,NON NECESSARIO,NON NECESSARIO,,,NO,IN ATTESA,NOT STARTED
387,NO DIG,MI,GAGGIANO,3,11,PROVINCIA DI MILANO,,904.91,11_1,6,TR_0387,Manca autorizz,IN ATTESA,NON NECESSARIO,NON NECESSARIO,,,NO,IN ATTESA,NOT STARTED
388,NO DIG,MI,TREZZANO SUL NAVIGLIO,3,11,PROVINCIA DI MILANO,,919.08,11_1,6,TR_0388,Manca autorizz,IN ATTESA,NON NECESSARIO,NON NECESSARIO,,,NO,IN ATTESA,NOT STARTED
390,NO DIG,MI,SETTIMO MILANESE,3,17,COMUNE,,55.33,17_1,6,TR_0390,Manca autorizz,IN ATTESA,NON NECESSARIO,NON NECESSARIO,,,NO,IN ATTESA,NOT STARTED
391,NO DIG,MI,LOCATE TRIULZI,3,8,PROVINCIA DI MILANO,,657.41,8_2,5,TR_0391,Manca autorizz,IN ATTESA,NON NECESSARIO,NON NECESSARIO,,,NO,IN ATTESA,NOT STARTED
392,NO DIG,MI,SAN GIULIANO MILANESE,3,15,COMUNE,,1060.09,15,5,TR_0392,Manca autorizz,IN ATTESA,NON NECESSARIO,NON NECESSARIO,,,NO,IN ATTESA,NOT STARTED
393,SCAVO,MI,SAN DONATO MILANESE,3,15,COMUNE,,238.73,15,5,TR_0393,Manca autorizz,IN ATTESA,NON NECESSARIO,NON NECESSARIO,,,NO,IN ATTESA,NOT STARTED
394,SCAVO,MI,SAN GIULIANO MILANESE,3,15,COMUNE,,2136.24,15,5,TR_0394,Manca autorizz,IN ATTESA,NON NECESSARIO,NON NECESSARIO,,,NO,IN ATTESA,NOT STARTED
395,SCAVO,MI,MILANO,3,14,COMUNE,,402.06,14_1,5,TR_0395,Manca autorizz,IN ATTESA,NON NECESSARIO,NON NECESSARIO,,,NO,IN ATTESA,NOT STARTED
396,SCAVO,MI,MILANO,3,14,COMUNE,,1806.23,14_1,5,TR_0396,Manca autorizz,IN ATTESA,NON NECESSARIO,NON NECESSARIO,,,NO,IN ATTESA,NOT STARTED
397,SCAVO,MI,MILANO,3,14,COMUNE,,1515.46,14_1,5,TR_0397,Manca autorizz,IN ATTESA,NON NECESSARIO,NON NECESSARIO,,,NO,IN ATTESA,NOT STARTED
398,NO DIG,MI,VIMODRONE,3,4,COMUNE,,202.85,4_1_1,3,TR_0398,Manca autorizz,IN ATTESA,NON NECESSARIO,NON NECESSARIO,,,NO,IN ATTESA,NOT STARTED
399,SCAVO,MI,MILANO,3,14,COMUNE,,4641.21,14_3,5,TR_0399,Manca autorizz,IN ATTESA,NON NECESSARIO,NON NECESSARIO,,,NO,IN ATTESA,NOT STARTED
400,SCAVO,MI,MILANO,3,39,COMUNE,AUTOSTRADE,543.68,39_1,5,TR_0400,Manca autorizz,IN ATTESA,NON NECESSARIO,NON NECESSARIO,,,NO,IN ATTESA,NOT STARTED
401,NO DIG,MI,VIMODRONE,3,4,ANAS,COMUNE,283.89,4_1_1,3,TR_0401,Manca autorizz,IN ATTESA,NON NECESSARIO,NON NECESSARIO,,,NO,IN ATTESA,NOT STARTED
402,NO DIG,PV,VIDIGULFO,5,26,PROVINCIA DI PAVIA,,1451.4,26_3,8,TR_0402,Manca autorizz,IN REDAZIONE,NON NECESSARIO,NON NECESSARIO,,AUT/2/8,NO,IN REDAZIONE,NOT STARTED
404,NO DIG,PV,BORNASCO,5,27,PROVINCIA DI PAVIA,,563.22,27_1,8,TR_0404,Manca autorizz,IN REDAZIONE,NON NECESSARIO,NON NECESSARIO,,AUT/3/8,NO,IN REDAZIONE,NOT STARTED
405,NO DIG,PV,BORNASCO,5,27,COMUNE DI BORNASCO,,625.08,27_1,8,TR_0405,Manca autorizz,IN REDAZIONE,NON NECESSARIO,NON NECESSARIO,,AUT/4/8,NO,IN REDAZIONE,NOT STARTED
406,NO DIG,PV,BORNASCO,5,27,PROVINCIA DI PAVIA,,1734.96,27_1,8,TR_0406,Manca autorizz,IN REDAZIONE,NON NECESSARIO,NON NECESSARIO,,AUT/3/8,NO,IN REDAZIONE,NOT STARTED
407,NO DIG,MI,LACCHIARELLA,2,7,COMUNE DI LACCHIARELLA,RFI,30.34,7_2,2B,TR_0407,Manca nulla osta,OTTENUTO,PROTOCOLLATO INTEGRAZIONE,NON NECESSARIO,,AUT/9/2B | NO/5/2B,NO,OTTENUTO,APPROVAL
408,NO DIG,MI,LACCHIARELLA,2,7,COMUNE DI LACCHIARELLA,,412.44,7_2,2B,TR_0408,,OTTENUTO,NON NECESSARIO,NON NECESSARIO,,AUT/9/2B,SI,OTTENUTO,APPROVAL
411,NO DIG,MI,LACCHIARELLA,2,13,PROVINCIA DI MILANO,,1918.64,13_1,2A,TR_0411,,OTTENUTO,NON NECESSARIO,NON NECESSARIO,2026/04/03,AUT/6/2A,SI,OTTENUTO,APPROVAL
413,NO DIG,MI,BASIGLIO,2,13,PROVINCIA DI MILANO,,271.28,13_1,2A,TR_0413,,OTTENUTO,NON NECESSARIO,NON NECESSARIO,2026/04/03,AUT/6/2A,SI,OTTENUTO,APPROVAL
415,NO DIG,MI,LACCHIARELLA,2,13,COMUNE DI LACCHIARELLA,,639.02,13_1,2A,TR_0415,Manca nulla osta,OTTENUTO,INVIATO,NON NECESSARIO,2026/03/17,AUT/2/2A | NO/16/2A,NO,OTTENUTO,APPROVAL
416,SCAVO,MI,ROZZANO,2,13,COMUNE DI ROZZANO,,436.94,13_1,2A,TR_0416,Manca nulla osta,OTTENUTO,INVIATO,NON NECESSARIO,2026/03/17,AUT/3/2A | NO/15/2A,NO,OTTENUTO,APPROVAL
417,NO DIG,MI,BASIGLIO,2,13,PROVINCIA DI MILANO,COMUNE,1620.95,13_1,2A,TR_0417,,OTTENUTO,NON NECESSARIO,NON NECESSARIO,2026/04/24,AUT/7/2A,SI,OTTENUTO,APPROVAL
418,NO DIG,MI,BASIGLIO,2,13,PROVINCIA DI MILANO,,68.76,13_1,2A,TR_0418,,OTTENUTO,NON NECESSARIO,NON NECESSARIO,2026/04/24,AUT/7/2A,SI,OTTENUTO,APPROVAL
419,NO DIG,MI,ROZZANO,2,13,COMUNE DI ROZZANO,,811.87,13_1,2A,TR_0419,Manca nulla osta,OTTENUTO,INVIATO,NON NECESSARIO,2026/03/17,AUT/3/2A | NO/15/2A,NO,OTTENUTO,APPROVAL
420,NO DIG,MI,ZIBIDO SAN GIACOMO,2,10,SERRAVALLE,SERRAVALLE,74.04,10,2B,TR_0420,Manca autorizz,PROTOCOLLATO INTEGRAZIONE,NON NECESSARIO,NON NECESSARIO,2026/02/28,AUT/4/2B,NO,PROTOCOLLATO INTEGRAZIONE,ON GOING
421,NO DIG,MI,ZIBIDO SAN GIACOMO,2,10,PROVINCIA DI MILANO,,1848.81,10,2B,TR_0421,,OTTENUTO,NON NECESSARIO,NON NECESSARIO,2026/03/24,AUT/2/2B,SI,OTTENUTO,APPROVAL
422,NO DIG,MI,ZIBIDO SAN GIACOMO,2,10,COMUNE DI ZIBIDO,,266.11,10,2B,TR_0422,,OTTENUTO,OTTENUTO,NON NECESSARIO,2026/03/12,AUT/7/2B | NO/12/2B | NO/13/2B,SI,OTTENUTO,APPROVAL
423,NO DIG,MI,ZIBIDO SAN GIACOMO,2,10,COMUNE DI ZIBIDO,SERRAVALLE,379.71,10,2B,TR_0423,Manca nulla osta,OTTENUTO,PROTOCOLLATO INTEGRAZIONE,NON NECESSARIO,2026/03/12,AUT/7/2B | NO/12/2B | NO/3/2B | NO/13/2B,NO,OTTENUTO,APPROVAL
424,NO DIG,MI,ZIBIDO SAN GIACOMO,2,10,COMUNE DI ZIBIDO,,453.49,10,2B,TR_0424,,OTTENUTO,OTTENUTO,NON NECESSARIO,2026/03/12,AUT/7/2B | NO/12/2B | NO/13/2B,SI,OTTENUTO,APPROVAL
425,NO DIG,MI,ZIBIDO SAN GIACOMO,2,25,PROVINCIA DI MILANO,,985.96,25,2A,TR_0425,Manca autorizz,PROTOCOLLATO INTEGRAZIONE,NON NECESSARIO,NON NECESSARIO,2026/04/09,AUT/8/2A,NO,PROTOCOLLATO INTEGRAZIONE,ON GOING
426,NO DIG,MI,ROZZANO,3,12,COMUNE,,2386.87,12_1,6,TR_0426,Manca autorizz,IN ATTESA,NON NECESSARIO,NON NECESSARIO,,,NO,IN ATTESA,NOT STARTED
427,NO DIG,MI,MILANO,3,12,COMUNE,,2510.08,12_1,6,TR_0427,Manca autorizz,IN ATTESA,NON NECESSARIO,NON NECESSARIO,,,NO,IN ATTESA,NOT STARTED
428,NO DIG,MI,MILANO,3,17,COMUNE,,195.38,17_2,6,TR_0428,Manca autorizz,IN ATTESA,NON NECESSARIO,NON NECESSARIO,,,NO,IN ATTESA,NOT STARTED
429,SCAVO,MI,MILANO,3,17,COMUNE,,4731.68,17_2,6,TR_0429,Manca autorizz,IN ATTESA,NON NECESSARIO,NON NECESSARIO,,,NO,IN ATTESA,NOT STARTED
430,NO DIG,MI,BINASCO,3,11,COMUNE,AUTOSTRADE,42.75,11_1,6,TR_0430,Manca autorizz,IN ATTESA,NON NECESSARIO,NON NECESSARIO,,,NO,IN ATTESA,NOT STARTED
431,NO DIG,MI,BINASCO,3,11,COMUNE,,37.56,11_1,6,TR_0431,Manca autorizz,IN ATTESA,NON NECESSARIO,NON NECESSARIO,,,NO,IN ATTESA,NOT STARTED
432,NO DIG,MI,NOVIGLIO,3,11,COMUNE,,304.78,11_1,6,TR_0432,Manca autorizz,IN ATTESA,NON NECESSARIO,NON NECESSARIO,,,NO,IN ATTESA,NOT STARTED
433,NO DIG,MI,NOVIGLIO,3,11,PROVINCIA DI MILANO,,2491.78,11_1,6,TR_0433,Manca autorizz,IN ATTESA,NON NECESSARIO,NON NECESSARIO,,,NO,IN ATTESA,NOT STARTED
434,NO DIG,MI,NOVIGLIO,3,11,COMUNE,,1512.77,11_1,6,TR_0434,Manca autorizz,IN ATTESA,NON NECESSARIO,NON NECESSARIO,,,NO,IN ATTESA,NOT STARTED
435,NO DIG,MI,GAGGIANO,3,11,PROVINCIA DI MILANO,,2288.69,11_1,6,TR_0435,Manca autorizz,IN ATTESA,NON NECESSARIO,NON NECESSARIO,,,NO,IN ATTESA,NOT STARTED
436,NO DIG,MI,GAGGIANO,3,11,COMUNE,,1958.65,11_1,6,TR_0436,Manca autorizz,IN ATTESA,NON NECESSARIO,NON NECESSARIO,,,NO,IN ATTESA,NOT STARTED
437,NO DIG,MI,CUSAGO,3,11,PROVINCIA DI MILANO,,2767.74,11_1,6,TR_0437,Manca autorizz,IN ATTESA,NON NECESSARIO,NON NECESSARIO,,,NO,IN ATTESA,NOT STARTED
438,NO DIG,MI,RHO,1,23,COMUNE DI RHO,,1650.28,23,1A,TR_0438,Manca autorizz,PROTOCOLLATO,NON NECESSARIO,NON NECESSARIO,2026/03/17,AUT/2/1A,NO,PROTOCOLLATO,ON GOING
439,NO DIG,MI,CORNAREDO,1,23,COMUNE DI CORNAREDO,,1514.97,23,1A,TR_0439,Manca autorizz,INVIATO,NON NECESSARIO,NON NECESSARIO,,AUT/1/1A,NO,INVIATO,ON GOING
440,SCAVO,MI,CORNAREDO,1,23,PROVINCIA DI MILANO,SATAP-RFI,145.89,23,1A,TR_0440,Manca autorizz | Manca nulla osta,NECESSARIA INTEGRAZIONE,PROTOCOLLATO INTEGRAZIONE,NON NECESSARIO,2026/03/24,AUT/3/1A | NO/5/1A | NO/6/1A,NO,NECESSARIA INTEGRAZIONE,ON GOING
441,NO DIG,MI,CORNAREDO,1,23,COMUNE DI CORNAREDO,,675.2,23,1A,TR_0441,Manca autorizz,INVIATO,NON NECESSARIO,NON NECESSARIO,,AUT/1/1A,NO,INVIATO,ON GOING
442,SCAVO,MI,CORNAREDO,1,23,PROVINCIA DI MILANO,,341.29,23,1A,TR_0442,Manca autorizz,NECESSARIA INTEGRAZIONE,NON NECESSARIO,NON NECESSARIO,2026/03/24,AUT/3/1A,NO,NECESSARIA INTEGRAZIONE,ON GOING
443,NO DIG,MI,RHO,1,23,PROVINCIA DI MILANO,AIPO,458.56,23,1A,TR_0443,Manca nulla osta,OTTENUTO,PROTOCOLLATO,NON NECESSARIO,2026/03/25,AUT/12/1A | NO/8/1A,NO,OTTENUTO,APPROVAL
444,NO DIG,MI,PERO,1,1,COMUNE DI PERO,SERRAVALLE,154.0,1,1A,TR_0444,Manca autorizz | Manca nulla osta,PROTOCOLLATO INTEGRAZIONE,PROTOCOLLATO INTEGRAZIONE,NON NECESSARIO,2026/03/23,AUT/13/1A | NO/10/1A,NO,PROTOCOLLATO INTEGRAZIONE,ON GOING
445,NO DIG,MI,RHO,1,1,COMUNE DI RHO,,218.51,1,1A,TR_0445,Manca autorizz,PROTOCOLLATO,NON NECESSARIO,NON NECESSARIO,2026/03/17,AUT/2/1A,NO,PROTOCOLLATO,ON GOING
446,NO DIG,MI,PERO,1,1,COMUNE DI PERO,RFI,183.5,1,1A,TR_0446,Manca autorizz | Manca nulla osta,NECESSARIA INTEGRAZIONE,INVIATO,NON NECESSARIO,2026/03/23,AUT/13/1A | NO/9/1A,NO,NECESSARIA INTEGRAZIONE,ON GOING
447,NO DIG,MI,PERO,1,1,COMUNE DI PERO,,90.33,1,1A,TR_0447,Manca autorizz,NECESSARIA INTEGRAZIONE,NON NECESSARIO,NON NECESSARIO,2026/03/23,AUT/13/1A,NO,NECESSARIA INTEGRAZIONE,ON GOING
448,NO DIG,MI,PERO,1,1,COMUNE DI PERO,RFI,41.59,1,1A,TR_0448,Manca autorizz | Manca nulla osta,NECESSARIA INTEGRAZIONE,INVIATO,NON NECESSARIO,2026/03/23,AUT/13/1A | NO/9/1A,NO,NECESSARIA INTEGRAZIONE,ON GOING
449,NO DIG,MI,TREZZANO SUL NAVIGLIO,3,11,ANAS,,89.98,11_1,6,TR_0449,Manca autorizz,IN ATTESA,NON NECESSARIO,NON NECESSARIO,,,NO,IN ATTESA,NOT STARTED
450,SCAVO,MI,MILANO,4,24,COMUNE,,5087.29,24,6,TR_0450,Manca autorizz,IN ATTESA,NON NECESSARIO,NON NECESSARIO,,,NO,IN ATTESA,NOT STARTED
451,SCAVO,MI,PERO,3,18,COMUNE DI PERO,,1532.73,18,1A,TR_0451,Manca autorizz,PROTOCOLLATO,NON NECESSARIO,NON NECESSARIO,2026/05/13,AUT/24/1A,NO,PROTOCOLLATO,ON GOING
452,SCAVO,MI,MILANO,3,5,COMUNE,,2992.83,5,3,TR_0452,Manca autorizz,IN ATTESA,NON NECESSARIO,NON NECESSARIO,,,NO,IN ATTESA,NOT STARTED
453,SCAVO,MI,MILANO,3,4,COMUNE,,3965.6,4_1_1,3,TR_0453,Manca autorizz,IN ATTESA,NON NECESSARIO,NON NECESSARIO,,,NO,IN ATTESA,NOT STARTED
454,SCAVO,MI,PIOLTELLO,3,39,PROVINCIA DI MILANO,COMUNE,88.23,39_1,5,TR_0454,Manca autorizz,IN ATTESA,NON NECESSARIO,NON NECESSARIO,,,NO,IN ATTESA,NOT STARTED
455,NO DIG,MI,PIOLTELLO,3,39,COMUNE,RFI,39.45,39_1,5,TR_0455,Manca autorizz,IN ATTESA,NON NECESSARIO,NON NECESSARIO,,,NO,IN ATTESA,NOT STARTED
456,SCAVO,MI,PIOLTELLO,3,39,COMUNE,,2043.6,39_1,5,TR_0456,Manca autorizz,IN ATTESA,NON NECESSARIO,NON NECESSARIO,,,NO,IN ATTESA,NOT STARTED
457,NO DIG,MI,PIOLTELLO,3,39,COMUNE,PROVINCIA DI MILANO,35.25,39_1,5,TR_0457,Manca autorizz,IN ATTESA,NON NECESSARIO,NON NECESSARIO,,,NO,IN ATTESA,NOT STARTED
458,NO DIG,MI,PIOLTELLO,3,39,COMUNE,,246.39,39_1,5,TR_0458,Manca autorizz,IN ATTESA,NON NECESSARIO,NON NECESSARIO,,,NO,IN ATTESA,NOT STARTED
460,NO DIG,MI,SAN GIULIANO MILANESE,3,40,PROVINCIA DI MILANO,,210.53,40,4,TR_0460,Manca autorizz,IN ATTESA,NON NECESSARIO,NON NECESSARIO,,,NO,IN ATTESA,NOT STARTED
463,NO DIG,MI,MEDIGLIA,3,40,PROVINCIA DI MILANO,,212.47,40,4,TR_0463,Manca autorizz,IN ATTESA,NON NECESSARIO,NON NECESSARIO,,,NO,IN ATTESA,NOT STARTED
465,NO DIG,CR,RIVOLTA D'ADDA,3,6,PROVINCIA DI MILANO,,111.19,6_2,4,TR_0465,Manca autorizz,IN ATTESA,NON NECESSARIO,NON NECESSARIO,,,NO,IN ATTESA,NOT STARTED
467,NO DIG,MB,MONZA,3,9,COMUNE,,285.27,9_2,2,TR_0467,Manca autorizz,IN ATTESA,NON NECESSARIO,NON NECESSARIO,,,NO,IN ATTESA,NOT STARTED
469,NO DIG,MI,LAINATE,3,9,PROVINCIA DI MILANO,,86.46,9_2,2,TR_0469,Manca autorizz,IN ATTESA,NON NECESSARIO,NON NECESSARIO,,,NO,IN ATTESA,NOT STARTED
472,NO DIG,MB,CONCOREZZO,3,9,PROVINCIA DI MB,,401.66,9_2,2,TR_0472,Manca autorizz,IN ATTESA,NON NECESSARIO,NON NECESSARIO,,,NO,IN ATTESA,NOT STARTED
473,NO DIG,MB,VILLASANTA,3,9,PROVINCIA DI MB,,575.58,9_2,2,TR_0473,Manca autorizz,IN ATTESA,NON NECESSARIO,NON NECESSARIO,,,NO,IN ATTESA,NOT STARTED
475,NO DIG,BG,CAPRIATE SAN GERVASIO,3,9,PROVINCIA DI BERGAMO,,232.37,9_2,1,TR_0475,Manca autorizz,IN ATTESA,NON NECESSARIO,NON NECESSARIO,,,NO,IN ATTESA,NOT STARTED
476,NO DIG,BG,BREMBATE,7,45,COMUNE,,433.05,45_1,7,TR_0476,Manca autorizz,IN ATTESA,NON NECESSARIO,NON NECESSARIO,,,NO,IN ATTESA,NOT STARTED
478,NO DIG,BG,AZZANO SAN PAOLO,6,3,COMUNE,,31.77,3_1,7,TR_0478,Manca autorizz,IN ATTESA,NON NECESSARIO,NON NECESSARIO,,,NO,IN ATTESA,NOT STARTED
479,SCAVO,BG,PONTIROLO NUOVO,3,4,PROVINCIA DI BERGAMO,,156.99,4_1_2,3,TR_0479,Manca autorizz,IN ATTESA,NON NECESSARIO,NON NECESSARIO,,,NO,IN ATTESA,NOT STARTED
481,NO DIG,MI,PERO,1,16,COMUNE DI PERO,,1562.4,16_2,1B,TR_0481,Manca autorizz,PROTOCOLLATO INTEGRAZIONE,NON NECESSARIO,NON NECESSARIO,2026/03/13,AUT/2/1B,NO,PROTOCOLLATO INTEGRAZIONE,ON GOING
483,NO DIG,MI,MILANO,1,16,COMUNE DI MILANO,,1439.93,16_2,1B,TR_0483,Manca autorizz,INVIO PRELIMINARE,NON NECESSARIO,NON NECESSARIO,,AUT/7/1B,NO,INVIO PRELIMINARE,ON GOING
484,NO DIG,BG,FILAGO,7,33,PROVINCIA DI BERGAMO,,1201.48,33_1,7,TR_0484,Manca autorizz,IN ATTESA,NON NECESSARIO,NON NECESSARIO,,,NO,IN ATTESA,NOT STARTED
489,SCAVO,MI,LAINATE,3,9,COMUNE,AUTOSTRADE,65.29,9_2,2,TR_0489,Manca autorizz,IN ATTESA,NON NECESSARIO,NON NECESSARIO,,,NO,IN ATTESA,NOT STARTED
490,SCAVO,MI,RHO,1,9,COMUNE DI RHO,ANAS,52.67,9_3,1A,TR_0490,Manca autorizz | Manca nulla osta,PROTOCOLLATO,PROTOCOLLATO INTEGRAZIONE,NON NECESSARIO,2026/03/27,AUT/20/1A | NO/17/1A,NO,PROTOCOLLATO,ON GOING
491,SCAVO,MI,RHO,1,9,COMUNE DI RHO,,685.98,9_3,1A,TR_0491,Manca autorizz,PROTOCOLLATO,NON NECESSARIO,NON NECESSARIO,2026/03/27,AUT/20/1A,NO,PROTOCOLLATO,ON GOING
492,SCAVO,MI,RHO,1,9,COMUNE DI RHO,SERRAVALLE,226.88,9_3,1A,TR_0492,Manca autorizz | Manca nulla osta,PROTOCOLLATO,PROTOCOLLATO INTEGRAZIONE,NON NECESSARIO,2026/03/27,AUT/20/1A | NO/19/1A,NO,PROTOCOLLATO,ON GOING
493,SCAVO,MI,RHO,1,9,COMUNE DI RHO,,175.69,9_3,1A,TR_0493,Manca autorizz,PROTOCOLLATO,NON NECESSARIO,NON NECESSARIO,2026/03/27,AUT/20/1A,NO,PROTOCOLLATO,ON GOING
494,NO DIG,MI,MILANO,1,16,COMUNE DI MILANO,SERRAVALLE,263.07,16_2,1B,TR_0494,Manca autorizz | Manca nulla osta,INVIO PRELIMINARE,NECESSARIA INTEGRAZIONE,NON NECESSARIO,,AUT/7/1B | NO/5/1B,NO,INVIO PRELIMINARE,ON GOING
495,NO DIG,MI,SETTIMO MILANESE,1,16,COMUNE DI SETTIMO MILANESE,,282.55,16_2,1B,TR_0495,Manca autorizz,PROTOCOLLATO INTEGRAZIONE,NON NECESSARIO,NON NECESSARIO,2026/03/05,AUT/1/1B,NO,PROTOCOLLATO INTEGRAZIONE,DENIED
496,CANALINA,MI,PERO,1,16,COMUNE DI PERO,SATAP,200.99,16_2,1B,TR_0496,Manca autorizz | Manca nulla osta | Manca ordinanza,PROTOCOLLATO INTEGRAZIONE,INVIATO,IN ATTESA,2026/03/13,AUT/2/1B | NO/6/1B,NO,PROTOCOLLATO INTEGRAZIONE,ON GOING
497,NO DIG,MI,PERO,1,16,COMUNE DI PERO,,361.85,16_2,1B,TR_0497,Manca autorizz | Manca ordinanza,PROTOCOLLATO INTEGRAZIONE,NON NECESSARIO,IN ATTESA,2026/03/13,AUT/2/1B,NO,PROTOCOLLATO INTEGRAZIONE,ON GOING
498,NO DIG,MI,PERO,1,16,COMUNE DI PERO,,101.86,16_2,1A,TR_0498,Manca autorizz,NECESSARIA INTEGRAZIONE,NON NECESSARIO,NON NECESSARIO,2026/03/23,AUT/13/1A,NO,NECESSARIA INTEGRAZIONE,ON GOING
499,NO DIG,MI,PERO,1,16,ANAS,SATAP,151.16,16_2,1A,TR_0499,Manca autorizz | Manca nulla osta,INVIATO,PROTOCOLLATO INTEGRAZIONE,NON NECESSARIO,2026/05/13,AUT/24/1A | AUT/11/1A | NO/25/1A,NO,INVIATO,ON GOING
500,NO DIG,MI,MILANO,3,17,COMUNE,AUTOSTRADE,79.35,17_1,6,TR_0500,Manca autorizz,IN ATTESA,NON NECESSARIO,NON NECESSARIO,,,NO,IN ATTESA,NOT STARTED
501,NO DIG,MI,MILANO,3,17,COMUNE,,187.73,17_1,6,TR_0501,Manca autorizz,IN ATTESA,NON NECESSARIO,NON NECESSARIO,,,NO,IN ATTESA,NOT STARTED
502,SCAVO,MI,LOCATE TRIULZI,3,8,PROVINCIA DI MILANO,AIPO,91.33,8_2,5,TR_0502,Manca autorizz,IN ATTESA,NON NECESSARIO,NON NECESSARIO,,,NO,IN ATTESA,NOT STARTED
503,SCAVO,MI,PIEVE EMANUELE,3,8,PROVINCIA DI MILANO,ROGGIA,9.64,8_2,5,TR_0503,Manca autorizz,IN ATTESA,NON NECESSARIO,NON NECESSARIO,,,NO,IN ATTESA,NOT STARTED
504,NO DIG,MI,PIEVE EMANUELE,3,8,PROVINCIA DI MILANO,,346.99,8_2,5,TR_0504,Manca autorizz,IN ATTESA,NON NECESSARIO,NON NECESSARIO,,,NO,IN ATTESA,NOT STARTED
505,NO DIG,MI,CARPIANO,5,27,PROVINCIA DI MILANO,,15.6,27_1,8,TR_0505,Manca autorizz,IN REDAZIONE,NON NECESSARIO,NON NECESSARIO,,AUT/1/8,NO,IN REDAZIONE,NOT STARTED
506,SCAVO,MI,CARPIANO,3,15,PROVINCIA DI MILANO,RIM,28.01,15,5,TR_0506,Manca autorizz,IN ATTESA,NON NECESSARIO,NON NECESSARIO,,,NO,IN ATTESA,NOT STARTED
507,NO DIG,MI,CARPIANO,3,15,PROVINCIA DI MILANO,,705.2,15,5,TR_0507,Manca autorizz,IN ATTESA,NON NECESSARIO,NON NECESSARIO,,,NO,IN ATTESA,NOT STARTED
508,SCAVO,MI,CARPIANO,3,15,COMUNE,ROGGIA,16.03,15,5,TR_0508,Manca autorizz,IN ATTESA,NON NECESSARIO,NON NECESSARIO,,,NO,IN ATTESA,NOT STARTED
509,NO DIG,MI,CARPIANO,3,15,COMUNE,,1232.76,15,5,TR_0509,Manca autorizz,IN ATTESA,NON NECESSARIO,NON NECESSARIO,,,NO,IN ATTESA,NOT STARTED
510,SCAVO,MI,CARPIANO,3,15,COMUNE,ROGGIA,22.32,15,5,TR_0510,Manca autorizz,IN ATTESA,NON NECESSARIO,NON NECESSARIO,,,NO,IN ATTESA,NOT STARTED
511,NO DIG,MI,CARPIANO,3,15,COMUNE,,386.13,15,5,TR_0511,Manca autorizz,IN ATTESA,NON NECESSARIO,NON NECESSARIO,,,NO,IN ATTESA,NOT STARTED
512,NO DIG,MI,MILANO,3,14,COMUNE,AUTOSTRADE,54.49,14_1,5,TR_0512,Manca autorizz,IN ATTESA,NON NECESSARIO,NON NECESSARIO,,,NO,IN ATTESA,NOT STARTED
513,NO DIG,MI,MILANO,3,14,COMUNE,,207.78,14_1,5,TR_0513,Manca autorizz,IN ATTESA,NON NECESSARIO,NON NECESSARIO,,,NO,IN ATTESA,NOT STARTED
514,NO DIG,MI,MILANO,3,20,COMUNE,RFI,69.0,20,5,TR_0514,Manca autorizz,IN ATTESA,NON NECESSARIO,NON NECESSARIO,,,NO,IN ATTESA,NOT STARTED
515,NO DIG,MI,MILANO,3,20,COMUNE,,248.02,20,5,TR_0515,Manca autorizz,IN ATTESA,NON NECESSARIO,NON NECESSARIO,,,NO,IN ATTESA,NOT STARTED
516,NO DIG,MI,MILANO,3,20,COMUNE,RFI,42.41,20,5,TR_0516,Manca autorizz,IN ATTESA,NON NECESSARIO,NON NECESSARIO,,,NO,IN ATTESA,NOT STARTED
517,NO DIG,MI,MILANO,3,20,COMUNE,,160.57,20,5,TR_0517,Manca autorizz,IN ATTESA,NON NECESSARIO,NON NECESSARIO,,,NO,IN ATTESA,NOT STARTED
518,SCAVO,MI,MILANO,3,20,COMUNE,METRO,12.48,20,5,TR_0518,Manca autorizz,IN ATTESA,NON NECESSARIO,NON NECESSARIO,,,NO,IN ATTESA,NOT STARTED
519,SCAVO,MI,MILANO,3,20,COMUNE,,1057.45,20,5,TR_0519,Manca autorizz,IN ATTESA,NON NECESSARIO,NON NECESSARIO,,,NO,IN ATTESA,NOT STARTED
520,SCAVO,MI,MILANO,3,12,COMUNE,RIP,59.57,12_1,6,TR_0520,Manca autorizz,IN ATTESA,NON NECESSARIO,NON NECESSARIO,,,NO,IN ATTESA,NOT STARTED
521,NO DIG,MI,MILANO,3,12,COMUNE,,2192.6,12_1,6,TR_0521,Manca autorizz,IN ATTESA,NON NECESSARIO,NON NECESSARIO,,,NO,IN ATTESA,NOT STARTED
522,NO DIG,MI,ROZZANO,3,12,COMUNE,AUTOSTRADE,64.07,12_1,6,TR_0522,Manca autorizz,IN ATTESA,NON NECESSARIO,NON NECESSARIO,,,NO,IN ATTESA,NOT STARTED
523,NO DIG,MI,ROZZANO,3,12,COMUNE,,1284.01,12_1,6,TR_0523,Manca autorizz,IN ATTESA,NON NECESSARIO,NON NECESSARIO,,,NO,IN ATTESA,NOT STARTED
524,SCAVO,MI,ROZZANO,2,13,COMUNE DI ROZZANO,AIPO,19.31,13_1,2A,TR_0524,Manca nulla osta,OTTENUTO,INVIATO,NON NECESSARIO,2026/03/17,AUT/3/2A | NO/15/2A,NO,OTTENUTO,APPROVAL
525,NO DIG,MI,ROZZANO,2,13,COMUNE DI ROZZANO,,216.11,13_1,2A,TR_0525,Manca nulla osta,OTTENUTO,INVIATO,NON NECESSARIO,2026/03/17,AUT/3/2A | NO/15/2A,NO,OTTENUTO,APPROVAL
526,SCAVO,MI,ROZZANO,2,13,COMUNE DI ROZZANO,AIPO,17.15,13_1,2A,TR_0526,Manca nulla osta,OTTENUTO,INVIATO,NON NECESSARIO,2026/03/17,AUT/3/2A | NO/15/2A,NO,OTTENUTO,APPROVAL
527,NO DIG,MI,ROZZANO,2,13,COMUNE DI ROZZANO,,82.77,13_1,2A,TR_0527,,OTTENUTO,NON NECESSARIO,NON NECESSARIO,2026/03/17,AUT/3/2A,SI,OTTENUTO,APPROVAL
528,SCAVO,MI,LACCHIARELLA,2,13,PROVINCIA DI MILANO,RFI,16.14,13_1,2A,TR_0528,Manca nulla osta,OTTENUTO,PROTOCOLLATO INTEGRAZIONE,NON NECESSARIO,2026/04/03,AUT/6/2A | NO/9/2A,NO,OTTENUTO,APPROVAL
529,NO DIG,MI,LACCHIARELLA,2,13,PROVINCIA DI MILANO,,541.07,13_1,2A,TR_0529,,OTTENUTO,NON NECESSARIO,NON NECESSARIO,2026/04/03,AUT/6/2A,SI,OTTENUTO,APPROVAL
530,NO DIG,MI,ZIBIDO SAN GIACOMO,2,10,COMUNE DI ZIBIDO,,460.79,10,2B,TR_0530,Manca ordinanza,OTTENUTO,OTTENUTO,IN ATTESA,2026/03/12,AUT/7/2B | NO/12/2B | NO/13/2B | NO/1/2B,NO,OTTENUTO,APPROVAL
531,NO DIG,MI,ZIBIDO SAN GIACOMO,2,10,COMUNE DI ZIBIDO,,452.92,10,2B,TR_0531,,OTTENUTO,OTTENUTO,NON NECESSARIO,2026/03/12,AUT/7/2B | NO/13/2B | NO/12/2B,SI,OTTENUTO,APPROVAL
532,NO DIG,MI,ZIBIDO SAN GIACOMO,2,7,PROVINCIA DI MILANO,,6.71,7_3,2B,TR_0532,,OTTENUTO,NON NECESSARIO,NON NECESSARIO,2026/03/24,AUT/8/2B,SI,OTTENUTO,APPROVAL
533,NO DIG,MI,BINASCO,2,7,PROVINCIA DI MILANO,,661.59,7_3,2B,TR_0533,,OTTENUTO,NON NECESSARIO,NON NECESSARIO,2026/03/24,AUT/8/2B,SI,OTTENUTO,APPROVAL
534,NO DIG,MI,LACCHIARELLA,2,7,PROVINCIA DI MILANO,,1765.57,7_3,2B,TR_0534,,OTTENUTO,NON NECESSARIO,NON NECESSARIO,2026/03/24,AUT/8/2B,SI,OTTENUTO,APPROVAL
535,SCAVO,MI,BINASCO,3,11,COMUNE,RIB,47.36,11_1,6,TR_0535,Manca autorizz,IN ATTESA,NON NECESSARIO,NON NECESSARIO,,,NO,IN ATTESA,NOT STARTED
536,NO DIG,MI,BINASCO,3,11,COMUNE,,68.45,11_1,6,TR_0536,Manca autorizz,IN ATTESA,NON NECESSARIO,NON NECESSARIO,,,NO,IN ATTESA,NOT STARTED
537,NO DIG,MI,GAGGIANO,3,11,COMUNE,RFI,14.02,11_1,6,TR_0537,Manca autorizz,IN ATTESA,NON NECESSARIO,NON NECESSARIO,,,NO,IN ATTESA,NOT STARTED
538,NO DIG,MI,GAGGIANO,3,11,COMUNE,,251.64,11_1,6,TR_0538,Manca autorizz,IN ATTESA,NON NECESSARIO,NON NECESSARIO,,,NO,IN ATTESA,NOT STARTED
539,NO DIG,MI,SETTIMO MILANESE,1,16,COMUNE DI SETTIMO MILANESE,AIPO,14.16,16_1,1B,TR_0539,Manca autorizz,PROTOCOLLATO INTEGRAZIONE,NON NECESSARIO,NON NECESSARIO,2026/03/05,AUT/1/1B,NO,PROTOCOLLATO INTEGRAZIONE,DENIED
540,NO DIG,MI,SETTIMO MILANESE,1,16,COMUNE DI SETTIMO MILANESE,,1473.6,16_1,1B,TR_0540,Manca autorizz,PROTOCOLLATO INTEGRAZIONE,NON NECESSARIO,NON NECESSARIO,2026/03/05,AUT/1/1B,NO,PROTOCOLLATO INTEGRAZIONE,DENIED
541,SCAVO,MI,MILANO,1,16,COMUNE DI MILANO,AIPO,23.86,16_2,1B,TR_0541,Manca autorizz | Manca nulla osta,INVIO PRELIMINARE,PROTOCOLLATO,NON NECESSARIO,,AUT/7/1B | NO/3/1B,NO,INVIO PRELIMINARE,ON GOING
542,NO DIG,MI,MILANO,1,16,COMUNE DI MILANO,,344.15,16_2,1B,TR_0542,Manca autorizz,INVIO PRELIMINARE,NON NECESSARIO,NON NECESSARIO,,AUT/7/1B,NO,INVIO PRELIMINARE,ON GOING
543,NO DIG,MI,MILANO,1,16,COMUNE DI MILANO,SERRAVALLE,140.82,16_2,1B,TR_0543,Manca autorizz | Manca nulla osta,INVIO PRELIMINARE,PROTOCOLLATO INTEGRAZIONE,NON NECESSARIO,,AUT/7/1B | NO/5/1B,NO,INVIO PRELIMINARE,ON GOING
544,NO DIG,MI,MILANO,1,16,COMUNE DI MILANO,,63.71,16_2,1B,TR_0544,Manca autorizz,INVIO PRELIMINARE,NON NECESSARIO,NON NECESSARIO,,AUT/7/1B,NO,INVIO PRELIMINARE,ON GOING
545,SCAVO,MI,RHO,1,9,COMUNE DI RHO,RFI,24.73,9_3,1A,TR_0545,Manca autorizz | Manca nulla osta,PROTOCOLLATO,INVIATO,NON NECESSARIO,2026/03/27,AUT/20/1A | NO/15/1A,NO,PROTOCOLLATO,ON GOING
546,SCAVO,MI,RHO,1,9,COMUNE DI RHO,,72.48,9_3,1A,TR_0546,Manca autorizz,PROTOCOLLATO,NON NECESSARIO,NON NECESSARIO,2026/03/27,AUT/20/1A,NO,PROTOCOLLATO,ON GOING
547,SCAVO,MI,RHO,1,9,COMUNE DI RHO,AIPO,14.63,9_3,1A,TR_0547,Manca autorizz | Manca nulla osta,PROTOCOLLATO,PROTOCOLLATO,NON NECESSARIO,2026/03/27,AUT/20/1A | NO/18/1A,NO,PROTOCOLLATO,ON GOING
548,SCAVO,MI,RHO,1,9,COMUNE DI RHO,,63.41,9_3,1A,TR_0548,Manca autorizz,PROTOCOLLATO,NON NECESSARIO,NON NECESSARIO,2026/03/27,AUT/20/1A,NO,PROTOCOLLATO,ON GOING
549,NO DIG,MI,RHO,3,9,COMUNE,RFI,21.89,9_2,2,TR_0549,Manca autorizz,IN ATTESA,NON NECESSARIO,NON NECESSARIO,,,NO,IN ATTESA,NOT STARTED
550,NO DIG,MI,RHO,3,9,COMUNE,,25.92,9_2,2,TR_0550,Manca autorizz,IN ATTESA,NON NECESSARIO,NON NECESSARIO,,,NO,IN ATTESA,NOT STARTED
551,SCAVO,MI,LAINATE,3,9,COMUNE,RIB,26.39,9_2,2,TR_0551,Manca autorizz,IN ATTESA,NON NECESSARIO,NON NECESSARIO,,,NO,IN ATTESA,NOT STARTED
552,NO DIG,MI,LAINATE,3,9,COMUNE,,125.31,9_2,2,TR_0552,Manca autorizz,IN ATTESA,NON NECESSARIO,NON NECESSARIO,,,NO,IN ATTESA,NOT STARTED
553,NO DIG,MI,GARBAGNATE MILANESE,3,9,COMUNE,RFI,42.13,9_2,2,TR_0553,Manca autorizz,IN ATTESA,NON NECESSARIO,NON NECESSARIO,,,NO,IN ATTESA,NOT STARTED
554,NO DIG,MI,GARBAGNATE MILANESE,3,9,COMUNE,,88.37,9_2,2,TR_0554,Manca autorizz,IN ATTESA,NON NECESSARIO,NON NECESSARIO,,,NO,IN ATTESA,NOT STARTED
555,NO DIG,MI,GARBAGNATE MILANESE,3,9,PROVINCIA DI MILANO,,689.92,9_2,2,TR_0555,Manca autorizz,IN ATTESA,NON NECESSARIO,NON NECESSARIO,,,NO,IN ATTESA,NOT STARTED
556,NO DIG,MI,SENAGO,3,9,PROVINCIA DI MILANO,RIB,25.48,9_2,2,TR_0556,Manca autorizz,IN ATTESA,NON NECESSARIO,NON NECESSARIO,,,NO,IN ATTESA,NOT STARTED
557,NO DIG,MI,SENAGO,3,9,PROVINCIA DI MILANO,,217.08,9_2,2,TR_0557,Manca autorizz,IN ATTESA,NON NECESSARIO,NON NECESSARIO,,,NO,IN ATTESA,NOT STARTED
558,NO DIG,MI,SENAGO,3,9,PROVINCIA DI MILANO,,559.46,9_2,2,TR_0558,Manca autorizz,IN ATTESA,NON NECESSARIO,NON NECESSARIO,,,NO,IN ATTESA,NOT STARTED
559,NO DIG,MI,SENAGO,3,9,PROVINCIA DI MILANO,,654.48,9_2,2,TR_0559,Manca autorizz,IN ATTESA,NON NECESSARIO,NON NECESSARIO,,,NO,IN ATTESA,NOT STARTED
560,SCAVO,MI,SENAGO,3,9,PROVINCIA DI MILANO,RIP,17.73,9_2,2,TR_0560,Manca autorizz,IN ATTESA,NON NECESSARIO,NON NECESSARIO,,,NO,IN ATTESA,NOT STARTED
561,NO DIG,MI,SENAGO,3,9,PROVINCIA DI MILANO,,244.76,9_2,2,TR_0561,Manca autorizz,IN ATTESA,NON NECESSARIO,NON NECESSARIO,,,NO,IN ATTESA,NOT STARTED
562,NO DIG,MI,PADERNO DUGNANO,3,9,COMUNE,RFI,36.1,9_2,2,TR_0562,Manca autorizz,IN ATTESA,NON NECESSARIO,NON NECESSARIO,,,NO,IN ATTESA,NOT STARTED
563,NO DIG,MI,PADERNO DUGNANO,3,9,COMUNE,,282.47,9_2,2,TR_0563,Manca autorizz,IN ATTESA,NON NECESSARIO,NON NECESSARIO,,,NO,IN ATTESA,NOT STARTED
564,NO DIG,MI,PADERNO DUGNANO,3,9,COMUNE,AIPO,14.94,9_2,2,TR_0564,Manca autorizz,IN ATTESA,NON NECESSARIO,NON NECESSARIO,,,NO,IN ATTESA,NOT STARTED
565,NO DIG,MI,PADERNO DUGNANO,3,9,COMUNE,,1354.75,9_2,2,TR_0565,Manca autorizz,IN ATTESA,NON NECESSARIO,NON NECESSARIO,,,NO,IN ATTESA,NOT STARTED
566,NO DIG,MI,PADERNO DUGNANO,3,9,PROVINCIA DI MILANO,,60.66,9_2,2,TR_0566,Manca autorizz,IN ATTESA,NON NECESSARIO,NON NECESSARIO,,,NO,IN ATTESA,NOT STARTED
567,NO DIG,MI,PADERNO DUGNANO,3,9,COMUNE,,703.95,9_2,2,TR_0567,Manca autorizz,IN ATTESA,NON NECESSARIO,NON NECESSARIO,,,NO,IN ATTESA,NOT STARTED
568,NO DIG,MI,PADERNO DUGNANO,3,9,COMUNE,,93.47,9_2,2,TR_0568,Manca autorizz,IN ATTESA,NON NECESSARIO,NON NECESSARIO,,,NO,IN ATTESA,NOT STARTED
569,NO DIG,MB,NOVA MILANESE,3,9,COMUNE,,853.88,9_2,2,TR_0569,Manca autorizz,IN ATTESA,NON NECESSARIO,NON NECESSARIO,,,NO,IN ATTESA,NOT STARTED
570,NO DIG,MB,MUGGIO,3,9,PROVINCIA DI MB,RIB,21.36,9_2,2,TR_0570,Manca autorizz,IN ATTESA,NON NECESSARIO,NON NECESSARIO,,,NO,IN ATTESA,NOT STARTED
571,NO DIG,MB,MUGGIO,3,9,PROVINCIA DI MB,,148.16,9_2,2,TR_0571,Manca autorizz,IN ATTESA,NON NECESSARIO,NON NECESSARIO,,,NO,IN ATTESA,NOT STARTED
572,NO DIG,MB,MONZA,3,9,COMUNE,ANAS,38.3,9_2,2,TR_0572,Manca autorizz,IN ATTESA,NON NECESSARIO,NON NECESSARIO,,,NO,IN ATTESA,NOT STARTED
573,NO DIG,MB,MONZA,3,9,COMUNE,,312.21,9_2,2,TR_0573,Manca autorizz,IN ATTESA,NON NECESSARIO,NON NECESSARIO,,,NO,IN ATTESA,NOT STARTED
574,NO DIG,MB,MONZA,3,9,COMUNE,RFI,34.62,9_2,2,TR_0574,Manca autorizz,IN ATTESA,NON NECESSARIO,NON NECESSARIO,,,NO,IN ATTESA,NOT STARTED
577,NO DIG,MB,MONZA,3,9,COMUNE,,1946.22,9_2,2,TR_0577,Manca autorizz,IN ATTESA,NON NECESSARIO,NON NECESSARIO,,,NO,IN ATTESA,NOT STARTED
578,SCAVO,MB,MONZA,3,9,COMUNE,AIPO,64.77,9_2,2,TR_0578,Manca autorizz,IN ATTESA,NON NECESSARIO,NON NECESSARIO,,,NO,IN ATTESA,NOT STARTED
579,NO DIG,MB,MONZA,3,9,COMUNE,,985.68,9_2,2,TR_0579,Manca autorizz,IN ATTESA,NON NECESSARIO,NON NECESSARIO,,,NO,IN ATTESA,NOT STARTED
580,NO DIG,MB,MONZA,3,9,COMUNE,,1582.16,9_2,2,TR_0580,Manca autorizz,IN ATTESA,NON NECESSARIO,NON NECESSARIO,,,NO,IN ATTESA,NOT STARTED
581,NO DIG,MB,MONZA,3,9,COMUNE,RFI,22.89,9_2,2,TR_0581,Manca autorizz,IN ATTESA,NON NECESSARIO,NON NECESSARIO,,,NO,IN ATTESA,NOT STARTED
582,NO DIG,MB,MONZA,3,9,COMUNE,,895.25,9_2,2,TR_0582,Manca autorizz,IN ATTESA,NON NECESSARIO,NON NECESSARIO,,,NO,IN ATTESA,NOT STARTED
583,NO DIG,MB,VILLASANTA,3,9,PROVINCIA DI MB,,329.56,9_2,2,TR_0583,Manca autorizz,IN ATTESA,NON NECESSARIO,NON NECESSARIO,,,NO,IN ATTESA,NOT STARTED
584,NO DIG,MB,ARCORE,3,9,PROVINCIA DI MB,,476.02,9_2,2,TR_0584,Manca autorizz,IN ATTESA,NON NECESSARIO,NON NECESSARIO,,,NO,IN ATTESA,NOT STARTED
585,NO DIG,MB,VIMERCATE,3,9,COMUNE,,612.15,9_2,2,TR_0585,Manca autorizz,IN ATTESA,NON NECESSARIO,NON NECESSARIO,,,NO,IN ATTESA,NOT STARTED
586,SCAVO,MB,VIMERCATE,3,9,COMUNE,AUTOSTRADE,42.12,9_2,2,TR_0586,Manca autorizz,IN ATTESA,NON NECESSARIO,NON NECESSARIO,,,NO,IN ATTESA,NOT STARTED
587,NO DIG,MB,VIMERCATE,3,9,COMUNE,,237.28,9_2,2,TR_0587,Manca autorizz,IN ATTESA,NON NECESSARIO,NON NECESSARIO,,,NO,IN ATTESA,NOT STARTED
588,SCAVO,MB,VIMERCATE,3,9,COMUNE,,861.74,9_2,2,TR_0588,Manca autorizz,IN ATTESA,NON NECESSARIO,NON NECESSARIO,,,NO,IN ATTESA,NOT STARTED
589,SCAVO,MB,VIMERCATE,3,9,COMUNE,RIP,21.84,9_2,2,TR_0589,Manca autorizz,IN ATTESA,NON NECESSARIO,NON NECESSARIO,,,NO,IN ATTESA,NOT STARTED
590,NO DIG,MB,VIMERCATE,3,9,COMUNE,,216.98,9_2,2,TR_0590,Manca autorizz,IN ATTESA,NON NECESSARIO,NON NECESSARIO,,,NO,IN ATTESA,NOT STARTED
591,NO DIG,MB,MEZZAGO,3,9,PROVINCIA DI MB,,300.51,9_2,2,TR_0591,Manca autorizz,IN ATTESA,NON NECESSARIO,NON NECESSARIO,,,NO,IN ATTESA,NOT STARTED
594,SCAVO,MI,TREZZO SULL'ADDA,3,9,COMUNE,,1345.07,9_2,1,TR_0594,Manca autorizz,IN ATTESA,NON NECESSARIO,NON NECESSARIO,,,NO,IN ATTESA,NOT STARTED
596,SCAVO,MI,TREZZO SULL'ADDA,3,9,COMUNE,,601.09,9_2,1,TR_0596,Manca autorizz,IN ATTESA,NON NECESSARIO,NON NECESSARIO,,,NO,IN ATTESA,NOT STARTED
597,NO DIG,BG,BREMBATE,3,9,PROVINCIA DI BERGAMO,,721.3,9_2,1,TR_0597,Manca autorizz,IN ATTESA,NON NECESSARIO,NON NECESSARIO,,,NO,IN ATTESA,NOT STARTED
598,SCAVO,BG,CAPRIATE SAN GERVASIO,3,9,PROVINCIA DI BERGAMO,RIM,33.33,9_2,1,TR_0598,Manca autorizz,IN ATTESA,NON NECESSARIO,NON NECESSARIO,,,NO,IN ATTESA,NOT STARTED
599,NO DIG,BG,CAPRIATE SAN GERVASIO,3,9,PROVINCIA DI BERGAMO,,49.56,9_2,1,TR_0599,Manca autorizz,IN ATTESA,NON NECESSARIO,NON NECESSARIO,,,NO,IN ATTESA,NOT STARTED
600,NO DIG,BG,CAPRIATE SAN GERVASIO,3,9,PROVINCIA DI BERGAMO,,1939.7,9_2,1,TR_0600,Manca autorizz,IN ATTESA,NON NECESSARIO,NON NECESSARIO,,,NO,IN ATTESA,NOT STARTED
601,SCAVO,BG,FILAGO,3,9,PROVINCIA DI BERGAMO,RIP,36.3,9_1,1,TR_0601,Manca autorizz,IN ATTESA,NON NECESSARIO,NON NECESSARIO,,,NO,IN ATTESA,NOT STARTED
602,NO DIG,BG,FILAGO,3,9,PROVINCIA DI BERGAMO,,233.71,9_1,1,TR_0602,Manca autorizz,IN ATTESA,NON NECESSARIO,NON NECESSARIO,,,NO,IN ATTESA,NOT STARTED
603,NO DIG,MB,VIMERCATE,3,9,COMUNE,,1153.79,9_2,2,TR_0603,Manca autorizz,IN ATTESA,NON NECESSARIO,NON NECESSARIO,,,NO,IN ATTESA,NOT STARTED
604,NO DIG,MB,BUSNAGO,3,9,PROVINCIA DI MB,,2696.66,9_2,2,TR_0604,Manca autorizz,IN ATTESA,NON NECESSARIO,NON NECESSARIO,,,NO,IN ATTESA,NOT STARTED
605,NO DIG,BG,MADONE,3,9,PROVINCIA DI BERGAMO,,529.0,9_1,1,TR_0605,Manca autorizz,IN ATTESA,NON NECESSARIO,NON NECESSARIO,,,NO,IN ATTESA,NOT STARTED
606,NO DIG,BG,BONATE SOTTO,3,9,PROVINCIA DI BERGAMO,,2101.01,9_1,1,TR_0606,Manca autorizz,IN ATTESA,NON NECESSARIO,NON NECESSARIO,,,NO,IN ATTESA,NOT STARTED
607,NO DIG,BG,BONATE SOPRA,3,9,PROVINCIA DI BERGAMO,,309.86,9_1,1,TR_0607,Manca autorizz,IN ATTESA,NON NECESSARIO,NON NECESSARIO,,,NO,IN ATTESA,NOT STARTED
608,NO DIG,BG,PRESEZZO,3,9,PROVINCIA DI BERGAMO,,1248.28,9_1,1,TR_0608,Manca autorizz,IN ATTESA,NON NECESSARIO,NON NECESSARIO,,,NO,IN ATTESA,NOT STARTED
609,SCAVO,BG,PONTE SAN PIETRO,3,9,PROVINCIA DI BERGAMO,RFI,52.21,9_1,1,TR_0609,Manca autorizz,IN ATTESA,NON NECESSARIO,NON NECESSARIO,,,NO,IN ATTESA,NOT STARTED
610,SCAVO,BG,PONTE SAN PIETRO,3,9,COMUNE,RFI,36.03,9_1,1,TR_0610,Manca autorizz,IN ATTESA,NON NECESSARIO,NON NECESSARIO,,,NO,IN ATTESA,NOT STARTED
611,SCAVO,BG,PONTE SAN PIETRO,3,9,COMUNE,PROVINCIA DI BERGAMO,41.12,9_1,1,TR_0611,Manca autorizz,IN ATTESA,NON NECESSARIO,NON NECESSARIO,,,NO,IN ATTESA,NOT STARTED
612,SCAVO,BG,PONTE SAN PIETRO,3,2,COMUNE,RFI,68.4,2_3,1,TR_0612,Manca autorizz,IN ATTESA,NON NECESSARIO,NON NECESSARIO,,,NO,IN ATTESA,NOT STARTED
613,SCAVO,BG,CURNO,3,4,COMUNE,,408.7,4_2_2,1,TR_0613,Manca autorizz,IN ATTESA,NON NECESSARIO,NON NECESSARIO,,,NO,IN ATTESA,NOT STARTED
614,NO DIG,BG,TREVIOLO,3,4,COMUNE,ANAS,37.66,4_2_2,1,TR_0614,Manca autorizz,IN ATTESA,NON NECESSARIO,NON NECESSARIO,,,NO,IN ATTESA,NOT STARTED
615,NO DIG,BG,TREVIOLO,3,4,COMUNE,,761.45,4_2_2,1,TR_0615,Manca autorizz,IN ATTESA,NON NECESSARIO,NON NECESSARIO,,,NO,IN ATTESA,NOT STARTED
618,NO DIG,BG,BERGAMO,3,3,PROVINCIA DI BERGAMO,RFI,31.1,3_2_1,1,TR_0618,Manca autorizz,IN ATTESA,NON NECESSARIO,NON NECESSARIO,,,NO,IN ATTESA,NOT STARTED
619,NO DIG,BG,BERGAMO,3,3,PROVINCIA DI BERGAMO,,49.35,3_2_1,1,TR_0619,Manca autorizz,IN ATTESA,NON NECESSARIO,NON NECESSARIO,,,NO,IN ATTESA,NOT STARTED
620,SCAVO,BG,FILAGO,7,52,PROVINCIA DI BERGAMO,,113.91,52,7,TR_0620,Manca autorizz,IN ATTESA,NON NECESSARIO,NON NECESSARIO,,,NO,IN ATTESA,NOT STARTED
621,NO DIG,BG,FILAGO,7,33,COMUNE,,290.67,33_1,7,TR_0621,Manca autorizz,IN ATTESA,NON NECESSARIO,NON NECESSARIO,,,NO,IN ATTESA,NOT STARTED
622,NO DIG,BG,FILAGO,7,32,PROVINCIA DI BERGAMO,,1927.51,32,7,TR_0622,Manca autorizz,IN ATTESA,NON NECESSARIO,NON NECESSARIO,,,NO,IN ATTESA,NOT STARTED
623,NO DIG,BG,OSIO SOTTO,7,32,PROVINCIA DI BERGAMO,,606.23,32,7,TR_0623,Manca autorizz,IN ATTESA,NON NECESSARIO,NON NECESSARIO,,,NO,IN ATTESA,NOT STARTED
624,SCAVO,BG,OSIO SOTTO,7,32,COMUNE,,1747.56,32,7,TR_0624,Manca autorizz,IN ATTESA,NON NECESSARIO,NON NECESSARIO,,,NO,IN ATTESA,NOT STARTED
625,NO DIG,BG,OSIO SOTTO,7,38,COMUNE,,1220.51,38,7,TR_0625,Manca autorizz,IN ATTESA,NON NECESSARIO,NON NECESSARIO,,,NO,IN ATTESA,NOT STARTED
626,NO DIG,BG,OSIO SOTTO,3,4,PROVINCIA DI BERGAMO,,31.56,4_2_2,1,TR_0626,Manca autorizz,IN ATTESA,NON NECESSARIO,NON NECESSARIO,,,NO,IN ATTESA,NOT STARTED
627,SCAVO,BG,OSIO SOTTO,7,45,COMUNE,,264.99,45_2,7,TR_0627,Manca autorizz,IN ATTESA,NON NECESSARIO,NON NECESSARIO,,,NO,IN ATTESA,NOT STARTED
628,NO DIG,BG,BOLTIERE,7,45,PROVINCIA DI BERGAMO,,266.54,45_1,7,TR_0628,Manca autorizz,IN ATTESA,NON NECESSARIO,NON NECESSARIO,,,NO,IN ATTESA,NOT STARTED
629,NO DIG,BG,BOLTIERE,7,45,PROVINCIA DI BERGAMO,,87.91,45_1,7,TR_0629,Manca autorizz,IN ATTESA,NON NECESSARIO,NON NECESSARIO,,,NO,IN ATTESA,NOT STARTED
630,NO DIG,BG,BOLTIERE,7,45,PROVINCIA DI BERGAMO,,73.05,45_1,7,TR_0630,Manca autorizz,IN ATTESA,NON NECESSARIO,NON NECESSARIO,,,NO,IN ATTESA,NOT STARTED
631,NO DIG,BG,BOLTIERE,7,45,COMUNE,,368.53,45_1,7,TR_0631,Manca autorizz,IN ATTESA,NON NECESSARIO,NON NECESSARIO,,,NO,IN ATTESA,NOT STARTED
632,CANALETTA,MI,RHO,1,1,COMUNE DI RHO,AIPO,26.9,1,1A,TR_0632,Manca autorizz | Manca nulla osta,PROTOCOLLATO,PROTOCOLLATO,NON NECESSARIO,2026/03/17,AUT/2/1A | NO/14/1A,NO,PROTOCOLLATO,ON GOING
633,SCAVO,MI,RHO,1,1,COMUNE DI RHO,,118.41,1,1A,TR_0633,Manca autorizz,PROTOCOLLATO,NON NECESSARIO,NON NECESSARIO,2026/03/17,AUT/2/1A,NO,PROTOCOLLATO,ON GOING
634,SCAVO,MI,PERO,1,1,COMUNE DI PERO,AIPO,43.33,1,1A,TR_0634,Manca autorizz | Manca nulla osta,NECESSARIA INTEGRAZIONE,PROTOCOLLATO,NON NECESSARIO,2026/03/17,AUT/13/1A | NO/7/1A,NO,NECESSARIA INTEGRAZIONE,ON GOING
635,NO DIG,MI,PERO,1,1,COMUNE DI PERO,,416.95,1,1A,TR_0635,Manca autorizz,NECESSARIA INTEGRAZIONE,NON NECESSARIO,NON NECESSARIO,2026/03/23,AUT/13/1A,NO,NECESSARIA INTEGRAZIONE,ON GOING
636,SCAVO,MI,PERO,1,1,COMUNE DI PERO,SERRAVALLE,104.27,1,1A,TR_0636,Manca autorizz | Manca nulla osta,NECESSARIA INTEGRAZIONE,INVIATO,NON NECESSARIO,2026/03/23,AUT/13/1A | NO/26/1A | NO/27/1A,NO,NECESSARIA INTEGRAZIONE,ON GOING
637,CANALETTA,MI,CORNAREDO,1,23,COMUNE DI CORNAREDO,AIPO,46.86,23,1A,TR_0637,Manca autorizz | Manca nulla osta,INVIATO,PROTOCOLLATO,NON NECESSARIO,,AUT/1/1A | NO/4/1A,NO,INVIATO,ON GOING
638,NO DIG,MI,CORNAREDO,1,23,COMUNE DI CORNAREDO,,540.29,23,1A,TR_0638,Manca autorizz,INVIATO,NON NECESSARIO,NON NECESSARIO,,AUT/1/1A,NO,INVIATO,ON GOING
639,SCAVO,MI,BASIGLIO,2,13,COMUNE DI BASIGLIO,ROGGIA,44.16,13_1,2A,TR_0639,Manca autorizz | Manca nulla osta,PROTOCOLLATO INTEGRAZIONE,IN REDAZIONE,NON NECESSARIO,2026/03/17,AUT/1/2A | NO/14/2A,NO,PROTOCOLLATO INTEGRAZIONE,ON GOING
640,NO DIG,MI,BASIGLIO,2,13,COMUNE DI BASIGLIO,,263.62,13_1,2A,TR_0640,Manca autorizz | Manca nulla osta,PROTOCOLLATO INTEGRAZIONE,INVIATO,NON NECESSARIO,2026/03/17,AUT/1/2A | NO/14/2A,NO,PROTOCOLLATO INTEGRAZIONE,ON GOING
641,NO DIG,MI,BASIGLIO,2,13,COMUNE DI BASIGLIO,ROGGIA,26.66,13_1,2A,TR_0641,Manca autorizz | Manca nulla osta,PROTOCOLLATO INTEGRAZIONE,IN REDAZIONE,NON NECESSARIO,2026/03/17,AUT/1/2A | NO/14/2A,NO,PROTOCOLLATO INTEGRAZIONE,ON GOING
642,NO DIG,MI,BASIGLIO,2,13,COMUNE DI BASIGLIO,,91.8,13_1,2A,TR_0642,Manca autorizz | Manca nulla osta,PROTOCOLLATO INTEGRAZIONE,INVIATO,NON NECESSARIO,2026/03/17,AUT/1/2A | NO/14/2A,NO,PROTOCOLLATO INTEGRAZIONE,ON GOING
643,CANALETTA,MI,ZIBIDO SAN GIACOMO,2,25,PROVINCIA DI MILANO,VILLORESI,15.44,25,2A,TR_0643,Manca autorizz | Manca nulla osta,PROTOCOLLATO INTEGRAZIONE,IN REDAZIONE,NON NECESSARIO,2026/04/09,AUT/8/2A,NO,PROTOCOLLATO INTEGRAZIONE,ON GOING
647,SCAVO,MI,LACCHIARELLA,2,7,PROVINCIA DI MILANO,AIPO,28.26,7_2,2B,TR_0647,,OTTENUTO,NON NECESSARIO,NON NECESSARIO,2026/03/24,AUT/8/2B,SI,OTTENUTO,APPROVAL
648,NO DIG,MI,LACCHIARELLA,2,7,PROVINCIA DI MILANO,,800.94,7_2,2B,TR_0648,,OTTENUTO,NON NECESSARIO,NON NECESSARIO,2026/03/24,AUT/8/2B,SI,OTTENUTO,APPROVAL
649,NO DIG,MI,LACCHIARELLA,2,7,PROVINCIA DI MILANO,,888.39,7_2,2B,TR_0649,,OTTENUTO,NON NECESSARIO,NON NECESSARIO,2026/03/24,AUT/8/2B,SI,OTTENUTO,APPROVAL
650,NO DIG,MI,LACCHIARELLA,2,7,PROVINCIA DI MILANO,RIM,34.45,7_2,2B,TR_0650,,OTTENUTO,NON NECESSARIO,NON NECESSARIO,2026/03/24,AUT/8/2B,SI,OTTENUTO,APPROVAL
651,NO DIG,MI,LACCHIARELLA,2,7,PROVINCIA DI MILANO,,383.87,7_2,2B,TR_0651,,OTTENUTO,NON NECESSARIO,NON NECESSARIO,2026/03/24,AUT/8/2B,SI,OTTENUTO,APPROVAL
652,NO DIG,BG,DALMINE,3,4,PROVINCIA DI BERGAMO,AUTOSTRADE,165.61,4_2_2,1,TR_0652,Manca autorizz,IN ATTESA,NON NECESSARIO,NON NECESSARIO,,,NO,IN ATTESA,NOT STARTED
653,NO DIG,BG,DALMINE,3,4,PROVINCIA DI BERGAMO,,164.49,4_2_2,1,TR_0653,Manca autorizz,IN ATTESA,NON NECESSARIO,NON NECESSARIO,,,NO,IN ATTESA,NOT STARTED
654,NO DIG,BG,LALLIO,3,42,COMUNE,,96.94,42,1,TR_0654,Manca autorizz,IN ATTESA,NON NECESSARIO,NON NECESSARIO,,,NO,IN ATTESA,NOT STARTED
655,SCAVO,BG,BERGAMO,3,43,COMUNE,,37.68,43,1,TR_0655,Manca autorizz,IN ATTESA,NON NECESSARIO,NON NECESSARIO,,,NO,IN ATTESA,NOT STARTED
657,SCAVO,BG,BERGAMO,3,3,COMUNE,,910.43,3_2_2,1,TR_0657,Manca autorizz,IN ATTESA,NON NECESSARIO,NON NECESSARIO,,,NO,IN ATTESA,NOT STARTED
658,NO DIG,BG,BERGAMO,3,3,COMUNE,RFI,31.97,3_2_2,1,TR_0658,Manca autorizz,IN ATTESA,NON NECESSARIO,NON NECESSARIO,,,NO,IN ATTESA,NOT STARTED
659,NO DIG,BG,BERGAMO,3,3,COMUNE,,1692.34,3_2_2,1,TR_0659,Manca autorizz,IN ATTESA,NON NECESSARIO,NON NECESSARIO,,,NO,IN ATTESA,NOT STARTED
660,NO DIG,BG,CURNO,3,3,COMUNE,,1611.42,3_2_2,1,TR_0660,Manca autorizz,IN ATTESA,NON NECESSARIO,NON NECESSARIO,,,NO,IN ATTESA,NOT STARTED
661,NO DIG,BG,CURNO,3,3,COMUNE,RFI,43.36,3_2_2,1,TR_0661,Manca autorizz,IN ATTESA,NON NECESSARIO,NON NECESSARIO,,,NO,IN ATTESA,NOT STARTED
662,NO DIG,BG,CURNO,3,3,COMUNE,,277.08,3_2_2,1,TR_0662,Manca autorizz,IN ATTESA,NON NECESSARIO,NON NECESSARIO,,,NO,IN ATTESA,NOT STARTED
663,NO DIG,BG,CURNO,6,2,COMUNE,PROVINCIA DI BERGAMO,59.71,2_2,7,TR_0663,Manca autorizz,IN ATTESA,NON NECESSARIO,NON NECESSARIO,,,NO,IN ATTESA,NOT STARTED
664,SCAVO,BG,TREVIOLO,6,2,COMUNE,,27.98,2_2,7,TR_0664,Manca autorizz,IN ATTESA,NON NECESSARIO,NON NECESSARIO,,,NO,IN ATTESA,NOT STARTED
665,SCAVO,BG,TREVIOLO,6,2,COMUNE,,345.35,2_2,7,TR_0665,Manca autorizz,IN ATTESA,NON NECESSARIO,NON NECESSARIO,,,NO,IN ATTESA,NOT STARTED
666,NO DIG,BG,BERGAMO,6,2,COMUNE,RIB,14.85,2_2,7,TR_0666,Manca autorizz,IN ATTESA,NON NECESSARIO,NON NECESSARIO,,,NO,IN ATTESA,NOT STARTED
667,NO DIG,BG,BERGAMO,6,2,COMUNE,,322.3,2_2,7,TR_0667,Manca autorizz,IN ATTESA,NON NECESSARIO,NON NECESSARIO,,,NO,IN ATTESA,NOT STARTED
668,NO DIG,BG,BERGAMO,6,2,COMUNE,,504.94,2_2,7,TR_0668,Manca autorizz,IN ATTESA,NON NECESSARIO,NON NECESSARIO,,,NO,IN ATTESA,NOT STARTED
669,SCAVO,BG,BERGAMO,3,43,COMUNE,,169.14,43,1,TR_0669,Manca autorizz,IN ATTESA,NON NECESSARIO,NON NECESSARIO,,,NO,IN ATTESA,NOT STARTED
670,NO DIG,BG,TREVIOLO,3,4,COMUNE,,358.11,4_2_2,1,TR_0670,Manca autorizz,IN ATTESA,NON NECESSARIO,NON NECESSARIO,,,NO,IN ATTESA,NOT STARTED
671,NO DIG,BG,MOZZO,3,3,COMUNE,RFI,19.27,3_2_2,1,TR_0671,Manca autorizz,IN ATTESA,NON NECESSARIO,NON NECESSARIO,,,NO,IN ATTESA,NOT STARTED
672,NO DIG,BG,MOZZO,3,3,COMUNE,,43.27,3_2_2,1,TR_0672,Manca autorizz,IN ATTESA,NON NECESSARIO,NON NECESSARIO,,,NO,IN ATTESA,NOT STARTED
673,NO DIG,MI,BELLINZAGO LOMBARDO,3,4,ANAS,,154.21,4_1_2,3,TR_0673,Manca autorizz,IN ATTESA,NON NECESSARIO,NON NECESSARIO,,,NO,IN ATTESA,NOT STARTED
674,NO DIG,MI,CASSINA DE PECCHI,3,4,ANAS,,1862.07,4_1_2,3,TR_0674,Manca autorizz,IN ATTESA,NON NECESSARIO,NON NECESSARIO,,,NO,IN ATTESA,NOT STARTED
675,NO DIG,MI,CERNUSCO SUL NAVIGLIO,3,4,COMUNE,,173.29,4_1_2,3,TR_0675,Manca autorizz,IN ATTESA,NON NECESSARIO,NON NECESSARIO,,,NO,IN ATTESA,NOT STARTED
676,SCAVO,MI,MILANO,3,4,COMUNE,RFI,57.12,4_1_1,3,TR_0676,Manca autorizz,IN ATTESA,NON NECESSARIO,NON NECESSARIO,,,NO,IN ATTESA,NOT STARTED
677,SCAVO,MI,MILANO,3,4,COMUNE,,1230.8,4_1_1,3,TR_0677,Manca autorizz,IN ATTESA,NON NECESSARIO,NON NECESSARIO,,,NO,IN ATTESA,NOT STARTED
678,NO DIG,MI,MILANO,3,4,COMUNE,RFI,229.95,4_1_1,3,TR_0678,Manca autorizz,IN ATTESA,NON NECESSARIO,NON NECESSARIO,,,NO,IN ATTESA,NOT STARTED
679,SCAVO,MI,MILANO,3,4,COMUNE,,609.04,4_1_1,3,TR_0679,Manca autorizz,IN ATTESA,NON NECESSARIO,NON NECESSARIO,,,NO,IN ATTESA,NOT STARTED
680,SCAVO,MI,MILANO,3,14,COMUNE,RFI,61.62,14_3,5,TR_0680,Manca autorizz,IN ATTESA,NON NECESSARIO,NON NECESSARIO,,,NO,IN ATTESA,NOT STARTED
681,NO DIG,MI,MILANO,3,39,COMUNE,,1418.17,39_1,5,TR_0681,Manca autorizz,IN ATTESA,NON NECESSARIO,NON NECESSARIO,,,NO,IN ATTESA,NOT STARTED
682,NO DIG,MI,MILANO,3,39,COMUNE,AIPO,63.38,39_1,5,TR_0682,Manca autorizz,IN ATTESA,NON NECESSARIO,NON NECESSARIO,,,NO,IN ATTESA,NOT STARTED
683,NO DIG,MI,MILANO,3,4,COMUNE,METRO,35.2,4_1_1,3,TR_0683,Manca autorizz,IN ATTESA,NON NECESSARIO,NON NECESSARIO,,,NO,IN ATTESA,NOT STARTED
684,NO DIG,MI,MILANO,3,4,COMUNE,AUTOSTRADE,310.68,4_1_1,3,TR_0684,Manca autorizz,IN ATTESA,NON NECESSARIO,NON NECESSARIO,,,NO,IN ATTESA,NOT STARTED
685,NO DIG,MI,MILANO,3,4,COMUNE,AUTOSTRADE,96.85,4_1_1,3,TR_0685,Manca autorizz,IN ATTESA,NON NECESSARIO,NON NECESSARIO,,,NO,IN ATTESA,NOT STARTED
686,NO DIG,MI,MILANO,3,4,COMUNE,AUTOSTRADE,88.68,4_1_1,3,TR_0686,Manca autorizz,IN ATTESA,NON NECESSARIO,NON NECESSARIO,,,NO,IN ATTESA,NOT STARTED
687,SCAVO,MI,MILANO,3,4,COMUNE,AUTOSTRADE,67.12,4_1_1,3,TR_0687,Manca autorizz,IN ATTESA,NON NECESSARIO,NON NECESSARIO,,,NO,IN ATTESA,NOT STARTED
688,SCAVO,MI,MILANO,3,4,COMUNE,,3211.67,4_1_1,3,TR_0688,Manca autorizz,IN ATTESA,NON NECESSARIO,NON NECESSARIO,,,NO,IN ATTESA,NOT STARTED
689,SCAVO,MI,MILANO,3,4,COMUNE,AUTOSTRADE,65.1,4_1_1,3,TR_0689,Manca autorizz,IN ATTESA,NON NECESSARIO,NON NECESSARIO,,,NO,IN ATTESA,NOT STARTED
690,SCAVO,MI,MILANO,3,4,COMUNE,,121.97,4_1_1,3,TR_0690,Manca autorizz,IN ATTESA,NON NECESSARIO,NON NECESSARIO,,,NO,IN ATTESA,NOT STARTED
691,SCAVO,PV,SIZIANO,3,40,COMUNE,TORRENTE,16.61,40,4,TR_0691,Manca autorizz,IN ATTESA,NON NECESSARIO,NON NECESSARIO,,,NO,IN ATTESA,NOT STARTED
692,NO DIG,PV,SIZIANO,3,40,COMUNE,,797.08,40,4,TR_0692,Manca autorizz,IN ATTESA,NON NECESSARIO,NON NECESSARIO,,,NO,IN ATTESA,NOT STARTED
693,SCAVO,MI,PIEVE EMANUELE,3,8,PROVINCIA DI MILANO,ROGGIA,18.28,8_2,5,TR_0693,Manca autorizz,IN ATTESA,NON NECESSARIO,NON NECESSARIO,,,NO,IN ATTESA,NOT STARTED
694,NO DIG,MI,PIEVE EMANUELE,3,8,PROVINCIA DI MILANO,,159.96,8_2,5,TR_0694,Manca autorizz,IN ATTESA,NON NECESSARIO,NON NECESSARIO,,,NO,IN ATTESA,NOT STARTED
695,NO DIG,MI,SIZIANO,2,30,PROVINCIA DI MILANO,,471.19,30,2B,TR_0695,,OTTENUTO,NON NECESSARIO,NON NECESSARIO,2026/03/24,AUT/8/2B,SI,OTTENUTO,APPROVAL
696,NO DIG,PV,SIZIANO,5,26,PROVINCIA DI MILANO,,28.74,26_2,8,TR_0696,Manca autorizz,IN REDAZIONE,NON NECESSARIO,NON NECESSARIO,,AUT/1/8,NO,IN REDAZIONE,NOT STARTED
697,NO DIG,MI,ZIBIDO SAN GIACOMO,3,12,COMUNE,,21.01,12_1,6,TR_0697,Manca autorizz,IN ATTESA,NON NECESSARIO,NON NECESSARIO,,,NO,IN ATTESA,NOT STARTED
698,NO DIG,MI,CORSICO,3,17,COMUNE,RIB,20.59,17_2,6,TR_0698,Manca autorizz,IN ATTESA,NON NECESSARIO,NON NECESSARIO,,,NO,IN ATTESA,NOT STARTED
699,NO DIG,MI,BUCCINASCO,3,17,COMUNE,RIB,12.78,17_2,6,TR_0699,Manca autorizz,IN ATTESA,NON NECESSARIO,NON NECESSARIO,,,NO,IN ATTESA,NOT STARTED
700,SCAVO,MI,BUCCINASCO,3,17,COMUNE,,35.7,17_2,6,TR_0700,Manca autorizz,IN ATTESA,NON NECESSARIO,NON NECESSARIO,,,NO,IN ATTESA,NOT STARTED
701,NO DIG,MI,MILANO,3,17,COMUNE,RFI,18.83,17_2,6,TR_0701,Manca autorizz,IN ATTESA,NON NECESSARIO,NON NECESSARIO,,,NO,IN ATTESA,NOT STARTED
702,NO DIG,MI,MILANO,3,17,COMUNE,,101.37,17_2,6,TR_0702,Manca autorizz,IN ATTESA,NON NECESSARIO,NON NECESSARIO,,,NO,IN ATTESA,NOT STARTED
703,SCAVO,MI,MILANO,4,24,COMUNE,RIP,37.58,24,6,TR_0703,Manca autorizz,IN ATTESA,NON NECESSARIO,NON NECESSARIO,,,NO,IN ATTESA,NOT STARTED
704,SCAVO,MI,MILANO,4,24,COMUNE,,149.17,24,6,TR_0704,Manca autorizz,IN ATTESA,NON NECESSARIO,NON NECESSARIO,,,NO,IN ATTESA,NOT STARTED
705,SCAVO,MI,CORSICO,3,17,COMUNE,,392.83,17_1,6,TR_0705,Manca autorizz,IN ATTESA,NON NECESSARIO,NON NECESSARIO,,,NO,IN ATTESA,NOT STARTED
706,SCAVO,MI,CESANO BOSCONE,3,17,COMUNE,,954.38,17_1,6,TR_0706,Manca autorizz,IN ATTESA,NON NECESSARIO,NON NECESSARIO,,,NO,IN ATTESA,NOT STARTED
707,SCAVO,MI,MILANO,3,17,COMUNE,,1736.64,17_1,6,TR_0707,Manca autorizz,IN ATTESA,NON NECESSARIO,NON NECESSARIO,,,NO,IN ATTESA,NOT STARTED
708,NO DIG,BG,STEZZANO,3,6,PROVINCIA DI BERGAMO,,307.98,6_2,1,TR_0708,Manca autorizz,IN ATTESA,NON NECESSARIO,NON NECESSARIO,,,NO,IN ATTESA,NOT STARTED
709,NO DIG,BG,LEVATE,3,6,PROVINCIA DI BERGAMO,,135.57,6_2,4,TR_0709,Manca autorizz,IN ATTESA,NON NECESSARIO,NON NECESSARIO,,,NO,IN ATTESA,NOT STARTED
710,SCAVO,BG,VERDELLO,3,6,PROVINCIA DI BERGAMO,,759.85,6_2,4,TR_0710,Manca autorizz,IN ATTESA,NON NECESSARIO,NON NECESSARIO,,,NO,IN ATTESA,NOT STARTED
711,SCAVO,BG,TREVIGLIO,3,6,COMUNE,,1166.46,6_2,4,TR_0711,Manca autorizz,IN ATTESA,NON NECESSARIO,NON NECESSARIO,,,NO,IN ATTESA,NOT STARTED
712,NO DIG,BG,TREVIGLIO,3,6,COMUNE,RFI,27.51,6_2,4,TR_0712,Manca autorizz,IN ATTESA,NON NECESSARIO,NON NECESSARIO,,,NO,IN ATTESA,NOT STARTED
713,NO DIG,BG,TREVIGLIO,3,6,COMUNE,,217.07,6_2,4,TR_0713,Manca autorizz,IN ATTESA,NON NECESSARIO,NON NECESSARIO,,,NO,IN ATTESA,NOT STARTED
714,SCAVO,BG,TREVIGLIO,3,6,ANAS,RIB,72.09,6_2,4,TR_0714,Manca autorizz,IN ATTESA,NON NECESSARIO,NON NECESSARIO,,,NO,IN ATTESA,NOT STARTED
715,NO DIG,MI,CASSANO D'ADDA,3,6,ANAS,,1278.06,6_2,4,TR_0715,Manca autorizz,IN ATTESA,NON NECESSARIO,NON NECESSARIO,,,NO,IN ATTESA,NOT STARTED
716,SCAVO,MI,CASSANO D'ADDA,3,6,PROVINCIA DI CREMONA,RIM,22.43,6_2,4,TR_0716,Manca autorizz,IN ATTESA,NON NECESSARIO,NON NECESSARIO,,,NO,IN ATTESA,NOT STARTED
717,NO DIG,MI,CASSANO D'ADDA,3,6,PROVINCIA DI CREMONA,RFI,23.65,6_2,4,TR_0717,Manca autorizz,IN ATTESA,NON NECESSARIO,NON NECESSARIO,,,NO,IN ATTESA,NOT STARTED
718,NO DIG,MI,CASSANO D'ADDA,3,6,PROVINCIA DI CREMONA,,123.8,6_2,4,TR_0718,Manca autorizz,IN ATTESA,NON NECESSARIO,NON NECESSARIO,,,NO,IN ATTESA,NOT STARTED
719,SCAVO,CR,RIVOLTA D'ADDA,3,6,PROVINCIA DI CREMONA,RIM,22.97,6_2,4,TR_0719,Manca autorizz,IN ATTESA,NON NECESSARIO,NON NECESSARIO,,,NO,IN ATTESA,NOT STARTED
720,NO DIG,CR,RIVOLTA D'ADDA,3,6,PROVINCIA DI CREMONA,,160.33,6_2,4,TR_0720,Manca autorizz,IN ATTESA,NON NECESSARIO,NON NECESSARIO,,,NO,IN ATTESA,NOT STARTED
721,SCAVO,CR,RIVOLTA D'ADDA,3,6,PROVINCIA DI CREMONA,RIM,35.28,6_2,4,TR_0721,Manca autorizz,IN ATTESA,NON NECESSARIO,NON NECESSARIO,,,NO,IN ATTESA,NOT STARTED
722,NO DIG,CR,RIVOLTA D'ADDA,3,6,PROVINCIA DI CREMONA,,349.28,6_2,4,TR_0722,Manca autorizz,IN ATTESA,NON NECESSARIO,NON NECESSARIO,,,NO,IN ATTESA,NOT STARTED
723,NO DIG,CR,RIVOLTA D'ADDA,3,6,PROVINCIA DI CREMONA,RIM,30.63,6_2,4,TR_0723,Manca autorizz,IN ATTESA,NON NECESSARIO,NON NECESSARIO,,,NO,IN ATTESA,NOT STARTED
724,NO DIG,CR,RIVOLTA D'ADDA,3,6,PROVINCIA DI CREMONA,,550.02,6_2,4,TR_0724,Manca autorizz,IN ATTESA,NON NECESSARIO,NON NECESSARIO,,,NO,IN ATTESA,NOT STARTED
725,SCAVO,CR,RIVOLTA D'ADDA,3,6,PROVINCIA DI CREMONA,,31.66,6_2,4,TR_0725,Manca autorizz,IN ATTESA,NON NECESSARIO,NON NECESSARIO,,,NO,IN ATTESA,NOT STARTED
726,NO DIG,CR,RIVOLTA D'ADDA,3,6,PROVINCIA DI CREMONA,,182.4,6_2,4,TR_0726,Manca autorizz,IN ATTESA,NON NECESSARIO,NON NECESSARIO,,,NO,IN ATTESA,NOT STARTED
727,SCAVO,CR,RIVOLTA D'ADDA,3,6,PROVINCIA DI MILANO,RIM,42.07,6_2,4,TR_0727,Manca autorizz,IN ATTESA,NON NECESSARIO,NON NECESSARIO,,,NO,IN ATTESA,NOT STARTED
728,NO DIG,CR,RIVOLTA D'ADDA,3,6,PROVINCIA DI CREMONA,,463.38,6_2,4,TR_0728,Manca autorizz,IN ATTESA,NON NECESSARIO,NON NECESSARIO,,,NO,IN ATTESA,NOT STARTED
729,SCAVO,CR,RIVOLTA D'ADDA,3,6,PROVINCIA DI MILANO,RIM,30.65,6_2,4,TR_0729,Manca autorizz,IN ATTESA,NON NECESSARIO,NON NECESSARIO,,,NO,IN ATTESA,NOT STARTED
730,NO DIG,CR,RIVOLTA D'ADDA,3,6,PROVINCIA DI MILANO,,140.16,6_2,4,TR_0730,Manca autorizz,IN ATTESA,NON NECESSARIO,NON NECESSARIO,,,NO,IN ATTESA,NOT STARTED
731,SCAVO,CR,RIVOLTA D'ADDA,3,6,PROVINCIA DI MILANO,RIM,25.24,6_2,4,TR_0731,Manca autorizz,IN ATTESA,NON NECESSARIO,NON NECESSARIO,,,NO,IN ATTESA,NOT STARTED
732,NO DIG,CR,RIVOLTA D'ADDA,3,6,PROVINCIA DI MILANO,,80.72,6_2,4,TR_0732,Manca autorizz,IN ATTESA,NON NECESSARIO,NON NECESSARIO,,,NO,IN ATTESA,NOT STARTED
733,NO DIG,CR,RIVOLTA D'ADDA,3,6,PROVINCIA DI MILANO,RIM,22.01,6_2,4,TR_0733,Manca autorizz,IN ATTESA,NON NECESSARIO,NON NECESSARIO,,,NO,IN ATTESA,NOT STARTED
734,NO DIG,CR,RIVOLTA D'ADDA,3,6,PROVINCIA DI MILANO,,83.81,6_2,4,TR_0734,Manca autorizz,IN ATTESA,NON NECESSARIO,NON NECESSARIO,,,NO,IN ATTESA,NOT STARTED
735,SCAVO,CR,RIVOLTA D'ADDA,3,6,PROVINCIA DI CREMONA,RIM,16.53,6_2,4,TR_0735,Manca autorizz,IN ATTESA,NON NECESSARIO,NON NECESSARIO,,,NO,IN ATTESA,NOT STARTED
736,NO DIG,CR,RIVOLTA D'ADDA,3,6,PROVINCIA DI CREMONA,,54.79,6_2,4,TR_0736,Manca autorizz,IN ATTESA,NON NECESSARIO,NON NECESSARIO,,,NO,IN ATTESA,NOT STARTED
737,NO DIG,CR,RIVOLTA D'ADDA,3,6,PROVINCIA DI MILANO,,206.77,6_2,4,TR_0737,Manca autorizz,IN ATTESA,NON NECESSARIO,NON NECESSARIO,,,NO,IN ATTESA,NOT STARTED
738,NO DIG,MI,TRUCAZZANO,3,6,PROVINCIA DI MILANO,,1454.12,6_2,4,TR_0738,Manca autorizz,IN ATTESA,NON NECESSARIO,NON NECESSARIO,,,NO,IN ATTESA,NOT STARTED
739,NO DIG,MI,TRUCAZZANO,3,6,PROVINCIA DI MILANO,,3700.82,6_2,4,TR_0739,Manca autorizz,IN ATTESA,NON NECESSARIO,NON NECESSARIO,,,NO,IN ATTESA,NOT STARTED
740,NO DIG,MI,LISCATE,3,6,PROVINCIA DI MILANO,,1508.87,6_2,4,TR_0740,Manca autorizz,IN ATTESA,NON NECESSARIO,NON NECESSARIO,,,NO,IN ATTESA,NOT STARTED
741,NO DIG,MI,LISCATE,3,6,PROVINCIA DI MILANO,AUTOSTRADE,101.52,6_2,4,TR_0741,Manca autorizz,IN ATTESA,NON NECESSARIO,NON NECESSARIO,,,NO,IN ATTESA,NOT STARTED
742,NO DIG,MI,LISCATE,3,6,PROVINCIA DI MILANO,,356.49,6_2,4,TR_0742,Manca autorizz,IN ATTESA,NON NECESSARIO,NON NECESSARIO,,,NO,IN ATTESA,NOT STARTED
743,NO DIG,MI,SETTALA,3,6,PROVINCIA DI MILANO,RIB,27.39,6_2,4,TR_0743,Manca autorizz,IN ATTESA,NON NECESSARIO,NON NECESSARIO,,,NO,IN ATTESA,NOT STARTED
744,NO DIG,MI,SETTALA,3,6,PROVINCIA DI MILANO,,766.24,6_2,4,TR_0744,Manca autorizz,IN ATTESA,NON NECESSARIO,NON NECESSARIO,,,NO,IN ATTESA,NOT STARTED
745,NO DIG,MI,MEDIGLIA,3,40,PROVINCIA DI MILANO,ROGGIA,18.97,40,4,TR_0745,Manca autorizz,IN ATTESA,NON NECESSARIO,NON NECESSARIO,,,NO,IN ATTESA,NOT STARTED
746,NO DIG,MI,MEDIGLIA,3,40,PROVINCIA DI MILANO,,1328.0,40,4,TR_0746,Manca autorizz,IN ATTESA,NON NECESSARIO,NON NECESSARIO,,,NO,IN ATTESA,NOT STARTED
747,NO DIG,MI,COLTURANO,3,40,PROVINCIA DI MILANO,,1881.97,40,4,TR_0747,Manca autorizz,IN ATTESA,NON NECESSARIO,NON NECESSARIO,,,NO,IN ATTESA,NOT STARTED
748,SCAVO,MI,COLTURANO,3,40,PROVINCIA DI MILANO,AIPO,41.28,40,4,TR_0748,Manca autorizz,IN ATTESA,NON NECESSARIO,NON NECESSARIO,,,NO,IN ATTESA,NOT STARTED
749,NO DIG,MI,COLTURANO,3,40,PROVINCIA DI MILANO,,31.95,40,4,TR_0749,Manca autorizz,IN ATTESA,NON NECESSARIO,NON NECESSARIO,,,NO,IN ATTESA,NOT STARTED
750,SCAVO,MI,COLTURANO,3,40,PROVINCIA DI MILANO,,21.93,40,4,TR_0750,Manca autorizz,IN ATTESA,NON NECESSARIO,NON NECESSARIO,,,NO,IN ATTESA,NOT STARTED
751,NO DIG,MI,COLTURANO,3,40,PROVINCIA DI MILANO,,44.72,40,4,TR_0751,Manca autorizz,IN ATTESA,NON NECESSARIO,NON NECESSARIO,,,NO,IN ATTESA,NOT STARTED
752,NO DIG,MI,SAN GIULIANO MILANESE,3,40,PROVINCIA DI MILANO,,485.62,40,4,TR_0752,Manca autorizz,IN ATTESA,NON NECESSARIO,NON NECESSARIO,,,NO,IN ATTESA,NOT STARTED
753,NO DIG,MI,SAN GIULIANO MILANESE,3,40,PROVINCIA DI MILANO,AIPO,18.55,40,4,TR_0753,Manca autorizz,IN ATTESA,NON NECESSARIO,NON NECESSARIO,,,NO,IN ATTESA,NOT STARTED
754,NO DIG,MI,SAN GIULIANO MILANESE,3,40,COMUNE,,326.37,40,4,TR_0754,Manca autorizz,IN ATTESA,NON NECESSARIO,NON NECESSARIO,,,NO,IN ATTESA,NOT STARTED
755,NO DIG,MI,SAN GIULIANO MILANESE,3,40,COMUNE,RFI,29.38,40,4,TR_0755,Manca autorizz,IN ATTESA,NON NECESSARIO,NON NECESSARIO,,,NO,IN ATTESA,NOT STARTED
756,NO DIG,MI,SAN GIULIANO MILANESE,3,40,COMUNE,,385.79,40,4,TR_0756,Manca autorizz,IN ATTESA,NON NECESSARIO,NON NECESSARIO,,,NO,IN ATTESA,NOT STARTED
757,NO DIG,MI,SAN GIULIANO MILANESE,3,40,PROVINCIA DI MILANO,,114.8,40,4,TR_0757,Manca autorizz,IN ATTESA,NON NECESSARIO,NON NECESSARIO,,,NO,IN ATTESA,NOT STARTED
758,NO DIG,MI,MELEGNANO,3,40,PROVINCIA DI MILANO,RFI,19.38,40,4,TR_0758,Manca autorizz,IN ATTESA,NON NECESSARIO,NON NECESSARIO,,,NO,IN ATTESA,NOT STARTED
759,NO DIG,MI,MELEGNANO,3,40,PROVINCIA DI MILANO,,152.41,40,4,TR_0759,Manca autorizz,IN ATTESA,NON NECESSARIO,NON NECESSARIO,,,NO,IN ATTESA,NOT STARTED
760,NO DIG,MI,CARPIANO,3,40,COMUNE,RIB,22.31,40,4,TR_0760,Manca autorizz,IN ATTESA,NON NECESSARIO,NON NECESSARIO,,,NO,IN ATTESA,NOT STARTED
761,NO DIG,MI,CARPIANO,3,40,COMUNE,,743.71,40,4,TR_0761,Manca autorizz,IN ATTESA,NON NECESSARIO,NON NECESSARIO,,,NO,IN ATTESA,NOT STARTED
762,NO DIG,MI,CARPIANO,3,40,COMUNE,,46.99,40,4,TR_0762,Manca autorizz,IN ATTESA,NON NECESSARIO,NON NECESSARIO,,,NO,IN ATTESA,NOT STARTED
763,NO DIG,MI,CARPIANO,3,40,COMUNE,,871.0,40,4,TR_0763,Manca autorizz,IN ATTESA,NON NECESSARIO,NON NECESSARIO,,,NO,IN ATTESA,NOT STARTED
764,CANALINA,MI,PERO,1,16,COMUNE DI PERO,AIPO,21.39,16_2,1B,TR_0764,Manca autorizz | Manca nulla osta,PROTOCOLLATO INTEGRAZIONE,PROTOCOLLATO INTEGRAZIONE,NON NECESSARIO,2026/03/13,AUT/2/1B | NO/4/1B,NO,PROTOCOLLATO INTEGRAZIONE,ON GOING
766,NO DIG,MI,PERO,1,16,COMUNE DI PERO,,130.82,16_2,1B,TR_0766,Manca autorizz,PROTOCOLLATO INTEGRAZIONE,NON NECESSARIO,NON NECESSARIO,2026/03/13,AUT/2/1B,NO,PROTOCOLLATO INTEGRAZIONE,ON GOING
768,NO DIG,MI,PERO,1,47,COMUNE DI PERO,,299.73,47,1A,TR_0768,Manca autorizz,PROTOCOLLATO INTEGRAZIONE,NON NECESSARIO,NON NECESSARIO,2026/03/23,AUT/13/1A,NO,PROTOCOLLATO INTEGRAZIONE,ON GOING
770,NO DIG,BG,COMUN NUOVO,7,38,COMUNE,,590.98,38,7,TR_0770,Manca autorizz,IN ATTESA,NON NECESSARIO,NON NECESSARIO,,,NO,IN ATTESA,NOT STARTED
771,NO DIG,BG,COMUN NUOVO,7,38,COMUNE,ANAS,29.59,38,7,TR_0771,Manca autorizz,IN ATTESA,NON NECESSARIO,NON NECESSARIO,,,NO,IN ATTESA,NOT STARTED
772,NO DIG,BG,COMUN NUOVO,7,38,COMUNE,,37.5,38,7,TR_0772,Manca autorizz,IN ATTESA,NON NECESSARIO,NON NECESSARIO,,,NO,IN ATTESA,NOT STARTED
773,NO DIG,BG,LEVATE,7,38,PROVINCIA DI BERGAMO,,59.23,38,7,TR_0773,Manca autorizz,IN ATTESA,NON NECESSARIO,NON NECESSARIO,,,NO,IN ATTESA,NOT STARTED
774,CANALETTA,BG,BREMBATE,7,32,PROVINCIA DI BERGAMO,RIP,47.32,32,7,TR_0774,Manca autorizz,IN ATTESA,NON NECESSARIO,NON NECESSARIO,,,NO,IN ATTESA,NOT STARTED
775,NO DIG,BG,BREMBATE,7,45,PROVINCIA DI BERGAMO,,31.56,45_1,7,TR_0775,Manca autorizz,IN ATTESA,NON NECESSARIO,NON NECESSARIO,,,NO,IN ATTESA,NOT STARTED
776,NO DIG,BG,BREMBATE,7,45,COMUNE,,207.19,45_1,7,TR_0776,Manca autorizz,IN ATTESA,NON NECESSARIO,NON NECESSARIO,,,NO,IN ATTESA,NOT STARTED
777,NO DIG,BG,BREMBATE,7,45,PROVINCIA DI BERGAMO,,47.98,45_1,7,TR_0777,Manca autorizz,IN ATTESA,NON NECESSARIO,NON NECESSARIO,,,NO,IN ATTESA,NOT STARTED
778,NO DIG,BG,BREMBATE,7,45,COMUNE,,196.43,45_1,7,TR_0778,Manca autorizz,IN ATTESA,NON NECESSARIO,NON NECESSARIO,,,NO,IN ATTESA,NOT STARTED
779,NO DIG,BG,BREMBATE,7,45,COMUNE,,40.08,45_1,7,TR_0779,Manca autorizz,IN ATTESA,NON NECESSARIO,NON NECESSARIO,,,NO,IN ATTESA,NOT STARTED
780,NO DIG,BG,AZZANO SAN PAOLO,6,2,PROVINCIA DI BERGAMO,,108.23,2_1,7,TR_0780,Manca autorizz,IN ATTESA,NON NECESSARIO,NON NECESSARIO,,,NO,IN ATTESA,NOT STARTED
781,NO DIG,MI,CASSANO D'ADDA,3,6,PROVINCIA DI CREMONA,AUTOSTRADE,66.1,6_2,4,TR_0781,Manca autorizz,IN ATTESA,NON NECESSARIO,NON NECESSARIO,,,NO,IN ATTESA,NOT STARTED
782,NO DIG,MI,CASSANO D'ADDA,3,6,PROVINCIA DI CREMONA,,193.94,6_2,4,TR_0782,Manca autorizz,IN ATTESA,NON NECESSARIO,NON NECESSARIO,,,NO,IN ATTESA,NOT STARTED
783,NO DIG,MI,CASSANO D'ADDA,3,6,PROVINCIA DI CREMONA,RFI,43.29,6_2,4,TR_0783,Manca autorizz,IN ATTESA,NON NECESSARIO,NON NECESSARIO,,,NO,IN ATTESA,NOT STARTED
784,NO DIG,MI,CASSANO D'ADDA,3,6,PROVINCIA DI CREMONA,,34.42,6_2,4,TR_0784,Manca autorizz,IN ATTESA,NON NECESSARIO,NON NECESSARIO,,,NO,IN ATTESA,NOT STARTED
785,NO DIG,BG,LEVATE,3,6,PROVINCIA DI BERGAMO,,161.83,6_2,4,TR_0785,Manca autorizz,IN ATTESA,NON NECESSARIO,NON NECESSARIO,,,NO,IN ATTESA,NOT STARTED
786,NO DIG,BG,ZANICA,7,38,ANAS,,696.69,38,7,TR_0786,Manca autorizz,IN ATTESA,NON NECESSARIO,NON NECESSARIO,,,NO,IN ATTESA,NOT STARTED
787,NO DIG,BG,ZANICA,6,50,COMUNE,,740.23,50,7,TR_0787,Manca autorizz,IN ATTESA,NON NECESSARIO,NON NECESSARIO,,,NO,IN ATTESA,NOT STARTED
788,NO DIG,BG,ZANICA,6,50,ANAS,,68.6,50,7,TR_0788,Manca autorizz,IN ATTESA,NON NECESSARIO,NON NECESSARIO,,,NO,IN ATTESA,NOT STARTED
789,NO DIG,BG,ZANICA,7,38,ANAS,,101.24,38,7,TR_0789,Manca autorizz,IN ATTESA,NON NECESSARIO,NON NECESSARIO,,,NO,IN ATTESA,NOT STARTED
791,NO DIG,BG,ZANICA,6,2,ANAS,,336.59,2_1,7,TR_0791,Manca autorizz,IN ATTESA,NON NECESSARIO,NON NECESSARIO,,,NO,IN ATTESA,NOT STARTED
792,SCAVO,BG,BERGAMO,3,3,COMUNE,,439.24,3_2_1,1,TR_0792,Manca autorizz,IN ATTESA,NON NECESSARIO,NON NECESSARIO,,,NO,IN ATTESA,NOT STARTED
793,NO DIG,MI,SIZIANO,2,7,COMUNE DI SIZIANO,,693.54,7_1,2B,TR_0793,,OTTENUTO,NON NECESSARIO,NON NECESSARIO,,AUT/11/2B,SI,OTTENUTO,ON GOING
794,NO DIG,MI,BINASCO,2,10,PROVINCIA DI MILANO,,446.86,10,2B,TR_0794,,OTTENUTO,NON NECESSARIO,NON NECESSARIO,2026/03/24,AUT/2/2B,SI,OTTENUTO,APPROVAL
795,NO DIG,MI,CARPIANO,3,8,PROVINCIA DI MILANO,,16.24,8_2,5,TR_0795,Manca autorizz,IN ATTESA,NON NECESSARIO,NON NECESSARIO,,,NO,IN ATTESA,NOT STARTED
796,SCAVO,MI,RHO,1,9,COMUNE DI RHO,,867.48,9_3,1A,TR_0796,Manca autorizz,PROTOCOLLATO,NON NECESSARIO,NON NECESSARIO,2026/03/27,AUT/20/1A,NO,PROTOCOLLATO,ON GOING
797,SCAVO,MI,MILANO,3,14,COMUNE,,581.09,14_2,5,TR_0797,Manca autorizz,IN ATTESA,NON NECESSARIO,NON NECESSARIO,,,NO,IN ATTESA,NOT STARTED
798,NO DIG,MI,SETTIMO MILANESE,1,16,COMUNE DI SETTIMO MILANESE,,220.91,16_1,1B,TR_0798,Manca autorizz,PROTOCOLLATO INTEGRAZIONE,NON NECESSARIO,NON NECESSARIO,2026/03/05,AUT/1/1B,NO,PROTOCOLLATO INTEGRAZIONE,DENIED
799,NO DIG,MI,MILANO,3,17,ANAS,,22.35,17_1,6,TR_0799,Manca autorizz,IN ATTESA,NON NECESSARIO,NON NECESSARIO,,,NO,IN ATTESA,NOT STARTED
800,SCAVO,MI,PERO,3,18,COMUNE DI PERO,SATAP,95.17,18,1A,TR_0800,Manca autorizz | Manca nulla osta,PROTOCOLLATO,PROTOCOLLATO INTEGRAZIONE,NON NECESSARIO,2026/05/13,AUT/24/1A | NO/21/1A,NO,PROTOCOLLATO,ON GOING
801,SCAVO,MI,PERO,3,18,COMUNE DI PERO,,282.98,18,1A,TR_0801,Manca autorizz,PROTOCOLLATO,NON NECESSARIO,NON NECESSARIO,2026/05/13,AUT/24/1A,NO,PROTOCOLLATO,ON GOING
802,NO DIG,MI,PERO,4,19,COMUNE,,48.37,19,6,TR_0802,Manca autorizz,IN ATTESA,NON NECESSARIO,NON NECESSARIO,,,NO,IN ATTESA,NOT STARTED
803,SCAVO,MI,PERO,3,5,COMUNE,,39.64,5,3,TR_0803,Manca autorizz,IN ATTESA,NON NECESSARIO,NON NECESSARIO,,,NO,IN ATTESA,NOT STARTED
804,SCAVO,BG,BERGAMO,3,42,COMUNE,,22.43,42,1,TR_0804,Manca autorizz,IN ATTESA,NON NECESSARIO,NON NECESSARIO,,,NO,IN ATTESA,NOT STARTED
805,NO DIG,BG,FILAGO,7,45,PROVINCIA DI BERGAMO,,617.61,45_1,7,TR_0805,Manca autorizz,IN ATTESA,NON NECESSARIO,NON NECESSARIO,,,NO,IN ATTESA,NOT STARTED
806,NO DIG,BG,CAPRIATE SAN GERVASIO,7,45,PROVINCIA DI BERGAMO,,230.92,45_1,7,TR_0806,Manca autorizz,IN ATTESA,NON NECESSARIO,NON NECESSARIO,,,NO,IN ATTESA,NOT STARTED
807,NO DIG,BG,ZANICA,6,51,COMUNE,,187.98,51,7,TR_0807,Manca autorizz,IN ATTESA,NON NECESSARIO,NON NECESSARIO,,,NO,IN ATTESA,NOT STARTED
810,NO DIG,MI,BINASCO,2,10,PROVINCIA DI MILANO,VILLORESI,107.15,10,2B,TR_0810,Manca nulla osta,OTTENUTO,NECESSARIA INTEGRAZIONE,NON NECESSARIO,,AUT/2/2B | NO/6/2B,NO,OTTENUTO,APPROVAL
811,NO DIG,MI,BINASCO,2,10,PROVINCIA DI MILANO,,52.55,10,2B,TR_0811,,OTTENUTO,NON NECESSARIO,NON NECESSARIO,2026/03/30,AUT/10/2B,SI,OTTENUTO,APPROVAL
812,NO DIG,MI,ZIBIDO SAN GIACOMO,2,10,PROVINCIA DI MILANO,,898.74,10,2B,TR_0385,,OTTENUTO,NON NECESSARIO,NON NECESSARIO,2026/03/24,AUT/2/2B,SI,OTTENUTO,APPROVAL
813,SCAVO,MI,CORNAREDO,1,23,COMUNE DI CORNAREDO,,79.11,23,1A,TR_0813,Manca autorizz,INVIATO,NON NECESSARIO,NON NECESSARIO,,AUT/1/1A,NO,INVIATO,ON GOING
814,SCAVO,MI,CORNAREDO,1,23,PROVINCIA DI MILANO,,326.49,23,1A,TR_0814,Manca autorizz,NECESSARIA INTEGRAZIONE,NON NECESSARIO,NON NECESSARIO,2026/03/24,AUT/3/1A,NO,NECESSARIA INTEGRAZIONE,ON GOING
815,NO DIG,MI,BASIGLIO,2,13,COMUNE DI BASIGLIO,,1133.16,13_1,2A,TR_0815,Manca autorizz | Manca nulla osta,PROTOCOLLATO INTEGRAZIONE,INVIATO,NON NECESSARIO,2026/03/17,AUT/1/2A | NO/14/2A,NO,PROTOCOLLATO INTEGRAZIONE,ON GOING
816,SCAVO,MI,RHO,1,22,COMUNE DI RHO,AIPO,33.51,22,1A,TR_0816,Manca autorizz | Manca nulla osta,PROTOCOLLATO,PROTOCOLLATO,NON NECESSARIO,2026/03/27,AUT/20/1A | NO/16/1A,NO,PROTOCOLLATO,ON GOING
817,SCAVO,MI,RHO,1,22,COMUNE DI RHO,,91.49,22,1A,TR_0817,Manca autorizz,PROTOCOLLATO,NON NECESSARIO,NON NECESSARIO,2026/03/27,AUT/20/1A,NO,PROTOCOLLATO,ON GOING
818,NO DIG,PV,SIZIANO,2,13,PROVINCIA DI PAVIA,AIPO,13.83,13_2,2A,TR_0818,Manca autorizz | Manca nulla osta,PROTOCOLLATO INTEGRAZIONE,INVIATO,NON NECESSARIO,2026/04/27,AUT/11/2A | NO/13/2A,NO,PROTOCOLLATO INTEGRAZIONE,ON GOING
822,SCAVO,BG,OSIO SOTTO,3,4,COMUNE,,1910.52,4_2_1,1,TR_0290,Manca autorizz,IN ATTESA,NON NECESSARIO,NON NECESSARIO,,,NO,IN ATTESA,NOT STARTED
823,NO DIG,BG,BOLTIERE,3,4,PROVINCIA DI BERGAMO,,100.62,4_2_1,1,TR_0005,Manca autorizz,IN ATTESA,NON NECESSARIO,NON NECESSARIO,,,NO,IN ATTESA,NOT STARTED
826,NO DIG,PV,SIZIANO,2,7,PROVINCIA DI PAVIA,COMUNE,31.15,7_1,2B,TR_0826,Manca autorizz,PROTOCOLLATO,NON NECESSARIO,NON NECESSARIO,2026/06/16,AUT/14/2B,NO,PROTOCOLLATO,ON GOING
